user_id,original_lon,original_lat,anonymized_lon,anonymized_lat,timestamp,cluster_id
20,39.9751616666667,116.319621666667,39.98391696977997,116.3644588585819,2011-09-04 14:41:06,0
119,39.954078,116.493382,39.98391696977997,116.3644588585819,2008-08-04 17:01:21,0
4,39.941662,116.455956,39.98391696977997,116.3644588585819,2009-02-23 02:43:03,0
58,39.9783883333333,116.308788333333,39.98391696977997,116.3644588585819,2011-08-30 00:45:25,0
52,39.985108,116.352566,39.98391696977997,116.3644588585819,2008-06-04 18:42:55,0
96,40.008075,116.319242,39.98391696977997,116.3644588585819,2008-08-27 14:00:04,0
153,39.981014802,116.303548548,39.98391696977997,116.3644588585819,2012-04-08 18:39:31,0
42,39.8852049,116.3424716,39.98391696977997,116.3644588585819,2009-03-26 02:46:09,0
9,39.999633,116.341169,39.98391696977997,116.3644588585819,2008-12-10 00:27:06,0
85,40.067042,116.404917,39.98391696977997,116.3644588585819,2009-09-11 15:40:51,0
141,39.9755183333333,116.327575,39.98391696977997,116.3644588585819,2011-08-29 10:43:02,0
122,39.968094,116.399576,39.98391696977997,116.3644588585819,2009-05-24 22:13:29,0
71,39.986355,116.373398333333,39.98391696977997,116.3644588585819,2012-05-05 10:01:22,0
153,39.931585,116.456207,39.98391696977997,116.3644588585819,2008-10-03 13:19:29,0
153,39.961304,116.476313,39.98391696977997,116.3644588585819,2009-10-11 10:39:06,0
165,39.979735,116.308686666667,39.98391696977997,116.3644588585819,2011-11-19 08:25:10,0
39,39.978956,116.341634,39.98391696977997,116.3644588585819,2009-07-11 08:13:47,0
25,39.9787683,116.3108316,39.98391696977997,116.3644588585819,2009-05-26 06:00:19,0
17,39.9612949,116.2690316,39.98391696977997,116.3644588585819,2009-04-16 10:07:08,0
35,39.9841,116.317581,39.98391696977997,116.3644588585819,2009-02-26 22:07:58,0
85,39.981373,116.327521,39.98391696977997,116.3644588585819,2008-11-16 03:49:58,0
96,39.975058,116.341853,39.98391696977997,116.3644588585819,2008-11-17 06:23:28,0
10,40.068633,116.363776,39.98391696977997,116.3644588585819,2008-08-01 03:12:03,0
142,39.944353,116.294185,39.98391696977997,116.3644588585819,2010-06-25 11:33:05,0
38,39.9684366,116.3099683,39.98391696977997,116.3644588585819,2009-03-09 01:58:37,0
22,39.965327,116.314966,39.98391696977997,116.3644588585819,2009-03-21 07:49:14,0
41,39.8657416,116.3025,39.98391696977997,116.3644588585819,2009-05-07 02:20:52,0
52,39.98663,116.392583,39.98391696977997,116.3644588585819,2008-07-09 21:25:20,0
41,40.3191516,116.7784116,39.98391696977997,116.3644588585819,2009-03-21 05:15:25,0
128,40.2756599,116.3785883,39.98391696977997,116.3644588585819,2010-05-30 06:06:27,0
0,40.000656,116.327165,39.98391696977997,116.3644588585819,2009-05-08 02:08:12,0
101,40.3218649,116.3077416,39.98391696977997,116.3644588585819,2007-12-22 21:27:39,0
128,40.2308366,116.5170849,39.98391696977997,116.3644588585819,2009-06-14 00:49:17,0
128,40.0957483,116.2898066,39.98391696977997,116.3644588585819,2008-05-18 08:20:09,0
153,39.784803,116.186815,39.98391696977997,116.3644588585819,2011-05-02 12:30:45,0
128,40.0121983,116.3551666,39.98391696977997,116.3644588585819,2009-07-31 13:06:20,0
115,40.0137916,116.4718966,39.98391696977997,116.3644588585819,2008-05-28 09:41:39,0
68,39.972437,116.418968,39.98391696977997,116.3644588585819,2008-11-08 06:50:15,0
35,39.977486,116.327111,39.98391696977997,116.3644588585819,2009-04-02 06:30:32,0
168,40.069232,116.328474,39.98391696977997,116.3644588585819,2009-10-08 23:17:49,0
13,39.967113,116.389916,39.98391696977997,116.3644588585819,2008-11-03 09:55:37,0
128,39.9459383,116.3356949,39.98391696977997,116.3644588585819,2008-05-04 07:00:48,0
22,39.970808,116.304037,39.98391696977997,116.3644588585819,2009-02-07 00:03:23,0
8,39.981352,116.327405,39.98391696977997,116.3644588585819,2008-12-01 05:58:26,0
52,39.985155,116.353667,39.98391696977997,116.3644588585819,2008-06-09 12:48:45,0
68,39.956607,116.418479,39.98391696977997,116.3644588585819,2009-01-02 02:27:15,0
167,39.974905,116.315105,39.98391696977997,116.3644588585819,2008-10-19 13:04:27,0
144,39.8862149,116.1225949,39.98391696977997,116.3644588585819,2009-02-20 23:34:56,0
156,39.867011,116.491188,39.98391696977997,116.3644588585819,2009-07-11 04:00:21,0
153,40.217451,116.214552,39.98391696977997,116.3644588585819,2009-07-09 06:28:12,0
25,39.9843399,116.3108516,39.98391696977997,116.3644588585819,2009-05-06 13:08:06,0
4,39.994834,116.326361,39.98391696977997,116.3644588585819,2009-01-01 10:43:52,0
167,39.96063,116.413482,39.98391696977997,116.3644588585819,2008-07-06 12:10:46,0
3,40.009889,116.322583,39.98391696977997,116.3644588585819,2008-12-22 04:06:13,0
36,39.972134,116.338682,39.98391696977997,116.3644588585819,2009-04-05 11:51:02,0
17,39.9647516,116.3740733,39.98391696977997,116.3644588585819,2008-12-02 06:38:16,0
35,39.981885,116.321132,39.98391696977997,116.3644588585819,2009-03-19 09:58:55,0
52,39.989528,116.307343,39.98391696977997,116.3644588585819,2008-05-25 07:19:11,0
141,39.9833866666667,116.29882,39.98391696977997,116.3644588585819,2011-09-18 09:33:43,0
163,39.966126,116.320998,39.98391696977997,116.3644588585819,2010-02-19 02:52:49,0
78,40.014499,116.542993,39.98391696977997,116.3644588585819,2008-05-30 08:30:41,0
153,39.98258,116.450781,39.98391696977997,116.3644588585819,2010-06-25 00:02:09,0
35,39.977407,116.327626,39.98391696977997,116.3644588585819,2009-04-03 06:44:52,0
59,39.975415,116.324238333333,39.98391696977997,116.3644588585819,2011-08-29 10:38:27,0
17,39.9869883,116.4000066,39.98391696977997,116.3644588585819,2009-06-11 07:18:02,0
128,40.0763666,116.3227649,39.98391696977997,116.3644588585819,2010-11-15 00:40:06,0
17,39.9250149,116.3436516,39.98391696977997,116.3644588585819,2008-12-26 05:28:33,0
17,39.9693683,116.3320966,39.98391696977997,116.3644588585819,2009-01-15 10:55:46,0
50,39.8962364166667,116.306320183333,39.98391696977997,116.3644588585819,2009-08-04 10:25:14,0
17,39.9850716,116.3392949,39.98391696977997,116.3644588585819,2009-04-02 11:25:46,0
163,39.985627,116.44807,39.98391696977997,116.3644588585819,2010-10-29 18:46:33,0
41,39.9750733,116.3818199,39.98391696977997,116.3644588585819,2009-06-24 05:28:06,0
128,39.9989533,116.2676666,39.98391696977997,116.3644588585819,2008-12-18 08:54:54,0
163,39.96776,116.409085,39.98391696977997,116.3644588585819,2008-05-11 14:13:30,0
10,40.335993,116.028098,39.98391696977997,116.3644588585819,2009-03-07 06:14:09,0
13,39.975314,116.332438,39.98391696977997,116.3644588585819,2009-02-15 06:33:59,0
126,40.004887,116.320611,39.98391696977997,116.3644588585819,2008-10-16 10:28:32,0
50,39.99448395,116.1990509,39.98391696977997,116.3644588585819,2009-07-31 14:31:30,0
70,39.838127,116.672506,39.98391696977997,116.3644588585819,2008-09-28 07:48:06,0
25,39.9148433,116.4662316,39.98391696977997,116.3644588585819,2008-12-19 03:14:09,0
36,39.976141,116.337458,39.98391696977997,116.3644588585819,2009-04-12 17:36:24,0
36,39.97677,116.339432,39.98391696977997,116.3644588585819,2009-03-22 16:39:40,0
78,39.9724616,116.3268216,39.98391696977997,116.3644588585819,2008-05-07 23:00:22,0
41,40.48216,116.8125783,39.98391696977997,116.3644588585819,2009-06-07 00:38:43,0
41,39.8964566,116.3379116,39.98391696977997,116.3644588585819,2009-03-13 02:11:15,0
41,39.9204433,116.3040983,39.98391696977997,116.3644588585819,2009-02-25 07:36:36,0
85,39.982309,116.309465,39.98391696977997,116.3644588585819,2008-10-16 03:39:35,0
153,40.03423572,116.589915695,39.98391696977997,116.3644588585819,2012-01-15 17:12:53,0
96,40.001014,116.324593,39.98391696977997,116.3644588585819,2008-10-27 15:38:45,0
128,39.9673349,116.3433166,39.98391696977997,116.3644588585819,2009-03-11 13:34:12,0
68,39.941707,116.419357,39.98391696977997,116.3644588585819,2009-03-11 06:16:26,0
84,39.988325,116.431378,39.98391696977997,116.3644588585819,2008-08-03 09:38:39,0
128,40.0762716,116.3246783,39.98391696977997,116.3644588585819,2008-05-16 14:27:51,0
64,39.998373,116.385627,39.98391696977997,116.3644588585819,2008-08-16 08:09:34,0
65,39.94346,116.099696666667,39.98391696977997,116.3644588585819,2011-10-05 07:41:42,0
85,39.912433,116.334449,39.98391696977997,116.3644588585819,2009-03-06 11:17:08,0
147,39.975192,116.341556,39.98391696977997,116.3644588585819,2011-05-15 09:36:58,0
2,39.915435,116.339504,39.98391696977997,116.3644588585819,2009-02-07 08:11:50,0
128,39.981935,116.3244966,39.98391696977997,116.3644588585819,2010-07-20 09:52:50,0
38,40.38953,116.8425899,39.98391696977997,116.3644588585819,2009-03-22 08:59:50,0
39,40.072537,116.413099,39.98391696977997,116.3644588585819,2009-05-25 00:02:56,0
22,39.973211,116.333922,39.98391696977997,116.3644588585819,2009-03-07 03:25:21,0
41,39.8961749,116.2678349,39.98391696977997,116.3644588585819,2009-03-09 11:42:17,0
122,40.507429,117.068889,39.98391696977997,116.3644588585819,2009-09-02 14:44:30,0
153,39.93599,116.455872,39.98391696977997,116.3644588585819,2009-08-06 05:19:40,0
112,39.9730566,116.3274849,39.98391696977997,116.3644588585819,2008-06-03 01:46:35,0
44,40.037409,116.309906,39.98391696977997,116.3644588585819,2009-03-08 23:38:37,0
65,40.023675,116.346223333333,39.98391696977997,116.3644588585819,2011-08-28 07:37:41,0
85,39.975646,116.327262,39.98391696977997,116.3644588585819,2008-11-08 06:22:31,0
42,39.6918516,116.3418283,39.98391696977997,116.3644588585819,2009-03-23 07:01:28,0
30,40.00045,116.325098,39.98391696977997,116.3644588585819,2009-02-15 05:45:56,0
163,39.982776,116.443314,39.98391696977997,116.3644588585819,2010-07-10 11:21:19,0
41,40.0111999,116.2734099,39.98391696977997,116.3644588585819,2009-07-08 23:36:12,0
17,39.9846266,116.3265583,39.98391696977997,116.3644588585819,2009-04-11 00:39:37,0
92,39.9697616,116.3033649,39.98391696977997,116.3644588585819,2008-06-21 13:29:12,0
52,39.9844,116.311583333333,39.98391696977997,116.3644588585819,2008-02-23 04:41:56,0
41,39.8706416,116.4023499,39.98391696977997,116.3644588585819,2009-06-01 06:13:47,0
16,39.975019,116.324226,39.98391696977997,116.3644588585819,2008-10-31 01:15:30,0
71,39.97725,116.342911666667,39.98391696977997,116.3644588585819,2012-04-07 11:29:56,0
25,39.9456266,116.4021883,39.98391696977997,116.3644588585819,2009-06-20 00:56:10,0
36,39.557077,116.751672,39.98391696977997,116.3644588585819,2009-02-18 07:03:46,0
92,39.9713266,116.3035733,39.98391696977997,116.3644588585819,2008-07-24 02:41:54,0
13,39.969808,116.374911,39.98391696977997,116.3644588585819,2008-11-10 23:47:48,0
22,40.060288,116.182194,39.98391696977997,116.3644588585819,2009-06-29 08:15:10,0
153,39.894271,116.454514,39.98391696977997,116.3644588585819,2008-11-24 07:16:04,0
167,39.980073,116.310941,39.98391696977997,116.3644588585819,2008-05-21 10:11:31,0
68,39.963721,116.268479,39.98391696977997,116.3644588585819,2009-08-05 19:17:24,0
153,39.972493925,116.441546544,39.98391696977997,116.3644588585819,2012-04-07 12:05:00,0
14,39.9862266,116.38022,39.98391696977997,116.3644588585819,2009-02-27 04:24:29,0
113,39.998928,116.380496,39.98391696977997,116.3644588585819,2010-05-27 01:13:19,0
141,39.975135,116.315953333333,39.98391696977997,116.3644588585819,2011-08-29 10:29:40,0
3,39.952409,116.801798,39.98391696977997,116.3644588585819,2009-04-25 18:08:24,0
58,40.0337433333333,116.313331666667,39.98391696977997,116.3644588585819,2011-03-10 01:39:04,0
24,40.039065,116.325304,39.98391696977997,116.3644588585819,2009-02-04 10:38:14,0
3,40.007667,116.319727,39.98391696977997,116.3644588585819,2009-01-08 07:04:41,0
65,39.9751833333333,116.321111666667,39.98391696977997,116.3644588585819,2011-09-05 11:05:24,0
41,39.7145616,116.1030099,39.98391696977997,116.3644588585819,2009-05-05 02:27:53,0
50,39.8651847833333,116.295349116667,39.98391696977997,116.3644588585819,2009-08-06 06:43:20,0
126,39.960844,116.418377,39.98391696977997,116.3644588585819,2008-07-06 12:12:42,0
74,39.9751283333333,116.329183333333,39.98391696977997,116.3644588585819,2012-03-03 12:30:13,0
29,39.85561,116.392509,39.98391696977997,116.3644588585819,2009-01-18 23:40:45,0
92,39.9725166,116.3090283,39.98391696977997,116.3644588585819,2008-03-10 08:23:23,0
167,39.995924,116.32659,39.98391696977997,116.3644588585819,2008-05-22 16:08:44,0
153,39.945529,116.467548,39.98391696977997,116.3644588585819,2009-07-20 12:04:33,0
41,39.7918116,116.6848916,39.98391696977997,116.3644588585819,2009-05-18 08:48:42,0
122,39.992291,116.212394,39.98391696977997,116.3644588585819,2009-05-28 15:37:49,0
4,39.991401,116.325032,39.98391696977997,116.3644588585819,2009-05-10 13:23:22,0
128,39.9480466,116.4660283,39.98391696977997,116.3644588585819,2008-05-14 14:22:58,0
8,39.956642,116.354498,39.98391696977997,116.3644588585819,2008-11-18 01:55:12,0
122,40.001074,116.401312,39.98391696977997,116.3644588585819,2009-09-20 10:32:47,0
168,39.947724,116.396966,39.98391696977997,116.3644588585819,2011-08-09 23:08:07,0
2,39.926407,116.336815,39.98391696977997,116.3644588585819,2009-03-19 14:46:29,0
39,39.88904,116.454685,39.98391696977997,116.3644588585819,2009-06-16 11:04:24,0
17,40.0097466,116.3371649,39.98391696977997,116.3644588585819,2008-10-31 09:36:18,0
153,39.96697,116.345244,39.98391696977997,116.3644588585819,2008-08-07 15:40:31,0
144,39.9758883,116.3110083,39.98391696977997,116.3644588585819,2008-12-03 00:40:08,0
16,39.973637,116.337744,39.98391696977997,116.3644588585819,2008-12-10 13:57:21,0
165,39.9742333333333,116.327588333333,39.98391696977997,116.3644588585819,2011-11-14 01:12:02,0
168,40.038043,116.405384,39.98391696977997,116.3644588585819,2011-07-06 13:56:11,0
37,39.9805549,116.2554716,39.98391696977997,116.3644588585819,2009-03-12 10:56:56,0
14,39.9849266,116.3266466,39.98391696977997,116.3644588585819,2009-03-12 00:30:06,0
37,39.8786066,116.4616316,39.98391696977997,116.3644588585819,2009-07-11 09:14:28,0
140,39.9749499,116.3052216,39.98391696977997,116.3644588585819,2008-09-13 11:00:29,0
153,40.357005,115.999843,39.98391696977997,116.3644588585819,2009-07-09 03:24:27,0
141,39.9752583333333,116.3268,39.98391696977997,116.3644588585819,2011-08-30 00:21:08,0
41,39.8710566,116.2504766,39.98391696977997,116.3644588585819,2009-04-10 00:30:47,0
153,39.906175,116.329921,39.98391696977997,116.3644588585819,2011-02-03 12:25:21,0
167,39.98139,116.327423,39.98391696977997,116.3644588585819,2008-10-17 10:10:29,0
42,39.7559483,116.2708083,39.98391696977997,116.3644588585819,2009-02-10 05:58:24,0
85,39.93698,116.323853,39.98391696977997,116.3644588585819,2008-11-08 06:44:43,0
168,39.984594,116.318654,39.98391696977997,116.3644588585819,2011-08-08 02:34:37,0
68,39.988901,116.418284,39.98391696977997,116.3644588585819,2009-06-03 12:40:37,0
167,39.97929,116.327337,39.98391696977997,116.3644588585819,2008-07-21 11:23:55,0
62,39.9867383,116.3926283,39.98391696977997,116.3644588585819,2008-09-14 09:48:15,0
65,39.9749,116.305575,39.98391696977997,116.3644588585819,2011-09-18 23:58:37,0
130,39.966246,116.35016,39.98391696977997,116.3644588585819,2009-09-11 18:59:12,0
4,39.999721,116.322208,39.98391696977997,116.3644588585819,2009-05-11 09:35:52,0
163,40.034961,116.34619,39.98391696977997,116.3644588585819,2011-03-13 04:24:06,0
17,40.93363,117.3338116,39.98391696977997,116.3644588585819,2009-01-27 02:36:23,0
6,39.980985,116.339335,39.98391696977997,116.3644588585819,2008-11-21 15:25:03,0
144,40.04224,116.4277683,39.98391696977997,116.3644588585819,2008-09-24 00:09:25,0
11,39.9835283,116.3491816,39.98391696977997,116.3644588585819,2008-10-11 08:17:21,0
142,40.093323,116.290223,39.98391696977997,116.3644588585819,2010-06-15 10:09:01,0
167,39.881985,116.406607,39.98391696977997,116.3644588585819,2008-10-18 07:46:05,0
74,39.9866433333333,116.395235,39.98391696977997,116.3644588585819,2012-02-08 06:30:27,0
0,39.958513,116.316188,39.98391696977997,116.3644588585819,2008-11-13 07:58:32,0
35,39.974977,116.339369,39.98391696977997,116.3644588585819,2009-03-06 00:47:19,0
85,39.9805,116.327744,39.98391696977997,116.3644588585819,2008-05-30 17:29:33,0
84,40.356024,116.002627,39.98391696977997,116.3644588585819,2008-11-29 09:13:34,0
17,39.9671766,116.392755,39.98391696977997,116.3644588585819,2009-05-15 06:13:38,0
38,39.9200066,116.3119483,39.98391696977997,116.3644588585819,2009-02-09 02:41:50,0
68,39.973856,116.411492,39.98391696977997,116.3644588585819,2009-07-19 03:24:05,0
116,39.974949687,116.313507531,39.98391696977997,116.3644588585819,2011-08-02 09:26:37,0
119,39.932361,116.469441,39.98391696977997,116.3644588585819,2008-08-20 07:56:11,0
128,39.984905,116.3273866,39.98391696977997,116.3644588585819,2009-08-21 01:35:15,0
167,40.176798,116.411169,39.98391696977997,116.3644588585819,2008-10-12 02:16:26,0
68,39.908497,116.420715,39.98391696977997,116.3644588585819,2009-07-28 04:35:49,0
36,39.981443,116.337431,39.98391696977997,116.3644588585819,2009-03-14 14:52:30,0
35,39.98185,116.321459,39.98391696977997,116.3644588585819,2009-03-01 23:39:45,0
25,39.9807716,116.3107599,39.98391696977997,116.3644588585819,2009-06-06 01:08:20,0
28,39.946857,116.125555,39.98391696977997,116.3644588585819,2009-04-13 11:04:02,0
96,40.0082,116.319363,39.98391696977997,116.3644588585819,2008-09-07 22:50:34,0
155,39.877923,116.454946,39.98391696977997,116.3644588585819,2009-07-11 06:33:33,0
40,39.950963,116.362382,39.98391696977997,116.3644588585819,2009-03-23 23:26:32,0
41,39.8332933,116.4596083,39.98391696977997,116.3644588585819,2009-03-30 02:45:29,0
104,39.9637233,116.2844033,39.98391696977997,116.3644588585819,2008-10-02 11:58:57,0
163,39.961823,116.454262,39.98391696977997,116.3644588585819,2010-10-16 12:16:56,0
3,39.906882,116.481273,39.98391696977997,116.3644588585819,2009-04-14 12:41:01,0
128,39.9755199,116.3337466,39.98391696977997,116.3644588585819,2010-04-18 12:32:16,0
39,40.065262,116.406475,39.98391696977997,116.3644588585819,2009-05-21 00:20:49,0
141,39.978285,116.302321666667,39.98391696977997,116.3644588585819,2011-09-05 00:56:38,0
168,39.966508,116.340653,39.98391696977997,116.3644588585819,2011-07-23 08:53:29,0
37,39.9359133,116.455365,39.98391696977997,116.3644588585819,2009-07-10 09:00:05,0
33,39.951943,116.360803,39.98391696977997,116.3644588585819,2009-01-11 20:51:04,0
68,39.968901,116.419511,39.98391696977997,116.3644588585819,2009-07-06 09:58:07,0
3,39.882174,116.406546,39.98391696977997,116.3644588585819,2009-01-01 06:53:40,0
65,40.0003033333333,116.326486666667,39.98391696977997,116.3644588585819,2011-09-19 04:12:59,0
52,39.981081,116.30685,39.98391696977997,116.3644588585819,2008-07-09 17:29:12,0
82,40.037194,116.310819,39.98391696977997,116.3644588585819,2009-04-08 01:09:09,0
33,39.971405,116.333942,39.98391696977997,116.3644588585819,2009-01-12 11:49:45,0
42,39.6984832,116.3311783,39.98391696977997,116.3644588585819,2009-03-17 06:43:57,0
67,39.975305,116.329355,39.98391696977997,116.3644588585819,2010-12-14 13:51:19,0
174,39.9832333333333,116.310233333333,39.98391696977997,116.3644588585819,2008-06-29 08:32:26,0
39,40.038943,116.325164,39.98391696977997,116.3644588585819,2009-06-09 23:20:16,0
168,39.986962,116.391573,39.98391696977997,116.3644588585819,2011-07-21 00:57:58,0
163,39.934755,116.349423,39.98391696977997,116.3644588585819,2011-02-16 03:53:49,0
126,39.967522,116.417317,39.98391696977997,116.3644588585819,2008-09-29 13:07:49,0
68,39.955066,116.419056,39.98391696977997,116.3644588585819,2008-10-28 08:24:39,0
25,40.0442149,116.2950933,39.98391696977997,116.3644588585819,2009-04-24 01:59:12,0
38,39.9689216,116.3094783,39.98391696977997,116.3644588585819,2009-03-13 02:29:38,0
41,39.898875,116.2585733,39.98391696977997,116.3644588585819,2009-06-09 22:41:48,0
41,39.9342499,116.1054616,39.98391696977997,116.3644588585819,2009-05-19 05:23:08,0
153,39.772366524,116.457296875,39.98391696977997,116.3644588585819,2012-01-23 15:32:27,0
58,39.9805633333333,116.328601666667,39.98391696977997,116.3644588585819,2011-08-29 11:20:58,0
50,39.8755226166667,116.303955083333,39.98391696977997,116.3644588585819,2009-08-22 01:00:04,0
168,39.989703,116.401309,39.98391696977997,116.3644588585819,2011-06-28 22:58:39,0
141,40.3583716666667,116.003971666667,39.98391696977997,116.3644588585819,2011-10-23 03:56:18,0
5,39.977209,116.338335,39.98391696977997,116.3644588585819,2008-11-24 13:18:54,0
68,39.990357,116.417631,39.98391696977997,116.3644588585819,2008-11-02 06:58:57,0
12,39.989035,116.316195,39.98391696977997,116.3644588585819,2008-10-06 03:45:17,0
128,40.0731133,116.3284283,39.98391696977997,116.3644588585819,2010-06-07 01:02:14,0
179,40.089123,116.299519,39.98391696977997,116.3644588585819,2008-08-28 13:43:01,0
17,39.9472583,116.3690183,39.98391696977997,116.3644588585819,2009-05-31 03:31:00,0
8,39.958384,116.361005,39.98391696977997,116.3644588585819,2008-11-05 13:47:44,0
153,39.966386,116.347413,39.98391696977997,116.3644588585819,2010-02-16 05:45:34,0
24,39.988905,116.394005,39.98391696977997,116.3644588585819,2009-01-17 05:32:09,0
18,40.0354199,116.5660616,39.98391696977997,116.3644588585819,2008-12-02 04:18:17,0
41,39.88032,116.4553166,39.98391696977997,116.3644588585819,2009-03-13 05:34:46,0
2,39.925447,116.33325,39.98391696977997,116.3644588585819,2008-11-02 11:55:53,0
84,39.932432,116.430508,39.98391696977997,116.3644588585819,2008-07-24 10:29:50,0
3,40.026668,116.343629,39.98391696977997,116.3644588585819,2009-01-17 11:54:50,0
20,39.9801783333333,116.30751,39.98391696977997,116.3644588585819,2011-08-27 07:00:10,0
83,39.9895749,116.3063283,39.98391696977997,116.3644588585819,2009-03-08 19:52:34,0
3,39.975862,116.454201,39.98391696977997,116.3644588585819,2009-05-22 00:05:41,0
10,40.009116,116.506133,39.98391696977997,116.3644588585819,2008-10-03 10:44:38,0
38,39.9987033,116.3158916,39.98391696977997,116.3644588585819,2009-02-26 04:13:05,0
15,39.974339,116.333734,39.98391696977997,116.3644588585819,2008-12-11 01:15:32,0
41,39.8641966,116.267755,39.98391696977997,116.3644588585819,2009-03-03 05:49:41,0
25,39.9658316,116.3185699,39.98391696977997,116.3644588585819,2009-06-06 01:17:42,0
17,40.0306216,116.5569699,39.98391696977997,116.3644588585819,2009-04-08 09:04:22,0
140,39.9871133,116.4021866,39.98391696977997,116.3644588585819,2009-02-19 16:23:32,0
34,40.1031116,116.4042216,39.98391696977997,116.3644588585819,2009-04-11 09:08:58,0
0,39.90652,116.47472,39.98391696977997,116.3644588585819,2009-04-25 12:29:12,0
125,40.005782,116.315761,39.98391696977997,116.3644588585819,2008-09-17 04:14:45,0
22,39.984327,116.309415,39.98391696977997,116.3644588585819,2009-02-21 09:57:26,0
36,39.968052,116.410385,39.98391696977997,116.3644588585819,2009-02-21 05:23:47,0
34,40.0331266,116.293925,39.98391696977997,116.3644588585819,2009-03-21 03:23:50,0
30,40.000435,116.327056,39.98391696977997,116.3644588585819,2009-05-22 04:15:36,0
26,39.973392,116.334368,39.98391696977997,116.3644588585819,2009-02-20 11:12:44,0
128,39.9756083,116.3316766,39.98391696977997,116.3644588585819,2008-11-07 02:13:01,0
79,39.931352,116.369187,39.98391696977997,116.3644588585819,2010-05-27 01:33:45,0
84,39.934672,116.430265,39.98391696977997,116.3644588585819,2008-07-25 03:19:30,0
25,39.9820733,116.3103633,39.98391696977997,116.3644588585819,2009-06-21 01:05:20,0
41,39.8638799,116.2720666,39.98391696977997,116.3644588585819,2009-06-19 23:37:01,0
68,39.969751,116.419816,39.98391696977997,116.3644588585819,2009-03-08 12:00:54,0
128,39.9268249,116.4712383,39.98391696977997,116.3644588585819,2008-04-29 21:55:15,0
35,40.016564,116.309316,39.98391696977997,116.3644588585819,2009-04-09 13:46:11,0
7,39.984099,116.318826,39.98391696977997,116.3644588585819,2008-12-11 07:49:56,0
153,39.907759,116.471758,39.98391696977997,116.3644588585819,2009-09-08 11:06:05,0
3,40.00758,116.319733,39.98391696977997,116.3644588585819,2009-07-02 11:15:51,0
35,39.981837,116.321144,39.98391696977997,116.3644588585819,2009-03-11 07:05:06,0
68,39.982528,116.418003,39.98391696977997,116.3644588585819,2009-05-31 03:00:53,0
62,39.9874766,116.3032083,39.98391696977997,116.3644588585819,2008-10-19 01:12:00,0
22,39.973636,116.334203,39.98391696977997,116.3644588585819,2009-04-25 12:37:45,0
28,39.924849,116.154819,39.98391696977997,116.3644588585819,2009-03-19 09:53:43,0
52,39.985013,116.352691,39.98391696977997,116.3644588585819,2008-06-11 04:30:34,0
30,40.009523,116.31512,39.98391696977997,116.3644588585819,2009-03-05 05:24:02,0
141,39.9905083333333,116.305118333333,39.98391696977997,116.3644588585819,2011-10-08 10:28:59,0
156,40.055033,116.322451,39.98391696977997,116.3644588585819,2009-07-09 02:06:49,0
41,39.8301866,116.3703966,39.98391696977997,116.3644588585819,2009-05-20 07:43:36,0
153,40.198687,116.488442,39.98391696977997,116.3644588585819,2010-08-08 10:49:19,0
92,39.9680883,116.3012449,39.98391696977997,116.3644588585819,2008-05-27 12:30:16,0
19,39.9970583,116.2728583,39.98391696977997,116.3644588585819,2008-11-22 09:01:41,0
30,40.00688,116.321245,39.98391696977997,116.3644588585819,2009-02-01 10:22:21,0
41,40.328375,116.7967833,39.98391696977997,116.3644588585819,2009-03-21 05:14:18,0
20,39.97508,116.324625,39.98391696977997,116.3644588585819,2011-09-26 15:17:15,0
17,39.6033549,116.6852566,39.98391696977997,116.3644588585819,2009-05-28 04:47:37,0
153,39.925198,116.472642,39.98391696977997,116.3644588585819,2009-09-23 23:49:23,0
73,39.9719599,116.3250516,39.98391696977997,116.3644588585819,2008-08-22 13:38:08,0
167,40.102139,116.396198,39.98391696977997,116.3644588585819,2008-12-13 07:50:58,0
77,39.879522,116.41139,39.98391696977997,116.3644588585819,2009-09-20 13:39:19,0
41,39.9447049,116.2678566,39.98391696977997,116.3644588585819,2009-06-13 10:44:57,0
30,39.995266,116.326275,39.98391696977997,116.3644588585819,2009-07-19 04:18:17,0
153,39.973613,116.458128,39.98391696977997,116.3644588585819,2011-04-08 10:17:31,0
68,39.957527,116.269042,39.98391696977997,116.3644588585819,2009-08-14 19:00:16,0
25,39.9878883,116.3031816,39.98391696977997,116.3644588585819,2009-04-10 11:23:04,0
140,40.0380166,116.60905,39.98391696977997,116.3644588585819,2009-01-14 22:04:37,0
128,40.0906849,116.358365,39.98391696977997,116.3644588585819,2009-12-20 06:34:45,0
14,39.9796866,116.3250449,39.98391696977997,116.3644588585819,2008-11-06 06:26:37,0
179,39.996696,116.326851,39.98391696977997,116.3644588585819,2008-10-02 10:22:06,0
16,39.978109,116.315212,39.98391696977997,116.3644588585819,2008-11-24 07:11:47,0
68,39.970028,116.422367,39.98391696977997,116.3644588585819,2009-01-09 00:12:25,0
8,39.957106,116.360455,39.98391696977997,116.3644588585819,2008-10-26 12:20:50,0
153,40.016175,116.446394,39.98391696977997,116.3644588585819,2011-09-22 23:52:08,0
115,39.9208916,116.4838133,39.98391696977997,116.3644588585819,2008-07-06 23:30:22,0
50,39.8718338,116.3684082,39.98391696977997,116.3644588585819,2009-08-06 07:23:52,0
81,39.985732,116.349661,39.98391696977997,116.3644588585819,2008-05-23 12:37:02,0
10,39.985233,116.327176,39.98391696977997,116.3644588585819,2009-01-14 06:37:35,0
84,39.954125,116.329428,39.98391696977997,116.3644588585819,2008-09-01 00:24:17,0
46,39.941604,116.346798,39.98391696977997,116.3644588585819,2009-10-11 04:19:22,0
62,39.9873583,116.3973033,39.98391696977997,116.3644588585819,2008-08-24 05:41:09,0
153,39.975273,116.330291,39.98391696977997,116.3644588585819,2008-08-15 13:05:50,0
41,39.9178766,116.3059766,39.98391696977997,116.3644588585819,2009-03-13 10:01:14,0
68,39.969836,116.41815,39.98391696977997,116.3644588585819,2009-06-07 04:54:03,0
25,39.9847616,116.3067233,39.98391696977997,116.3644588585819,2009-04-02 12:42:49,0
153,39.985828,116.449913,39.98391696977997,116.3644588585819,2010-10-18 21:29:41,0
38,39.9865366,116.3101133,39.98391696977997,116.3644588585819,2009-02-21 12:22:40,0
78,39.97576,116.33037,39.98391696977997,116.3644588585819,2008-08-25 15:54:30,0
17,39.9857866,116.3447799,39.98391696977997,116.3644588585819,2009-02-06 00:07:52,0
14,39.9583266,116.3414516,39.98391696977997,116.3644588585819,2008-10-30 05:55:15,0
128,40.0769116,116.3264816,39.98391696977997,116.3644588585819,2008-09-10 13:50:50,0
25,39.9840266,116.3095683,39.98391696977997,116.3644588585819,2009-03-06 01:00:36,0
41,40.228745,116.1692266,39.98391696977997,116.3644588585819,2009-05-21 08:38:38,0
153,39.932542,116.477108,39.98391696977997,116.3644588585819,2009-08-09 11:15:23,0
39,39.939482,116.408639,39.98391696977997,116.3644588585819,2009-06-18 01:00:02,0
9,39.991824,116.333826,39.98391696977997,116.3644588585819,2008-12-14 08:18:47,0
145,39.970538,116.306992,39.98391696977997,116.3644588585819,2008-04-30 12:10:46,0
82,40.029929,116.314839,39.98391696977997,116.3644588585819,2009-03-19 13:57:29,0
13,39.974559,116.343902,39.98391696977997,116.3644588585819,2008-11-07 12:39:09,0
1,40.016468,116.310269,39.98391696977997,116.3644588585819,2008-12-07 10:10:58,0
50,39.9825592041016,116.29940032959,39.98391696977997,116.3644588585819,2009-08-05 12:49:45,0
153,39.98686,116.433207,39.98391696977997,116.3644588585819,2009-10-05 09:59:41,0
23,39.951243,116.310198,39.98391696977997,116.3644588585819,2009-01-13 07:51:59,0
10,39.891848,116.368331,39.98391696977997,116.3644588585819,2008-10-06 00:43:36,0
84,39.537552,116.694827,39.98391696977997,116.3644588585819,2008-11-08 12:55:27,0
25,40.0889716,116.11158,39.98391696977997,116.3644588585819,2009-03-22 01:46:17,0
144,40.0306016,116.2048883,39.98391696977997,116.3644588585819,2009-03-08 02:53:05,0
36,39.961412,116.438415,39.98391696977997,116.3644588585819,2009-02-21 02:34:57,0
85,39.980393,116.332671,39.98391696977997,116.3644588585819,2009-06-29 10:18:27,0
25,39.9875383,116.3043583,39.98391696977997,116.3644588585819,2009-04-09 12:20:02,0
36,39.906058,116.346704,39.98391696977997,116.3644588585819,2009-07-08 09:41:31,0
33,40.023974,116.516974,39.98391696977997,116.3644588585819,2009-01-15 03:23:54,0
144,40.027578,116.433614,39.98391696977997,116.3644588585819,2009-05-31 14:47:04,0
19,39.9935849,116.2743483,39.98391696977997,116.3644588585819,2008-11-22 08:54:44,0
153,40.006471713,116.503426531,39.98391696977997,116.3644588585819,2011-11-07 16:44:45,0
71,39.9802583333333,116.30572,39.98391696977997,116.3644588585819,2012-03-31 02:03:30,0
28,39.92275,116.301963,39.98391696977997,116.3644588585819,2009-02-09 23:21:56,0
17,39.8949433,116.1663416,39.98391696977997,116.3644588585819,2009-01-22 03:19:55,0
42,39.8966733,116.3360783,39.98391696977997,116.3644588585819,2009-02-12 08:05:57,0
46,39.906109,116.374866,39.98391696977997,116.3644588585819,2009-10-11 08:12:49,0
24,39.938038,116.189305,39.98391696977997,116.3644588585819,2009-05-20 05:13:53,0
179,40.08824,116.304303,39.98391696977997,116.3644588585819,2008-10-02 01:42:41,0
85,39.898836,116.340015,39.98391696977997,116.3644588585819,2008-10-20 23:22:14,0
6,39.98153,116.339173,39.98391696977997,116.3644588585819,2008-11-19 22:25:24,0
167,39.999167,116.333658,39.98391696977997,116.3644588585819,2009-02-08 01:29:58,0
16,39.964498,116.100469,39.98391696977997,116.3644588585819,2008-11-10 11:08:26,0
128,40.2040616,116.2202816,39.98391696977997,116.3644588585819,2010-10-16 09:57:46,0
25,39.9667616,116.3767333,39.98391696977997,116.3644588585819,2009-06-04 04:27:55,0
153,39.97986,116.448835,39.98391696977997,116.3644588585819,2010-05-23 23:57:09,0
62,39.9193299,116.3472699,39.98391696977997,116.3644588585819,2008-07-30 13:53:27,0
37,39.9319299,116.2867333,39.98391696977997,116.3644588585819,2009-04-17 00:43:19,0
26,40.011391,116.312301,39.98391696977997,116.3644588585819,2009-01-15 11:50:46,0
41,40.1295116,116.477725,39.98391696977997,116.3644588585819,2009-04-28 00:24:50,0
41,40.0166583,116.2794766,39.98391696977997,116.3644588585819,2009-06-24 22:20:29,0
17,40.0161516,116.3417533,39.98391696977997,116.3644588585819,2009-03-28 04:29:35,0
25,39.9933166,116.2994616,39.98391696977997,116.3644588585819,2009-04-19 08:26:17,0
165,39.9790083333333,116.307011666667,39.98391696977997,116.3644588585819,2011-11-18 01:53:23,0
85,39.900391,116.33967,39.98391696977997,116.3644588585819,2009-05-12 02:04:23,0
10,39.892563,116.368383,39.98391696977997,116.3644588585819,2008-09-26 00:24:15,0
128,40.0731216,116.3284983,39.98391696977997,116.3644588585819,2009-09-14 13:27:28,0
84,39.977141,116.330312,39.98391696977997,116.3644588585819,2008-12-04 00:52:50,0
144,40.027295,116.432935,39.98391696977997,116.3644588585819,2009-07-20 17:39:57,0
163,39.986809024,116.388808951,39.98391696977997,116.3644588585819,2012-07-10 07:45:49,0
44,39.985641,116.327323,39.98391696977997,116.3644588585819,2009-03-09 12:44:23,0
167,40.00458,116.315711,39.98391696977997,116.3644588585819,2008-05-28 10:07:50,0
50,39.9356689453125,116.331520080566,39.98391696977997,116.3644588585819,2009-08-21 18:31:52,0
167,39.9804,116.417958,39.98391696977997,116.3644588585819,2008-09-30 13:36:57,0
4,40.002494,116.317862,39.98391696977997,116.3644588585819,2008-11-07 10:45:28,0
25,40.0513316,116.15414,39.98391696977997,116.3644588585819,2009-04-21 05:13:20,0
165,39.990315,116.331791666667,39.98391696977997,116.3644588585819,2011-11-14 07:42:11,0
62,40.0350683,116.3042116,39.98391696977997,116.3644588585819,2008-11-16 08:32:11,0
3,39.998078,116.337686,39.98391696977997,116.3644588585819,2009-02-21 14:16:56,0
35,39.981859,116.321019,39.98391696977997,116.3644588585819,2009-04-09 10:23:21,0
73,39.9750283,116.3196616,39.98391696977997,116.3644588585819,2008-05-28 03:07:44,0
128,39.97497,116.3114266,39.98391696977997,116.3644588585819,2010-11-19 10:53:16,0
1,40.005435,116.317461,39.98391696977997,116.3644588585819,2008-11-12 00:07:32,0
0,39.98725,116.327115,39.98391696977997,116.3644588585819,2009-06-16 06:37:32,0
17,39.9645716,116.4097433,39.98391696977997,116.3644588585819,2008-12-05 06:34:32,0
43,39.803738,116.52856,39.98391696977997,116.3644588585819,2009-06-15 01:16:09,0
153,39.97743,116.446384,39.98391696977997,116.3644588585819,2010-08-05 00:07:40,0
25,39.9067566,116.4593483,39.98391696977997,116.3644588585819,2009-04-09 01:56:12,0
17,39.9262766,116.4280066,39.98391696977997,116.3644588585819,2008-12-04 08:05:33,0
119,39.921485,116.47245,39.98391696977997,116.3644588585819,2008-09-07 10:45:46,0
153,40.002613102,116.461571978,39.98391696977997,116.3644588585819,2011-12-24 20:42:10,0
153,39.92352,116.47224,39.98391696977997,116.3644588585819,2008-09-24 10:11:48,0
163,39.946334,116.366565,39.98391696977997,116.3644588585819,2009-08-30 05:06:51,0
3,40.000078,116.327367,39.98391696977997,116.3644588585819,2009-03-09 05:54:06,0
7,39.974307,116.334401,39.98391696977997,116.3644588585819,2008-11-06 10:23:18,0
50,39.9601097166667,116.299812316667,39.98391696977997,116.3644588585819,2009-08-04 11:58:50,0
35,39.981959,116.326966,39.98391696977997,116.3644588585819,2009-03-23 00:56:34,0
68,39.992148,116.417748,39.98391696977997,116.3644588585819,2009-05-15 06:39:26,0
34,40.0600066,116.364565,39.98391696977997,116.3644588585819,2009-04-08 00:20:48,0
140,40.0030049,116.20022,39.98391696977997,116.3644588585819,2009-03-27 05:55:49,0
30,39.942434,116.796404,39.98391696977997,116.3644588585819,2009-04-04 02:00:01,0
68,39.99546,116.41791,39.98391696977997,116.3644588585819,2009-09-02 07:30:29,0
130,39.990003,116.334378,39.98391696977997,116.3644588585819,2009-09-18 10:00:47,0
153,39.904134,116.367121,39.98391696977997,116.3644588585819,2008-11-24 08:48:24,0
2,39.92595,116.33289,39.98391696977997,116.3644588585819,2009-02-04 11:14:40,0
126,39.986316,116.418585,39.98391696977997,116.3644588585819,2009-01-15 09:55:16,0
141,40.0026116666667,116.267835,39.98391696977997,116.3644588585819,2011-10-22 05:49:37,0
16,39.974272,116.337837,39.98391696977997,116.3644588585819,2008-11-18 12:37:14,0
140,39.9230699,116.5585032,39.98391696977997,116.3644588585819,2008-08-30 05:49:26,0
153,39.913914,116.41182,39.98391696977997,116.3644588585819,2008-08-01 06:17:56,0
50,39.9938087463379,116.195297241211,39.98391696977997,116.3644588585819,2009-08-18 16:30:12,0
168,40.004554,116.393972,39.98391696977997,116.3644588585819,2011-08-20 06:32:56,0
68,39.930619,116.382802,39.98391696977997,116.3644588585819,2009-03-14 05:27:56,0
17,39.8622949,116.3673883,39.98391696977997,116.3644588585819,2009-02-25 06:00:49,0
126,39.969885,116.41989,39.98391696977997,116.3644588585819,2008-05-31 13:48:04,0
65,39.9727266666667,116.312478333333,39.98391696977997,116.3644588585819,2011-09-28 01:00:27,0
25,39.9985766,116.3049233,39.98391696977997,116.3644588585819,2008-12-24 04:14:21,0
41,40.2915566,116.5832749,39.98391696977997,116.3644588585819,2009-06-18 02:28:28,0
85,40.042236,116.306694,39.98391696977997,116.3644588585819,2009-09-07 13:42:16,0
59,39.9909583333333,116.17238,39.98391696977997,116.3644588585819,2011-03-12 05:53:44,0
112,39.9743749,116.3111933,39.98391696977997,116.3644588585819,2008-07-10 11:46:53,0
50,39.9585495,116.274322516667,39.98391696977997,116.3644588585819,2009-08-21 11:09:12,0
141,39.9745416666667,116.314523333333,39.98391696977997,116.3644588585819,2011-09-29 12:13:19,0
85,39.865587,116.346816,39.98391696977997,116.3644588585819,2008-05-22 06:37:06,0
128,40.0558733,116.3211399,39.98391696977997,116.3644588585819,2009-10-20 00:36:51,0
153,39.932772,116.459435,39.98391696977997,116.3644588585819,2009-06-15 13:45:04,0
28,39.967785,116.101583,39.98391696977997,116.3644588585819,2009-04-04 12:29:15,0
96,40.007897,116.322711,39.98391696977997,116.3644588585819,2008-10-16 03:55:22,0
17,39.97554,116.3797016,39.98391696977997,116.3644588585819,2009-04-08 06:56:32,0
65,39.9715116666667,116.31613,39.98391696977997,116.3644588585819,2011-09-08 03:47:29,0
144,40.027572,116.433737,39.98391696977997,116.3644588585819,2009-05-31 13:14:24,0
68,39.980278,116.414201,39.98391696977997,116.3644588585819,2008-10-07 13:17:08,0
9,40.002158,116.342655,39.98391696977997,116.3644588585819,2008-11-04 10:23:37,0
52,39.970837,116.305421,39.98391696977997,116.3644588585819,2008-09-02 09:24:41,0
84,39.934743,116.43007,39.98391696977997,116.3644588585819,2008-10-29 00:54:55,0
13,40.167755,116.127865,39.98391696977997,116.3644588585819,2008-10-28 22:38:32,0
52,39.983984,116.352976,39.98391696977997,116.3644588585819,2008-06-11 08:13:10,0
14,39.9703566,116.2719149,39.98391696977997,116.3644588585819,2009-01-13 09:12:45,0
13,40.167195,116.12877,39.98391696977997,116.3644588585819,2008-10-27 08:29:17,0
43,39.899857,116.686275,39.98391696977997,116.3644588585819,2009-06-09 12:44:09,0
9,39.959925,116.359115,39.98391696977997,116.3644588585819,2008-11-01 06:34:08,0
24,39.820019,116.498115,39.98391696977997,116.3644588585819,2009-02-24 01:01:42,0
22,39.973613,116.334513,39.98391696977997,116.3644588585819,2009-04-28 09:26:25,0
126,40.005498,116.321315,39.98391696977997,116.3644588585819,2008-11-27 02:11:48,0
126,40.105815,116.098794,39.98391696977997,116.3644588585819,2008-09-29 02:51:20,0
43,39.799369,116.511014,39.98391696977997,116.3644588585819,2009-06-15 04:27:04,0
2,39.927091,116.337682,39.98391696977997,116.3644588585819,2009-02-21 13:32:40,0
144,39.977123,116.374736,39.98391696977997,116.3644588585819,2009-07-28 00:45:02,0
163,39.933229,116.427881,39.98391696977997,116.3644588585819,2011-02-07 13:12:35,0
163,39.967331,116.394476,39.98391696977997,116.3644588585819,2010-02-16 05:40:54,0
15,40.008272,116.317451,39.98391696977997,116.3644588585819,2009-03-03 00:51:13,0
168,39.92602,116.319736,39.98391696977997,116.3644588585819,2011-07-12 11:23:17,0
22,39.968715,116.309431,39.98391696977997,116.3644588585819,2009-02-17 11:44:26,0
50,39.96868515,116.263465883333,39.98391696977997,116.3644588585819,2009-08-02 13:07:38,0
66,39.992043,116.439932,39.98391696977997,116.3644588585819,2009-05-27 17:09:12,0
128,40.0094866,116.48267,39.98391696977997,116.3644588585819,2010-08-07 10:04:11,0
52,39.985669,116.370824,39.98391696977997,116.3644588585819,2008-07-30 13:33:09,0
126,39.9686266,116.3135749,39.98391696977997,116.3644588585819,2008-06-29 12:16:01,0
14,39.9639916,116.3630016,39.98391696977997,116.3644588585819,2008-12-16 02:42:30,0
153,39.952045,116.462104,39.98391696977997,116.3644588585819,2009-07-29 12:03:33,0
128,39.9855266,116.188565,39.98391696977997,116.3644588585819,2010-01-09 08:08:59,0
68,39.996645,116.417131,39.98391696977997,116.3644588585819,2008-12-06 05:06:21,0
163,40.03108,116.433944,39.98391696977997,116.3644588585819,2010-12-11 06:40:08,0
163,39.98738187,116.449232312,39.98391696977997,116.3644588585819,2012-06-09 16:22:44,0
100,39.978084279,116.304245257,39.98391696977997,116.3644588585819,2011-07-31 10:36:31,0
24,40.08748,116.433595,39.98391696977997,116.3644588585819,2009-02-04 09:53:01,0
14,39.9914066,116.3242899,39.98391696977997,116.3644588585819,2009-04-07 04:09:30,0
37,39.9812616,116.2556666,39.98391696977997,116.3644588585819,2009-04-19 18:41:33,0
18,39.9012933,116.3928349,39.98391696977997,116.3644588585819,2008-11-07 04:14:42,0
2,39.907485,116.370009,39.98391696977997,116.3644588585819,2009-03-19 14:25:59,0
96,39.991247,116.334008,39.98391696977997,116.3644588585819,2008-09-07 13:51:34,0
37,39.9408516,116.4553733,39.98391696977997,116.3644588585819,2009-04-15 02:58:52,0
35,39.990403,116.330114,39.98391696977997,116.3644588585819,2009-02-26 12:22:01,0
153,39.974941,116.456046,39.98391696977997,116.3644588585819,2009-09-06 11:10:27,0
85,39.9371383,116.3246299,39.98391696977997,116.3644588585819,2008-08-31 11:43:48,0
96,40.007847,116.319245,39.98391696977997,116.3644588585819,2008-12-01 17:40:19,0
153,39.952677,116.486987,39.98391696977997,116.3644588585819,2009-03-29 07:42:50,0
144,40.0210083,116.4173099,39.98391696977997,116.3644588585819,2008-11-30 13:48:02,0
128,40.0766716,116.32612,39.98391696977997,116.3644588585819,2010-06-22 14:30:34,0
22,39.951568,116.317643,39.98391696977997,116.3644588585819,2009-06-17 13:42:30,0
163,40.031115001,116.434184854,39.98391696977997,116.3644588585819,2011-11-14 08:38:49,0
7,39.980365,116.338943,39.98391696977997,116.3644588585819,2008-11-03 10:02:44,0
78,39.975356,116.328859,39.98391696977997,116.3644588585819,2008-08-09 14:43:53,0
167,39.97529,116.362227,39.98391696977997,116.3644588585819,2008-05-30 04:00:29,0
30,39.917893,116.205624,39.98391696977997,116.3644588585819,2009-04-13 22:33:40,0
30,39.999735,116.318869,39.98391696977997,116.3644588585819,2009-02-24 00:59:12,0
39,39.890787,116.453698,39.98391696977997,116.3644588585819,2009-05-14 12:06:03,0
128,40.0694966,116.3135566,39.98391696977997,116.3644588585819,2008-07-01 01:33:54,0
17,39.9731383,116.3879966,39.98391696977997,116.3644588585819,2008-11-17 00:59:56,0
153,39.925825,116.471878,39.98391696977997,116.3644588585819,2009-02-14 11:06:28,0
30,40.004874,116.320988,39.98391696977997,116.3644588585819,2009-04-09 05:36:46,0
163,40.014417,116.1961,39.98391696977997,116.3644588585819,2010-04-18 06:10:30,0
30,40.002023,116.324744,39.98391696977997,116.3644588585819,2009-06-22 15:36:43,0
112,39.9725483,116.3269149,39.98391696977997,116.3644588585819,2008-05-08 01:27:34,0
85,40.354385,116.006471,39.98391696977997,116.3644588585819,2009-07-05 06:49:57,0
167,40.003308,116.32153,39.98391696977997,116.3644588585819,2009-01-13 04:49:30,0
172,39.9769349,116.3290683,39.98391696977997,116.3644588585819,2008-07-18 11:47:02,0
14,40.0931449,116.4782516,39.98391696977997,116.3644588585819,2008-11-16 00:55:27,0
153,39.988289,116.46897,39.98391696977997,116.3644588585819,2010-02-16 09:20:15,0
85,39.981922,116.332451,39.98391696977997,116.3644588585819,2009-08-13 00:36:02,0
128,40.0777949,116.3032833,39.98391696977997,116.3644588585819,2010-05-30 01:53:32,0
1,40.007765,116.32953,39.98391696977997,116.3644588585819,2008-11-21 00:20:25,0
115,39.9437866,116.533645,39.98391696977997,116.3644588585819,2008-06-11 23:28:17,0
128,40.0702866,116.328705,39.98391696977997,116.3644588585819,2010-08-03 01:29:51,0
126,39.982361,116.387094,39.98391696977997,116.3644588585819,2008-08-02 12:50:09,0
68,39.972316,116.415729,39.98391696977997,116.3644588585819,2008-11-28 11:29:34,0
128,39.9815883,116.3059499,39.98391696977997,116.3644588585819,2010-11-26 11:02:01,0
37,39.8554466,116.3487716,39.98391696977997,116.3644588585819,2009-07-15 12:04:39,0
128,40.0506716,116.3006049,39.98391696977997,116.3644588585819,2010-03-30 01:39:30,0
82,40.052324,116.400262,39.98391696977997,116.3644588585819,2009-03-11 15:46:10,0
78,39.97288,116.327415,39.98391696977997,116.3644588585819,2008-07-22 00:37:13,0
8,39.982248,116.347619,39.98391696977997,116.3644588585819,2008-11-18 05:55:37,0
155,40.069448,116.345798,39.98391696977997,116.3644588585819,2009-05-21 23:26:17,0
3,39.999866,116.326958,39.98391696977997,116.3644588585819,2008-12-07 19:27:40,0
4,39.960115,116.295582,39.98391696977997,116.3644588585819,2009-03-03 00:26:14,0
179,39.985888,116.310065,39.98391696977997,116.3644588585819,2008-10-26 02:52:31,0
17,39.9848616,116.3330233,39.98391696977997,116.3644588585819,2009-06-23 07:32:32,0
119,39.999762,116.386779,39.98391696977997,116.3644588585819,2008-08-23 12:37:50,0
38,39.9448283,116.3178966,39.98391696977997,116.3644588585819,2009-03-07 08:55:10,0
14,39.9430816,116.4276233,39.98391696977997,116.3644588585819,2008-11-30 03:01:29,0
153,39.907166,116.412147,39.98391696977997,116.3644588585819,2009-06-19 03:16:29,0
34,39.9917116,116.3329733,39.98391696977997,116.3644588585819,2009-04-13 09:21:01,0
68,39.969031,116.419621,39.98391696977997,116.3644588585819,2008-11-10 00:09:07,0
41,39.722725,116.10701,39.98391696977997,116.3644588585819,2009-03-06 13:03:59,0
3,39.907653,116.368331,39.98391696977997,116.3644588585819,2009-01-11 06:26:48,0
17,39.9230833,116.2576333,39.98391696977997,116.3644588585819,2009-01-14 06:10:04,0
65,39.97525,116.317708333333,39.98391696977997,116.3644588585819,2011-09-13 00:57:56,0
34,39.8894366,116.3041799,39.98391696977997,116.3644588585819,2009-07-19 22:54:56,0
84,39.977605,116.016662,39.98391696977997,116.3644588585819,2008-09-14 01:56:31,0
144,40.0334366,116.43092,39.98391696977997,116.3644588585819,2008-09-23 10:22:17,0
3,40.007515,116.319842,39.98391696977997,116.3644588585819,2008-11-09 20:11:46,0
35,39.977921,116.300512,39.98391696977997,116.3644588585819,2009-04-16 03:43:20,0
50,39.9607467666667,116.301269533333,39.98391696977997,116.3644588585819,2009-08-10 06:48:26,0
41,40.3078433,116.5280133,39.98391696977997,116.3644588585819,2009-06-18 02:05:55,0
62,39.9874833,116.3014949,39.98391696977997,116.3644588585819,2008-08-19 07:51:24,0
126,39.987129,116.3271,39.98391696977997,116.3644588585819,2008-12-03 15:21:33,0
14,39.9387133,116.3493799,39.98391696977997,116.3644588585819,2009-03-03 07:31:30,0
17,39.9970366,116.380765,39.98391696977997,116.3644588585819,2009-01-08 03:00:49,0
41,39.945375,116.2740116,39.98391696977997,116.3644588585819,2009-03-03 05:35:12,0
24,40.053149,116.322062,39.98391696977997,116.3644588585819,2009-02-22 02:38:16,0
89,39.9622333,115.8831033,39.98391696977997,116.3644588585819,2008-05-18 04:18:13,0
22,39.973413,116.334107,39.98391696977997,116.3644588585819,2009-03-07 03:05:51,0
144,39.9677233,116.4127699,39.98391696977997,116.3644588585819,2008-08-25 10:10:17,0
13,39.987838,116.416447,39.98391696977997,116.3644588585819,2009-02-15 05:52:03,0
83,39.978195,116.3278333,39.98391696977997,116.3644588585819,2009-01-10 17:56:29,0
153,39.888099,116.365751,39.98391696977997,116.3644588585819,2008-11-24 07:44:58,0
84,39.932268,116.420388,39.98391696977997,116.3644588585819,2008-07-22 00:22:55,0
153,39.965985,116.3224483,39.98391696977997,116.3644588585819,2008-06-28 13:34:12,0
50,39.9441948,116.303565983333,39.98391696977997,116.3644588585819,2009-08-19 06:37:51,0
3,40.007985,116.320991,39.98391696977997,116.3644588585819,2009-06-09 07:44:51,0
3,39.99174,116.327463,39.98391696977997,116.3644588585819,2009-01-15 11:06:53,0
42,39.7652033,116.3365149,39.98391696977997,116.3644588585819,2009-02-25 09:50:53,0
30,40.009669,116.314789,39.98391696977997,116.3644588585819,2009-02-07 09:59:25,0
153,40.333825,116.032303,39.98391696977997,116.3644588585819,2010-05-01 04:41:55,0
17,40.0687266,116.2891216,39.98391696977997,116.3644588585819,2009-06-20 15:29:42,0
68,39.968526,116.42396,39.98391696977997,116.3644588585819,2009-04-11 11:00:39,0
38,39.9882133,116.3097983,39.98391696977997,116.3644588585819,2009-02-27 04:04:16,0
83,39.9354233,116.3666366,39.98391696977997,116.3644588585819,2009-09-19 12:02:33,0
153,40.267352,116.102422,39.98391696977997,116.3644588585819,2010-05-01 04:06:26,0
30,39.971516,116.316947,39.98391696977997,116.3644588585819,2009-04-09 11:52:26,0
128,39.9921183,116.3947433,39.98391696977997,116.3644588585819,2010-08-06 06:47:41,0
14,39.9446633,116.35772,39.98391696977997,116.3644588585819,2008-10-26 00:43:23,0
35,39.977925,116.300448,39.98391696977997,116.3644588585819,2009-03-17 04:19:03,0
41,40.2105233,116.6364316,39.98391696977997,116.3644588585819,2009-06-10 03:26:10,0
43,39.949658,116.314203,39.98391696977997,116.3644588585819,2009-02-08 11:54:10,0
84,39.935619,116.430889,39.98391696977997,116.3644588585819,2009-05-31 01:21:19,0
153,40.012622996,116.510413296,39.98391696977997,116.3644588585819,2012-01-17 14:40:40,0
35,39.981538,116.321178,39.98391696977997,116.3644588585819,2009-03-10 02:07:36,0
85,39.939871,116.303738,39.98391696977997,116.3644588585819,2008-10-23 02:30:14,0
9,39.999607,116.336697,39.98391696977997,116.3644588585819,2008-10-29 00:21:53,0
153,39.973411,116.443278,39.98391696977997,116.3644588585819,2010-04-06 12:46:02,0
50,39.8658103942871,116.290534973145,39.98391696977997,116.3644588585819,2009-08-04 16:19:54,0
68,39.995971,116.417662,39.98391696977997,116.3644588585819,2009-04-15 14:35:57,0
20,39.9777683333333,116.33048,39.98391696977997,116.3644588585819,2011-08-28 16:38:02,0
17,39.922,116.3399733,39.98391696977997,116.3644588585819,2009-06-12 05:02:31,0
11,39.8999749,116.3778616,39.98391696977997,116.3644588585819,2008-09-29 11:49:18,0
18,39.9305566,116.3995399,39.98391696977997,116.3644588585819,2008-11-06 09:38:15,0
153,39.966989,116.345128,39.98391696977997,116.3644588585819,2008-10-28 14:53:45,0
22,39.973922,116.332321,39.98391696977997,116.3644588585819,2009-04-28 08:05:32,0
36,39.97231,116.346772,39.98391696977997,116.3644588585819,2009-02-20 02:14:02,0
84,39.954523,116.418847,39.98391696977997,116.3644588585819,2008-10-24 00:19:29,0
50,39.8757438666667,116.289085383333,39.98391696977997,116.3644588585819,2009-08-04 09:07:28,0
153,39.973941,116.443449,39.98391696977997,116.3644588585819,2010-04-24 04:01:47,0
42,39.730545,116.3334299,39.98391696977997,116.3644588585819,2009-03-04 05:26:12,0
126,40.16545,116.23831,39.98391696977997,116.3644588585819,2008-12-20 06:47:57,0
41,39.8648049,116.2763983,39.98391696977997,116.3644588585819,2009-06-15 02:26:15,0
67,39.978991,116.332595,39.98391696977997,116.3644588585819,2011-03-12 21:50:14,0
22,39.973355,116.334132,39.98391696977997,116.3644588585819,2009-05-12 10:05:42,0
153,39.951132,116.465307,39.98391696977997,116.3644588585819,2008-11-29 14:18:15,0
15,40.005505,116.324363,39.98391696977997,116.3644588585819,2009-03-03 09:42:24,0
85,39.981423,116.328053,39.98391696977997,116.3644588585819,2008-05-22 04:13:25,0
168,40.00441,116.393975,39.98391696977997,116.3644588585819,2011-06-18 03:26:44,0
14,39.9822016,116.381325,39.98391696977997,116.3644588585819,2009-02-25 23:37:32,0
2,40.050621,116.300263,39.98391696977997,116.3644588585819,2009-02-18 10:53:33,0
153,39.915015,116.47163,39.98391696977997,116.3644588585819,2008-11-07 00:05:54,0
4,39.999856,116.324799,39.98391696977997,116.3644588585819,2008-12-15 02:10:23,0
25,39.9743199,116.3593633,39.98391696977997,116.3644588585819,2009-03-18 10:15:49,0
144,40.0584133,116.4076116,39.98391696977997,116.3644588585819,2008-12-12 11:09:05,0
24,40.010941,116.272876,39.98391696977997,116.3644588585819,2009-01-17 04:32:59,0
140,40.0094599,116.1957283,39.98391696977997,116.3644588585819,2009-03-27 06:37:17,0
29,39.814468,116.505018,39.98391696977997,116.3644588585819,2009-01-14 00:00:12,0
167,40.004688,116.318167,39.98391696977997,116.3644588585819,2008-05-15 12:22:00,0
38,39.9697349,116.2999516,39.98391696977997,116.3644588585819,2009-07-15 11:07:16,0
167,39.906589,116.390034,39.98391696977997,116.3644588585819,2008-10-18 12:14:11,0
17,39.853475,116.365155,39.98391696977997,116.3644588585819,2009-05-22 05:39:59,0
81,39.985012,116.326794,39.98391696977997,116.3644588585819,2008-06-08 01:33:50,0
38,40.0016083,116.2688816,39.98391696977997,116.3644588585819,2009-07-10 06:50:34,0
39,39.974769,116.363241,39.98391696977997,116.3644588585819,2009-02-12 00:07:32,0
153,39.936264,116.484025,39.98391696977997,116.3644588585819,2009-03-29 04:33:17,0
52,39.975283,116.358911,39.98391696977997,116.3644588585819,2008-08-31 23:56:18,0
42,39.9078933,116.454125,39.98391696977997,116.3644588585819,2009-02-27 02:30:48,0
36,39.947686,116.410191,39.98391696977997,116.3644588585819,2009-02-17 06:08:35,0
75,39.9745316666667,116.331225,39.98391696977997,116.3644588585819,2011-09-03 00:28:31,0
20,39.975105,116.32187,39.98391696977997,116.3644588585819,2011-09-13 15:33:00,0
16,39.977107,116.300329,39.98391696977997,116.3644588585819,2008-11-23 04:18:37,0
14,40.2094416,116.5251066,39.98391696977997,116.3644588585819,2009-02-15 09:49:55,0
141,39.9990733333333,116.265548333333,39.98391696977997,116.3644588585819,2011-10-22 06:57:51,0
128,40.0315366,116.3139033,39.98391696977997,116.3644588585819,2009-02-10 14:45:09,0
41,39.8641483,116.2672583,39.98391696977997,116.3644588585819,2009-05-19 01:27:52,0
3,39.909018,116.577463,39.98391696977997,116.3644588585819,2009-04-19 10:51:52,0
152,40.003495,116.318731,39.98391696977997,116.3644588585819,2008-08-23 10:57:32,0
20,39.9774216666667,116.330601666667,39.98391696977997,116.3644588585819,2011-09-01 15:02:39,0
96,40.008031,116.31939,39.98391696977997,116.3644588585819,2008-07-17 20:38:16,0
52,39.99013,116.360309,39.98391696977997,116.3644588585819,2008-07-10 00:26:45,0
35,39.977886,116.300551,39.98391696977997,116.3644588585819,2009-03-11 05:26:11,0
163,39.98716428,116.395462387,39.98391696977997,116.3644588585819,2012-06-26 11:01:56,0
156,40.219556,116.237347,39.98391696977997,116.3644588585819,2009-07-09 06:58:02,0
22,40.058449,116.40433,39.98391696977997,116.3644588585819,2009-07-18 19:38:11,0
59,39.985555,116.315498333333,39.98391696977997,116.3644588585819,2011-03-12 10:30:20,0
65,40.01141,116.279043333333,39.98391696977997,116.3644588585819,2011-09-23 15:12:33,0
96,39.976755,116.331262,39.98391696977997,116.3644588585819,2008-07-15 03:12:56,0
128,39.9917583,116.3314933,39.98391696977997,116.3644588585819,2008-10-28 02:12:23,0
30,40.000601,116.321991,39.98391696977997,116.3644588585819,2009-04-23 01:32:15,0
126,40.001452,116.331112,39.98391696977997,116.3644588585819,2009-02-08 01:25:52,0
0,40.002482,116.326559,39.98391696977997,116.3644588585819,2009-06-09 13:35:07,0
95,40.464221,115.973812,39.98391696977997,116.3644588585819,2011-02-24 09:07:33,0
3,39.998574,116.326719,39.98391696977997,116.3644588585819,2009-01-19 09:56:50,0
17,39.9750566,116.3382866,39.98391696977997,116.3644588585819,2008-12-28 02:37:39,0
128,39.9394983,116.3481966,39.98391696977997,116.3644588585819,2010-03-11 05:04:59,0
41,39.940425,116.5812283,39.98391696977997,116.3644588585819,2009-04-21 06:47:08,0
3,39.952251,116.801854,39.98391696977997,116.3644588585819,2009-04-14 13:48:41,0
128,39.8762883,116.342985,39.98391696977997,116.3644588585819,2009-02-08 08:30:24,0
62,39.9910783,116.3132333,39.98391696977997,116.3644588585819,2007-12-14 06:11:00,0
68,39.934594,116.4951,39.98391696977997,116.3644588585819,2009-07-06 08:15:39,0
25,39.9870949,116.3033216,39.98391696977997,116.3644588585819,2009-02-07 06:04:53,0
5,39.993579,116.326796,39.98391696977997,116.3644588585819,2009-02-22 09:39:45,0
17,39.9829933,116.3473016,39.98391696977997,116.3644588585819,2009-02-04 00:21:32,0
11,39.8646883,116.3939883,39.98391696977997,116.3644588585819,2008-10-01 01:08:21,0
125,39.97445,116.331737,39.98391696977997,116.3644588585819,2008-10-06 12:56:50,0
163,39.986236,116.366811,39.98391696977997,116.3644588585819,2010-02-17 12:05:15,0
6,39.981255,116.341687,39.98391696977997,116.3644588585819,2008-11-12 11:40:52,0
128,40.3619199,115.9334433,39.98391696977997,116.3644588585819,2009-01-01 08:12:18,0
128,39.9859583,116.3650599,39.98391696977997,116.3644588585819,2009-06-27 10:01:16,0
89,40.0249849,116.3072833,39.98391696977997,116.3644588585819,2008-05-11 07:18:06,0
125,39.991526,116.325867,39.98391696977997,116.3644588585819,2008-08-24 05:38:24,0
17,39.9744033,116.4672883,39.98391696977997,116.3644588585819,2009-02-16 13:42:38,0
153,39.958363,116.294925,39.98391696977997,116.3644588585819,2008-09-02 10:20:03,0
67,39.7228816666667,116.320868333333,39.98391696977997,116.3644588585819,2011-05-20 14:20:31,0
39,39.977158,116.338486,39.98391696977997,116.3644588585819,2009-05-09 23:52:50,0
30,40.002307,116.324473,39.98391696977997,116.3644588585819,2009-03-12 09:25:33,0
1,39.966319,116.34441,39.98391696977997,116.3644588585819,2008-12-09 05:16:27,0
14,40.1484566,116.523885,39.98391696977997,116.3644588585819,2008-11-16 03:46:21,0
177,39.939228,116.347431,39.98391696977997,116.3644588585819,2009-09-19 17:42:37,0
93,39.9761433,116.3302283,39.98391696977997,116.3644588585819,2008-07-14 17:54:00,0
115,40.0138516,116.4676316,39.98391696977997,116.3644588585819,2008-05-13 23:44:51,0
142,39.984659,116.318429,39.98391696977997,116.3644588585819,2008-12-26 07:49:54,0
141,39.99823,116.229863333333,39.98391696977997,116.3644588585819,2011-10-22 05:32:43,0
25,39.9888816,116.3092916,39.98391696977997,116.3644588585819,2009-03-05 11:18:48,0
11,39.9806683,116.3477449,39.98391696977997,116.3644588585819,2008-10-07 10:54:22,0
141,39.9794166666667,116.32702,39.98391696977997,116.3644588585819,2011-09-26 00:19:40,0
17,40.5146516,117.0853499,39.98391696977997,116.3644588585819,2009-06-14 09:43:20,0
39,39.890258,116.45442,39.98391696977997,116.3644588585819,2009-02-26 10:36:59,0
41,39.86963,116.4539749,39.98391696977997,116.3644588585819,2009-03-19 23:03:56,0
65,39.9230733333333,116.164225,39.98391696977997,116.3644588585819,2011-10-05 07:55:24,0
68,39.970293,116.419843,39.98391696977997,116.3644588585819,2009-07-12 13:52:18,0
13,40.167171,116.128802,39.98391696977997,116.3644588585819,2008-10-27 01:02:44,0
38,40.0596249,116.3441483,39.98391696977997,116.3644588585819,2009-07-18 05:42:51,0
153,39.995669,116.386936,39.98391696977997,116.3644588585819,2009-07-19 13:10:32,0
4,39.986298,116.327083,39.98391696977997,116.3644588585819,2009-01-13 02:43:25,0
41,39.9973466,116.2874333,39.98391696977997,116.3644588585819,2009-02-16 04:20:32,0
22,39.969939,116.30186,39.98391696977997,116.3644588585819,2009-03-07 01:24:33,0
62,39.9858883,116.3478649,39.98391696977997,116.3644588585819,2008-08-28 09:56:39,0
115,40.0166433,116.368335,39.98391696977997,116.3644588585819,2008-06-30 00:34:19,0
153,39.927331,116.483716,39.98391696977997,116.3644588585819,2011-02-02 03:11:46,0
128,40.07305,116.3285083,39.98391696977997,116.3644588585819,2008-04-27 07:31:59,0
42,39.9822366,116.3268466,39.98391696977997,116.3644588585819,2008-10-11 04:57:39,0
28,39.930894,116.311565,39.98391696977997,116.3644588585819,2009-04-20 09:50:20,0
25,39.9909666,116.3002666,39.98391696977997,116.3644588585819,2009-05-06 03:33:31,0
148,40.0698066666667,116.305113333333,39.98391696977997,116.3644588585819,2011-07-10 05:53:42,0
2,39.87993,116.261062,39.98391696977997,116.3644588585819,2008-11-01 02:17:53,0
163,39.979633951,116.448267065,39.98391696977997,116.3644588585819,2012-03-15 21:33:45,0
140,39.9855466,116.4372066,39.98391696977997,116.3644588585819,2009-07-17 19:56:35,0
163,39.968964,116.310097,39.98391696977997,116.3644588585819,2008-04-29 09:49:33,0
50,39.9839630166667,116.312782283333,39.98391696977997,116.3644588585819,2009-08-07 03:24:36,0
41,39.8640983,116.2698916,39.98391696977997,116.3644588585819,2009-07-09 03:52:45,0
163,39.77433,116.41811,39.98391696977997,116.3644588585819,2010-04-03 06:36:58,0
17,39.9671866,116.39241,39.98391696977997,116.3644588585819,2009-04-10 00:18:24,0
41,39.9873383,116.4091649,39.98391696977997,116.3644588585819,2009-02-17 00:38:39,0
4,40.001118,116.324765,39.98391696977997,116.3644588585819,2009-06-23 18:03:22,0
17,40.0030899,116.3805933,39.98391696977997,116.3644588585819,2009-03-22 08:18:47,0
44,39.971365,116.33327,39.98391696977997,116.3644588585819,2009-02-19 09:43:09,0
1,40.01386,116.306515,39.98391696977997,116.3644588585819,2008-12-13 20:15:11,0
36,39.811106,116.198749,39.98391696977997,116.3644588585819,2009-07-06 00:15:01,0
85,39.896009,116.342407,39.98391696977997,116.3644588585819,2008-10-14 23:09:51,0
153,40.056957,116.540925,39.98391696977997,116.3644588585819,2008-08-01 05:43:46,0
39,40.36583,116.678182,39.98391696977997,116.3644588585819,2009-06-05 04:55:34,0
50,39.8897781333333,116.303916933333,39.98391696977997,116.3644588585819,2009-08-04 04:45:38,0
4,39.967132,116.315292,39.98391696977997,116.3644588585819,2009-06-21 10:57:30,0
96,40.008289,116.319387,39.98391696977997,116.3644588585819,2008-12-02 01:51:35,0
81,39.934899,116.337429,39.98391696977997,116.3644588585819,2008-07-24 10:31:48,0
15,40.04915,116.30744,39.98391696977997,116.3644588585819,2008-10-29 11:09:00,0
153,39.977916998,116.447314479,39.98391696977997,116.3644588585819,2012-02-21 08:12:29,0
142,39.945368,116.275719,39.98391696977997,116.3644588585819,2010-06-02 11:10:26,0
74,39.96962,116.303996666667,39.98391696977997,116.3644588585819,2012-01-12 12:23:35,0
4,40.009638,116.322645,39.98391696977997,116.3644588585819,2009-04-27 09:53:19,0
3,39.959879,116.269029,39.98391696977997,116.3644588585819,2009-04-10 08:19:18,0
3,39.999842,116.327257,39.98391696977997,116.3644588585819,2008-11-13 01:42:18,0
153,40.005579498,116.446826511,39.98391696977997,116.3644588585819,2011-10-15 09:52:07,0
35,39.981819,116.321147,39.98391696977997,116.3644588585819,2009-02-24 08:01:58,0
65,39.972612476,116.312430323,39.98391696977997,116.3644588585819,2011-08-10 22:09:45,0
144,40.039181,116.424467,39.98391696977997,116.3644588585819,2009-05-22 09:43:56,0
84,39.947976,116.3996,39.98391696977997,116.3644588585819,2009-08-08 22:07:33,0
13,39.953065,116.412043,39.98391696977997,116.3644588585819,2008-11-02 02:17:21,0
96,40.007827,116.319453,39.98391696977997,116.3644588585819,2008-12-02 04:23:07,0
39,40.051477,116.406011,39.98391696977997,116.3644588585819,2009-06-17 00:26:43,0
153,39.913299,116.471732,39.98391696977997,116.3644588585819,2009-06-23 11:18:37,0
163,39.90627,116.368214,39.98391696977997,116.3644588585819,2009-04-15 13:28:10,0
7,39.980735,116.337964,39.98391696977997,116.3644588585819,2008-11-14 10:41:12,0
3,39.996018,116.329227,39.98391696977997,116.3644588585819,2008-12-15 11:10:17,0
79,39.914756,116.350322,39.98391696977997,116.3644588585819,2010-05-27 13:19:44,0
41,39.8713983,116.2588216,39.98391696977997,116.3644588585819,2009-06-07 09:55:44,0
167,39.975782,116.327254,39.98391696977997,116.3644588585819,2008-05-30 01:42:11,0
69,39.918195,116.300417,39.98391696977997,116.3644588585819,2008-05-27 13:49:20,0
0,40.003555,116.321462,39.98391696977997,116.3644588585819,2009-04-20 01:44:39,0
65,40.002055,116.325138333333,39.98391696977997,116.3644588585819,2011-10-25 09:18:27,0
43,39.907198,116.482379,39.98391696977997,116.3644588585819,2009-06-18 03:39:31,0
128,40.4423799,116.6614333,39.98391696977997,116.3644588585819,2009-12-26 02:18:51,0
30,40.028001,116.342684,39.98391696977997,116.3644588585819,2009-01-17 11:54:41,0
52,39.974507,116.311179,39.98391696977997,116.3644588585819,2008-08-27 13:03:10,0
153,39.913085,116.468987,39.98391696977997,116.3644588585819,2008-11-22 10:13:16,0
41,39.9310733,116.2946049,39.98391696977997,116.3644588585819,2009-05-14 10:12:46,0
41,39.7826416,116.1754066,39.98391696977997,116.3644588585819,2009-04-28 10:10:30,0
1,39.981278,116.310499,39.98391696977997,116.3644588585819,2008-10-24 06:11:00,0
140,39.9402133,116.3492816,39.98391696977997,116.3644588585819,2009-08-16 11:06:22,0
17,39.9730516,116.3880183,39.98391696977997,116.3644588585819,2008-11-21 07:08:14,0
153,40.395046,116.968559,39.98391696977997,116.3644588585819,2010-08-08 10:25:25,0
153,39.972193,116.463508,39.98391696977997,116.3644588585819,2010-05-23 11:57:59,0
153,39.9129399,116.4719549,39.98391696977997,116.3644588585819,2008-06-05 10:20:57,0
153,40.029901,116.421228,39.98391696977997,116.3644588585819,2011-08-10 02:03:51,0
153,39.932305,116.432967,39.98391696977997,116.3644588585819,2009-06-14 10:01:58,0
68,39.950433,116.419226,39.98391696977997,116.3644588585819,2008-10-16 10:40:23,0
35,39.974141,116.343278,39.98391696977997,116.3644588585819,2009-04-17 02:22:26,0
85,40.017969,116.319497,39.98391696977997,116.3644588585819,2009-09-08 11:38:02,0
163,39.946474,116.362935,39.98391696977997,116.3644588585819,2010-02-19 03:46:05,0
112,39.9752433,116.3293866,39.98391696977997,116.3644588585819,2008-05-04 10:29:54,0
82,40.013316,116.32447,39.98391696977997,116.3644588585819,2009-05-13 14:12:49,0
62,39.9750599,116.3217949,39.98391696977997,116.3644588585819,2007-12-19 01:11:42,0
167,39.96958,116.420873,39.98391696977997,116.3644588585819,2008-05-30 05:03:10,0
130,40.00673,116.340187,39.98391696977997,116.3644588585819,2009-09-12 22:13:21,0
153,40.245031,116.138545,39.98391696977997,116.3644588585819,2010-05-14 11:04:47,0
17,40.0213899,116.3528283,39.98391696977997,116.3644588585819,2009-04-04 02:47:48,0
64,39.975423,116.32808,39.98391696977997,116.3644588585819,2008-08-28 10:21:30,0
17,39.9770216,116.3479549,39.98391696977997,116.3644588585819,2008-11-23 15:27:19,0
10,39.85274,116.335251,39.98391696977997,116.3644588585819,2008-06-17 11:20:18,0
52,39.986739,116.377506,39.98391696977997,116.3644588585819,2008-07-10 00:08:25,0
5,40.011359,116.321372,39.98391696977997,116.3644588585819,2008-10-30 13:15:48,0
25,39.9865166,116.3028283,39.98391696977997,116.3644588585819,2009-06-26 14:27:09,0
17,39.9176683,116.2687866,39.98391696977997,116.3644588585819,2009-03-06 07:47:02,0
156,39.865358,116.492915,39.98391696977997,116.3644588585819,2009-07-11 02:02:55,0
34,39.8886099,116.3450666,39.98391696977997,116.3644588585819,2009-02-18 04:15:20,0
9,40.003323,116.34317,39.98391696977997,116.3644588585819,2008-12-01 13:41:06,0
8,39.96649,116.331069,39.98391696977997,116.3644588585819,2008-12-06 10:50:37,0
4,39.985443,116.336724,39.98391696977997,116.3644588585819,2009-06-05 02:05:08,0
74,39.9768616666667,116.302958333333,39.98391696977997,116.3644588585819,2012-01-11 01:00:57,0
17,39.9926383,116.34705,39.98391696977997,116.3644588585819,2009-02-05 09:33:42,0
68,39.979735,116.414476,39.98391696977997,116.3644588585819,2008-10-05 13:58:18,0
41,39.8832216,116.2688383,39.98391696977997,116.3644588585819,2009-02-21 23:04:07,0
153,39.986941,116.449096,39.98391696977997,116.3644588585819,2010-10-29 17:11:46,0
85,39.977557,116.333777,39.98391696977997,116.3644588585819,2009-08-21 11:36:53,0
74,39.9748433333333,116.303016666667,39.98391696977997,116.3644588585819,2012-02-26 01:30:39,0
74,39.97452,116.313688333333,39.98391696977997,116.3644588585819,2012-03-04 23:53:53,0
165,39.9663016666667,116.327933333333,39.98391696977997,116.3644588585819,2011-11-18 01:22:31,0
153,39.987609,116.41599,39.98391696977997,116.3644588585819,2010-04-10 10:14:30,0
2,39.984276,116.320391,39.98391696977997,116.3644588585819,2009-01-09 05:39:49,0
0,39.995862,116.310393,39.98391696977997,116.3644588585819,2009-07-02 07:49:52,0
13,39.966967,116.392175,39.98391696977997,116.3644588585819,2008-12-05 10:20:27,0
153,39.965997,116.338595,39.98391696977997,116.3644588585819,2008-09-10 00:47:20,0
85,40.067499,116.404995,39.98391696977997,116.3644588585819,2009-09-11 19:18:59,0
17,39.9286333,116.3495249,39.98391696977997,116.3644588585819,2009-04-02 06:26:53,0
41,40.2420199,116.1366816,39.98391696977997,116.3644588585819,2009-05-21 06:36:34,0
9,40.003394,116.343142,39.98391696977997,116.3644588585819,2008-10-25 10:32:27,0
19,39.8739666,116.3940216,39.98391696977997,116.3644588585819,2008-11-20 07:11:09,0
24,40.536088,117.124547,39.98391696977997,116.3644588585819,2009-05-14 04:49:03,0
7,39.98153,116.3437,39.98391696977997,116.3644588585819,2008-11-20 04:10:58,0
84,39.661435,116.090446,39.98391696977997,116.3644588585819,2008-09-25 09:49:48,0
0,39.766341,116.300744,39.98391696977997,116.3644588585819,2009-04-13 13:06:43,0
15,39.984993,116.319311,39.98391696977997,116.3644588585819,2008-11-14 00:27:22,0
4,40.0071,116.324192,39.98391696977997,116.3644588585819,2009-01-08 09:49:54,0
34,39.7268499,116.326505,39.98391696977997,116.3644588585819,2009-07-06 10:55:30,0
14,39.9665399,116.3715199,39.98391696977997,116.3644588585819,2008-12-04 11:35:16,0
153,39.986653,116.436297,39.98391696977997,116.3644588585819,2010-02-19 06:39:30,0
84,39.907222,116.351288,39.98391696977997,116.3644588585819,2008-09-09 01:47:09,0
3,39.950932,116.317326,39.98391696977997,116.3644588585819,2008-11-21 07:35:20,0
85,39.976823,116.331686,39.98391696977997,116.3644588585819,2008-11-03 01:34:51,0
68,39.996504,116.417128,39.98391696977997,116.3644588585819,2009-05-19 14:52:39,0
126,39.968442,116.421782,39.98391696977997,116.3644588585819,2008-11-29 08:53:58,0
115,39.9867666,116.3933949,39.98391696977997,116.3644588585819,2008-04-22 22:22:44,0
179,39.999863,116.327973,39.98391696977997,116.3644588585819,2008-09-15 13:13:04,0
15,39.993856,116.326782,39.98391696977997,116.3644588585819,2009-02-27 01:05:43,0
44,39.959686,116.415928,39.98391696977997,116.3644588585819,2009-07-07 09:36:31,0
41,39.8413433,116.6794483,39.98391696977997,116.3644588585819,2009-05-09 01:25:42,0
50,39.929517,116.221748,39.98391696977997,116.3644588585819,2009-07-26 07:22:31,0
128,39.9829283,116.3274033,39.98391696977997,116.3644588585819,2008-11-14 13:13:22,0
68,39.970209,116.423422,39.98391696977997,116.3644588585819,2009-05-06 00:20:00,0
68,39.933899,116.543513,39.98391696977997,116.3644588585819,2009-07-04 17:39:57,0
22,39.97335,116.333758,39.98391696977997,116.3644588585819,2009-06-09 07:00:13,0
65,39.904375,116.022626666667,39.98391696977997,116.3644588585819,2011-10-05 05:34:33,0
17,40.89809,117.262195,39.98391696977997,116.3644588585819,2009-01-24 04:10:10,0
65,39.9645566666667,116.325313333333,39.98391696977997,116.3644588585819,2011-09-17 02:49:23,0
128,39.9756766,116.3317899,39.98391696977997,116.3644588585819,2008-09-24 12:37:06,0
65,39.9749166666667,116.311581666667,39.98391696977997,116.3644588585819,2011-08-30 00:55:13,0
40,39.9561,116.364818,39.98391696977997,116.3644588585819,2009-03-25 13:18:43,0
159,39.9784,116.329903333333,39.98391696977997,116.3644588585819,2012-04-10 16:10:19,0
52,39.985282,116.352768,39.98391696977997,116.3644588585819,2008-07-01 11:24:24,0
22,40.026704,116.344954,39.98391696977997,116.3644588585819,2009-05-31 19:40:43,0
126,39.97111,116.42274,39.98391696977997,116.3644588585819,2008-04-27 08:22:19,0
179,40.043228,116.306076,39.98391696977997,116.3644588585819,2008-10-02 02:20:49,0
165,39.97689,116.310886666667,39.98391696977997,116.3644588585819,2011-11-12 08:58:54,0
34,40.0347783,116.3242649,39.98391696977997,116.3644588585819,2009-02-28 00:35:18,0
43,39.976267,116.310876,39.98391696977997,116.3644588585819,2009-04-21 07:25:35,0
119,39.953926,116.493151,39.98391696977997,116.3644588585819,2008-09-13 06:59:06,0
153,39.8918,116.420299,39.98391696977997,116.3644588585819,2009-10-02 05:27:14,0
25,40.1798016,116.23256,39.98391696977997,116.3644588585819,2009-05-10 04:03:55,0
30,39.907135,116.469222,39.98391696977997,116.3644588585819,2009-01-24 01:49:08,0
153,39.975648,116.444843,39.98391696977997,116.3644588585819,2010-12-07 00:14:10,0
0,40.003932,116.321453,39.98391696977997,116.3644588585819,2009-06-20 14:34:18,0
22,39.973401,116.334056,39.98391696977997,116.3644588585819,2009-07-15 08:08:12,0
84,39.937819,116.432873,39.98391696977997,116.3644588585819,2009-05-25 16:19:11,0
30,39.991692,116.323044,39.98391696977997,116.3644588585819,2009-01-15 14:49:09,0
167,40.00088,116.325241,39.98391696977997,116.3644588585819,2008-06-02 14:21:26,0
68,39.952398,116.41857,39.98391696977997,116.3644588585819,2009-02-22 09:58:53,0
3,39.998931,116.324299,39.98391696977997,116.3644588585819,2008-12-05 00:56:11,0
3,39.93661,116.322051,39.98391696977997,116.3644588585819,2008-12-18 02:07:53,0
22,40.058161,116.403734,39.98391696977997,116.3644588585819,2009-07-17 15:31:23,0
67,39.9764416666667,116.331565,39.98391696977997,116.3644588585819,2011-04-27 12:59:06,0
2,39.897794,116.208935,39.98391696977997,116.3644588585819,2008-11-23 11:15:27,0
65,39.973915,116.327658333333,39.98391696977997,116.3644588585819,2011-09-18 00:56:38,0
16,39.972883,116.338461,39.98391696977997,116.3644588585819,2008-11-21 12:37:44,0
153,39.927438,116.470831,39.98391696977997,116.3644588585819,2009-10-03 11:35:44,0
142,39.983609,116.29467,39.98391696977997,116.3644588585819,2010-09-22 02:58:27,0
25,39.984525,116.3105033,39.98391696977997,116.3644588585819,2009-06-05 11:36:23,0
4,39.97808,116.310089,39.98391696977997,116.3644588585819,2009-02-15 07:34:30,0
50,39.8832740833333,116.30278015,39.98391696977997,116.3644588585819,2009-08-04 05:13:21,0
39,40.071547,116.416957,39.98391696977997,116.3644588585819,2009-05-07 15:47:46,0
50,39.9946441666667,116.199119566667,39.98391696977997,116.3644588585819,2009-08-24 12:59:07,0
0,40.00972,116.315152,39.98391696977997,116.3644588585819,2009-04-04 14:10:29,0
84,40.305563,116.330614,39.98391696977997,116.3644588585819,2009-05-18 08:55:14,0
65,39.8995166666667,116.024211666667,39.98391696977997,116.3644588585819,2011-10-05 06:50:34,0
130,39.936131,116.387591,39.98391696977997,116.3644588585819,2009-09-11 21:10:52,0
52,40.000394,116.379571,39.98391696977997,116.3644588585819,2008-07-16 14:22:52,0
68,39.995552,116.41834,39.98391696977997,116.3644588585819,2009-03-26 23:32:00,0
20,39.9796366666667,116.310798333333,39.98391696977997,116.3644588585819,2011-12-01 02:11:53,0
128,39.9416316,116.4555299,39.98391696977997,116.3644588585819,2009-08-21 09:21:20,0
125,39.974048,116.332169,39.98391696977997,116.3644588585819,2008-10-06 11:40:50,0
14,39.9999199,116.3743416,39.98391696977997,116.3644588585819,2008-11-13 10:08:33,0
78,39.974959,116.332928,39.98391696977997,116.3644588585819,2008-08-17 05:40:06,0
144,40.001774,116.489856,39.98391696977997,116.3644588585819,2009-07-04 02:00:24,0
155,39.967391,116.342758,39.98391696977997,116.3644588585819,2009-05-16 08:49:12,0
22,39.973433,116.33445,39.98391696977997,116.3644588585819,2009-04-03 10:05:20,0
39,39.890706,116.453408,39.98391696977997,116.3644588585819,2009-06-02 11:09:04,0
38,39.9685216,116.3086466,39.98391696977997,116.3644588585819,2009-02-25 12:59:57,0
41,40.0789066,116.4755933,39.98391696977997,116.3644588585819,2009-07-04 00:29:29,0
153,39.9098633,116.4715633,39.98391696977997,116.3644588585819,2008-05-23 00:47:12,0
68,39.968085,116.412634,39.98391696977997,116.3644588585819,2009-03-31 10:13:11,0
128,40.3605816,115.9857866,39.98391696977997,116.3644588585819,2010-08-08 01:57:49,0
78,39.9755233,116.3286933,39.98391696977997,116.3644588585819,2008-05-02 23:45:23,0
22,40.064479,116.373988,39.98391696977997,116.3644588585819,2009-07-09 13:20:15,0
46,40.029416,116.337499,39.98391696977997,116.3644588585819,2010-05-11 11:06:30,0
167,40.000968,116.32204,39.98391696977997,116.3644588585819,2008-04-25 17:30:37,0
167,39.975138,116.332162,39.98391696977997,116.3644588585819,2008-10-02 02:17:45,0
41,39.8689266,116.2615216,39.98391696977997,116.3644588585819,2009-03-30 03:31:05,0
68,39.978277,116.417786,39.98391696977997,116.3644588585819,2009-04-22 23:53:54,0
43,39.862519,116.651447,39.98391696977997,116.3644588585819,2009-06-22 00:58:05,0
30,39.988094,116.310077,39.98391696977997,116.3644588585819,2009-05-21 13:14:59,0
84,40.011957,116.509957,39.98391696977997,116.3644588585819,2008-08-26 01:27:58,0
131,40.0388866,116.5323566,39.98391696977997,116.3644588585819,2009-04-21 11:09:32,0
10,40.07141,116.308949,39.98391696977997,116.3644588585819,2009-01-14 06:05:43,0
0,40.006985,116.319268,39.98391696977997,116.3644588585819,2009-06-29 18:53:00,0
153,39.985469,116.450456,39.98391696977997,116.3644588585819,2011-07-21 09:59:47,0
3,39.998878,116.331951,39.98391696977997,116.3644588585819,2009-06-06 11:06:43,0
17,40.9785433,117.3973916,39.98391696977997,116.3644588585819,2009-01-27 02:47:58,0
9,39.999787,116.346114,39.98391696977997,116.3644588585819,2008-10-25 05:05:43,0
141,40.3571766666667,116.0024,39.98391696977997,116.3644588585819,2011-10-23 04:01:00,0
24,39.795549,116.524826,39.98391696977997,116.3644588585819,2009-02-24 01:05:32,0
20,39.9778616666667,116.331178333333,39.98391696977997,116.3644588585819,2011-08-28 15:25:52,0
25,39.9671283,116.3999399,39.98391696977997,116.3644588585819,2009-05-31 00:30:17,0
33,39.951015,116.361854,39.98391696977997,116.3644588585819,2009-01-09 23:23:02,0
62,40.0015783,116.32181,39.98391696977997,116.3644588585819,2007-12-14 04:45:13,0
153,39.964063,116.296646,39.98391696977997,116.3644588585819,2010-07-25 09:40:27,0
30,39.911497,116.268178,39.98391696977997,116.3644588585819,2009-04-27 05:28:39,0
23,39.865144,116.492529,39.98391696977997,116.3644588585819,2009-02-14 08:06:19,0
44,39.976735,116.339503,39.98391696977997,116.3644588585819,2009-04-14 09:40:29,0
65,39.9749083333333,116.311598333333,39.98391696977997,116.3644588585819,2011-09-15 12:23:34,0
13,40.039516,116.409606,39.98391696977997,116.3644588585819,2008-10-18 02:19:27,0
85,39.919909,116.338103,39.98391696977997,116.3644588585819,2008-12-26 09:08:56,0
30,39.989663,116.407243,39.98391696977997,116.3644588585819,2009-06-01 12:59:41,0
141,39.975015,116.316848333333,39.98391696977997,116.3644588585819,2011-09-29 12:16:56,0
17,39.9860516,116.3777349,39.98391696977997,116.3644588585819,2008-12-26 09:19:17,0
37,39.8287733,116.2838649,39.98391696977997,116.3644588585819,2009-02-27 04:05:53,0
37,39.93961,116.4840566,39.98391696977997,116.3644588585819,2009-03-28 06:56:28,0
22,39.966115,116.317089,39.98391696977997,116.3644588585819,2009-03-26 13:15:03,0
17,39.9851016,116.3399366,39.98391696977997,116.3644588585819,2009-04-18 02:59:50,0
167,39.999835,116.325404,39.98391696977997,116.3644588585819,2008-06-17 09:42:36,0
35,40.013459,116.296475,39.98391696977997,116.3644588585819,2009-04-05 07:14:41,0
68,39.969394,116.41988,39.98391696977997,116.3644588585819,2009-03-09 10:07:41,0
128,40.0743799,116.3279116,39.98391696977997,116.3644588585819,2010-10-13 01:20:18,0
41,39.94435,116.2684016,39.98391696977997,116.3644588585819,2009-05-06 07:15:14,0
84,39.972638,116.327643,39.98391696977997,116.3644588585819,2009-05-01 04:02:27,0
10,40.048148,116.61015,39.98391696977997,116.3644588585819,2008-10-03 18:22:32,0
17,39.9841183,116.3471766,39.98391696977997,116.3644588585819,2009-02-10 08:16:05,0
30,40.001142,116.326918,39.98391696977997,116.3644588585819,2009-04-10 00:31:16,0
128,39.9755433,116.3304716,39.98391696977997,116.3644588585819,2010-06-10 02:32:32,0
14,40.01986,116.4325633,39.98391696977997,116.3644588585819,2008-11-22 08:22:35,0
4,39.952814,116.317766,39.98391696977997,116.3644588585819,2009-07-19 06:20:48,0
24,39.965434,116.212494,39.98391696977997,116.3644588585819,2009-03-18 01:36:11,0
50,39.9810791,116.3042984,39.98391696977997,116.3644588585819,2009-08-02 07:12:05,0
163,39.986700163,116.380301552,39.98391696977997,116.3644588585819,2011-12-14 09:53:18,0
163,40.044147,116.575668,39.98391696977997,116.3644588585819,2010-11-13 13:15:19,0
62,39.9860999,116.3095766,39.98391696977997,116.3644588585819,2008-07-26 12:56:25,0
85,39.978099,116.328765,39.98391696977997,116.3644588585819,2008-10-27 11:21:52,0
34,39.965465,116.4162149,39.98391696977997,116.3644588585819,2009-07-03 02:07:50,0
41,39.864165,116.2744916,39.98391696977997,116.3644588585819,2009-06-03 05:50:15,0
25,39.9753116,116.3113,39.98391696977997,116.3644588585819,2009-06-05 04:35:24,0
141,39.9966016666667,116.274385,39.98391696977997,116.3644588585819,2011-10-22 07:47:56,0
35,40.030715,116.360068,39.98391696977997,116.3644588585819,2009-03-01 04:46:07,0
41,39.9483166,116.209035,39.98391696977997,116.3644588585819,2009-05-14 11:05:31,0
122,39.976055,116.332915,39.98391696977997,116.3644588585819,2009-09-22 18:27:05,0
17,39.9309383,116.3481266,39.98391696977997,116.3644588585819,2009-02-10 07:03:01,0
39,40.618197,117.077957,39.98391696977997,116.3644588585819,2009-06-27 02:41:27,0
128,40.332875,115.9744583,39.98391696977997,116.3644588585819,2009-04-04 04:13:39,0
115,39.9932483,116.380835,39.98391696977997,116.3644588585819,2008-05-04 23:55:29,0
39,40.465414,115.847436,39.98391696977997,116.3644588585819,2009-05-02 09:38:39,0
30,39.952313,116.80155,39.98391696977997,116.3644588585819,2009-05-01 12:03:22,0
167,39.975299,116.329529,39.98391696977997,116.3644588585819,2008-05-21 13:37:07,0
65,39.9751733333333,116.319493333333,39.98391696977997,116.3644588585819,2011-08-25 14:51:57,0
3,40.005335,116.320344,39.98391696977997,116.3644588585819,2008-12-19 09:38:43,0
14,39.986645,116.3205949,39.98391696977997,116.3644588585819,2009-01-20 04:14:41,0
130,39.957176,116.447515,39.98391696977997,116.3644588585819,2009-08-28 17:18:04,0
96,39.977007,116.356353,39.98391696977997,116.3644588585819,2008-10-03 03:42:16,0
24,40.372137,115.902452,39.98391696977997,116.3644588585819,2009-01-29 12:15:18,0
65,39.9749116666667,116.304711666667,39.98391696977997,116.3644588585819,2011-08-26 01:17:38,0
50,39.8914031982422,116.368072509766,39.98391696977997,116.3644588585819,2009-08-09 07:50:34,0
15,39.991151,116.321632,39.98391696977997,116.3644588585819,2008-11-06 10:44:49,0
153,40.529868,117.111065,39.98391696977997,116.3644588585819,2009-09-19 13:37:52,0
84,39.934931,116.431254,39.98391696977997,116.3644588585819,2009-09-08 12:43:14,0
153,39.984879,116.456332,39.98391696977997,116.3644588585819,2010-01-16 12:11:35,0
128,40.0696533,116.3291183,39.98391696977997,116.3644588585819,2010-01-02 13:36:57,0
115,40.0215349,116.3812099,39.98391696977997,116.3644588585819,2008-06-30 00:11:05,0
163,39.99178,116.215108,39.98391696977997,116.3644588585819,2008-05-16 05:59:17,0
41,39.8612316,116.2586716,39.98391696977997,116.3644588585819,2009-07-05 22:50:18,0
84,39.898176,116.341977,39.98391696977997,116.3644588585819,2008-08-01 00:24:45,0
68,39.965404,116.418753,39.98391696977997,116.3644588585819,2009-05-26 04:40:49,0
122,40.473504,117.030224,39.98391696977997,116.3644588585819,2009-09-02 14:38:41,0
14,40.0038633,116.3091183,39.98391696977997,116.3644588585819,2009-04-07 03:38:52,0
17,39.8957149,116.2739933,39.98391696977997,116.3644588585819,2009-01-22 03:41:28,0
167,39.940508,116.319167,39.98391696977997,116.3644588585819,2008-11-04 13:16:42,0
34,39.7350816,116.3261533,39.98391696977997,116.3644588585819,2009-07-19 22:13:08,0
35,39.937005,116.366481,39.98391696977997,116.3644588585819,2009-04-04 04:45:38,0
30,40.008544,116.317229,39.98391696977997,116.3644588585819,2009-02-08 02:14:11,0
153,39.774973,116.454269,39.98391696977997,116.3644588585819,2010-04-03 07:30:24,0
156,40.091866,116.293333,39.98391696977997,116.3644588585819,2009-07-09 10:19:20,0
34,39.9592349,116.4162183,39.98391696977997,116.3644588585819,2009-07-20 02:27:05,0
15,39.946926,116.794675,39.98391696977997,116.3644588585819,2009-03-01 22:54:57,0
13,39.975394,116.332647,39.98391696977997,116.3644588585819,2008-11-13 03:07:27,0
85,39.94005,116.300809,39.98391696977997,116.3644588585819,2008-05-21 01:55:20,0
128,40.0744483,116.3280966,39.98391696977997,116.3644588585819,2009-08-11 00:13:58,0
52,40.006737,116.40107,39.98391696977997,116.3644588585819,2008-08-20 00:23:52,0
68,39.96818,116.416498,39.98391696977997,116.3644588585819,2009-07-15 22:40:30,0
44,40.078965,116.325124,39.98391696977997,116.3644588585819,2009-02-25 12:07:16,0
62,39.987075,116.3032516,39.98391696977997,116.3644588585819,2008-10-20 10:35:45,0
122,40.796892,117.343351,39.98391696977997,116.3644588585819,2009-09-02 15:58:10,0
42,39.997405,116.3190316,39.98391696977997,116.3644588585819,2008-10-11 04:34:25,0
141,39.9937216666667,116.30327,39.98391696977997,116.3644588585819,2011-10-08 10:04:12,0
25,40.05198,116.2878633,39.98391696977997,116.3644588585819,2009-04-21 04:19:57,0
36,39.980163,116.338568,39.98391696977997,116.3644588585819,2009-04-10 16:20:55,0
112,39.972755,116.3277966,39.98391696977997,116.3644588585819,2008-05-22 15:59:04,0
68,39.994392,116.417871,39.98391696977997,116.3644588585819,2008-10-24 00:28:34,0
52,39.975048,116.336717,39.98391696977997,116.3644588585819,2008-08-24 23:43:33,0
163,39.990591703,116.457044038,39.98391696977997,116.3644588585819,2012-07-15 19:13:25,0
14,40.1927066,116.5251283,39.98391696977997,116.3644588585819,2008-11-23 02:09:48,0
37,39.85609,116.3797249,39.98391696977997,116.3644588585819,2009-07-16 09:27:06,0
17,40.0167399,116.3418683,39.98391696977997,116.3644588585819,2009-06-28 16:02:36,0
144,39.9455,116.2714483,39.98391696977997,116.3644588585819,2008-05-17 08:39:56,0
128,39.9860566,116.3614299,39.98391696977997,116.3644588585819,2009-06-23 01:29:01,0
153,40.014305,116.451889,39.98391696977997,116.3644588585819,2010-02-21 09:55:20,0
62,39.9657299,116.3172383,39.98391696977997,116.3644588585819,2008-12-15 03:33:40,0
128,40.069095,116.4757849,39.98391696977997,116.3644588585819,2009-06-14 09:11:15,0
17,40.9858683,117.4010449,39.98391696977997,116.3644588585819,2009-01-27 08:40:06,0
10,39.862629,116.374798,39.98391696977997,116.3644588585819,2008-12-07 11:43:14,0
41,39.8752083,116.2715249,39.98391696977997,116.3644588585819,2009-03-30 04:34:37,0
157,39.8732833333333,116.247183333333,39.98391696977997,116.3644588585819,2007-08-08 03:16:33,0
153,40.589806,117.163075,39.98391696977997,116.3644588585819,2009-09-19 13:27:14,0
17,39.8994383,116.3043449,39.98391696977997,116.3644588585819,2009-06-04 07:49:33,0
179,40.088276,116.305924,39.98391696977997,116.3644588585819,2008-08-20 14:25:29,0
25,40.0477233,116.2932116,39.98391696977997,116.3644588585819,2009-04-30 07:24:54,0
65,39.9642033333333,116.324973333333,39.98391696977997,116.3644588585819,2011-09-23 15:30:56,0
4,40.003054,116.325159,39.98391696977997,116.3644588585819,2009-04-17 09:28:10,0
34,39.9381316,116.3409316,39.98391696977997,116.3644588585819,2009-07-06 02:30:38,0
13,39.954626,116.422897,39.98391696977997,116.3644588585819,2009-01-19 19:54:26,0
153,39.981087,116.445959,39.98391696977997,116.3644588585819,2009-09-05 06:11:13,0
25,39.9886766,116.3068466,39.98391696977997,116.3644588585819,2009-05-11 03:27:25,0
30,39.990392,116.326807,39.98391696977997,116.3644588585819,2009-02-20 14:26:07,0
62,39.8462,116.2774366,39.98391696977997,116.3644588585819,2008-07-29 08:06:06,0
168,40.065848,116.405021,39.98391696977997,116.3644588585819,2011-08-02 16:51:47,0
85,39.863704,116.347017,39.98391696977997,116.3644588585819,2008-05-22 06:30:22,0
73,39.9722149,116.3246866,39.98391696977997,116.3644588585819,2008-08-20 10:08:28,0
41,39.9208883,116.3041466,39.98391696977997,116.3644588585819,2009-03-10 22:13:50,0
42,39.9058016,116.3441733,39.98391696977997,116.3644588585819,2009-02-11 09:00:00,0
41,39.88189,116.4447216,39.98391696977997,116.3644588585819,2009-06-08 01:35:59,0
144,39.9959183,116.4565316,39.98391696977997,116.3644588585819,2009-03-19 10:34:30,0
153,40.085988,116.574402,39.98391696977997,116.3644588585819,2009-05-07 21:20:50,0
141,40.008585,116.389095,39.98391696977997,116.3644588585819,2011-09-10 06:32:37,0
41,39.8292833,116.2972399,39.98391696977997,116.3644588585819,2009-05-16 05:01:06,0
84,39.987103,116.40928,39.98391696977997,116.3644588585819,2008-09-10 23:47:42,0
10,40.078154,116.326578,39.98391696977997,116.3644588585819,2009-01-14 06:00:39,0
68,39.94135,116.410511,39.98391696977997,116.3644588585819,2009-03-14 07:13:42,0
35,39.981806,116.32121,39.98391696977997,116.3644588585819,2009-02-27 08:20:43,0
36,39.985697,116.347564,39.98391696977997,116.3644588585819,2009-03-17 05:16:32,0
22,39.973576,116.334332,39.98391696977997,116.3644588585819,2009-04-13 01:26:57,0
110,39.9907099,116.3122283,39.98391696977997,116.3644588585819,2007-12-29 17:13:12,0
38,39.9672399,116.3021783,39.98391696977997,116.3644588585819,2009-02-25 05:53:35,0
26,39.986265,116.310163,39.98391696977997,116.3644588585819,2009-03-13 10:41:32,0
153,40.030997,116.434868,39.98391696977997,116.3644588585819,2011-09-19 09:26:13,0
41,39.9280599,116.4838,39.98391696977997,116.3644588585819,2009-02-17 00:18:50,0
50,39.90351105,116.36761475,39.98391696977997,116.3644588585819,2009-08-08 23:42:45,0
142,39.90636,116.367996,39.98391696977997,116.3644588585819,2008-12-25 14:01:03,0
52,40.029737,116.407949,39.98391696977997,116.3644588585819,2008-08-20 02:59:06,0
2,39.927612,116.337705,39.98391696977997,116.3644588585819,2008-11-07 13:08:11,0
153,39.948159,116.472526,39.98391696977997,116.3644588585819,2009-03-08 07:00:33,0
128,40.0765333,116.3269649,39.98391696977997,116.3644588585819,2011-01-04 12:00:40,0
50,39.9725646972656,116.312492370605,39.98391696977997,116.3644588585819,2009-08-03 09:37:47,0
4,39.980943,116.299737,39.98391696977997,116.3644588585819,2009-06-17 05:52:21,0
4,40.017356,116.319904,39.98391696977997,116.3644588585819,2008-11-16 23:44:20,0
85,40.069774,116.313525,39.98391696977997,116.3644588585819,2009-06-23 04:19:14,0
17,40.0763349,116.1806866,39.98391696977997,116.3644588585819,2009-04-06 07:25:32,0
25,39.9036516,116.4196583,39.98391696977997,116.3644588585819,2009-07-08 10:08:06,0
22,39.990829,116.313241,39.98391696977997,116.3644588585819,2009-02-21 00:20:27,0
68,39.970422,116.418806,39.98391696977997,116.3644588585819,2009-01-15 02:12:12,0
96,39.977804,116.327142,39.98391696977997,116.3644588585819,2008-10-15 02:41:37,0
126,39.993724,116.309643,39.98391696977997,116.3644588585819,2008-10-16 08:56:26,0
2,39.898569,116.371007,39.98391696977997,116.3644588585819,2009-01-09 11:34:49,0
38,39.9691316,116.3025833,39.98391696977997,116.3644588585819,2009-03-07 00:51:21,0
41,39.8666816,116.2572283,39.98391696977997,116.3644588585819,2009-06-24 21:59:50,0
41,39.8718216,116.3152316,39.98391696977997,116.3644588585819,2009-03-14 12:56:53,0
115,39.9078,116.5923732,39.98391696977997,116.3644588585819,2008-05-22 12:19:03,0
167,39.944952,116.350016,39.98391696977997,116.3644588585819,2008-10-11 05:08:14,0
1,39.992358,116.210208,39.98391696977997,116.3644588585819,2008-10-25 10:34:31,0
10,39.981661,116.333348,39.98391696977997,116.3644588585819,2008-12-12 11:30:08,0
84,39.937092,116.332526,39.98391696977997,116.3644588585819,2008-08-20 12:30:34,0
41,40.0368866,116.7040233,39.98391696977997,116.3644588585819,2009-06-10 08:01:11,0
24,40.087421,116.433329,39.98391696977997,116.3644588585819,2009-05-18 10:14:39,0
153,39.953347,116.483425,39.98391696977997,116.3644588585819,2008-10-27 07:33:03,0
17,39.6371666,116.6875683,39.98391696977997,116.3644588585819,2009-05-28 04:44:01,0
65,39.9653283333333,116.325453333333,39.98391696977997,116.3644588585819,2011-09-17 04:06:54,0
3,39.99984,116.327174,39.98391696977997,116.3644588585819,2008-12-09 09:34:41,0
163,39.987599202,116.414879036,39.98391696977997,116.3644588585819,2012-06-29 08:00:38,0
153,39.985683,116.4609,39.98391696977997,116.3644588585819,2011-01-22 06:08:08,0
140,39.8921333333333,116.463516666667,39.98391696977997,116.3644588585819,2007-05-06 12:44:44,0
163,39.86499,116.4878666,39.98391696977997,116.3644588585819,2008-06-20 02:23:25,0
153,40.000175119,116.460153548,39.98391696977997,116.3644588585819,2011-11-17 08:16:28,0
128,39.9679483,116.3279249,39.98391696977997,116.3644588585819,2008-07-08 10:32:33,0
96,40.080505,116.301535,39.98391696977997,116.3644588585819,2008-08-31 12:34:10,0
85,39.9014,116.3366249,39.98391696977997,116.3644588585819,2008-09-16 10:25:19,0
68,39.934883,116.410859,39.98391696977997,116.3644588585819,2008-10-02 04:15:07,0
168,39.996228,116.394425,39.98391696977997,116.3644588585819,2011-07-26 23:11:00,0
140,40.0022316,116.2036216,39.98391696977997,116.3644588585819,2009-03-27 09:26:29,0
112,39.97344,116.2785683,39.98391696977997,116.3644588585819,2008-05-24 11:18:51,0
14,39.997295,116.380715,39.98391696977997,116.3644588585819,2009-01-21 07:00:23,0
36,39.98591,116.345403,39.98391696977997,116.3644588585819,2009-03-17 06:59:07,0
16,40.000007,116.346393,39.98391696977997,116.3644588585819,2008-11-12 00:11:50,0
68,39.996299,116.417047,39.98391696977997,116.3644588585819,2009-04-10 11:55:46,0
141,39.979135,116.327003333333,39.98391696977997,116.3644588585819,2011-09-19 00:21:15,0
7,40.601034,116.731276,39.98391696977997,116.3644588585819,2008-11-01 09:54:31,0
153,39.9083933,116.4719616,39.98391696977997,116.3644588585819,2008-05-29 13:03:57,0
4,39.997372,116.321899,39.98391696977997,116.3644588585819,2009-04-16 00:22:33,0
17,39.9790683,116.3882033,39.98391696977997,116.3644588585819,2009-04-09 09:56:21,0
42,39.7954016,116.3410249,39.98391696977997,116.3644588585819,2009-03-17 03:59:03,0
6,39.978422,116.339481,39.98391696977997,116.3644588585819,2008-12-01 11:00:18,0
167,39.974984,116.329175,39.98391696977997,116.3644588585819,2008-12-08 15:49:23,0
41,39.8662083,116.2766083,39.98391696977997,116.3644588585819,2009-06-29 07:02:16,0
85,39.983615,116.305762,39.98391696977997,116.3644588585819,2009-08-08 09:49:14,0
147,39.975374,116.329749,39.98391696977997,116.3644588585819,2011-03-06 19:32:24,0
52,39.985986,116.352949,39.98391696977997,116.3644588585819,2008-06-09 17:46:01,0
153,39.9620566,116.3034183,39.98391696977997,116.3644588585819,2008-06-08 09:12:57,0
68,39.781383,116.171458,39.98391696977997,116.3644588585819,2008-10-02 23:41:37,0
85,40.04086,116.307588,39.98391696977997,116.3644588585819,2009-09-10 11:27:20,0
34,39.9147783,116.3287516,39.98391696977997,116.3644588585819,2009-07-08 05:01:56,0
17,39.8667766,116.368195,39.98391696977997,116.3644588585819,2008-11-20 06:29:54,0
4,39.992111,116.326743,39.98391696977997,116.3644588585819,2009-02-20 14:27:03,0
153,40.049777597,116.424226405,39.98391696977997,116.3644588585819,2012-03-03 17:12:19,0
8,39.951867,116.344312,39.98391696977997,116.3644588585819,2008-11-12 14:02:48,0
153,39.986083,116.450753,39.98391696977997,116.3644588585819,2010-04-18 13:27:30,0
44,39.998007,116.326791,39.98391696977997,116.3644588585819,2009-03-25 08:45:19,0
41,39.8956533,116.2848133,39.98391696977997,116.3644588585819,2009-06-11 05:45:39,0
128,40.1837366,116.3588466,39.98391696977997,116.3644588585819,2009-12-19 07:32:19,0
37,39.9585316,116.4796866,39.98391696977997,116.3644588585819,2009-04-03 06:33:41,0
93,39.9036999,116.3934849,39.98391696977997,116.3644588585819,2008-08-23 10:24:33,0
30,40.002419,116.325539,39.98391696977997,116.3644588585819,2009-02-11 04:29:05,0
50,39.96783065,116.311508183333,39.98391696977997,116.3644588585819,2009-08-06 12:01:51,0
13,39.967641,116.403569,39.98391696977997,116.3644588585819,2008-11-16 23:43:13,0
167,40.382192,116.667966,39.98391696977997,116.3644588585819,2008-05-01 02:21:40,0
14,39.9995316,116.3756,39.98391696977997,116.3644588585819,2008-11-06 12:16:13,0
165,39.9913233333333,116.3313,39.98391696977997,116.3644588585819,2011-11-13 02:16:27,0
14,40.2768116,116.7095383,39.98391696977997,116.3644588585819,2009-01-21 02:15:47,0
35,39.981361,116.321321,39.98391696977997,116.3644588585819,2009-04-02 22:39:12,0
65,39.98297,116.329513333333,39.98391696977997,116.3644588585819,2011-09-18 01:14:07,0
144,39.995024,116.333949,39.98391696977997,116.3644588585819,2009-07-26 08:47:31,0
85,39.955373,116.271927,39.98391696977997,116.3644588585819,2008-09-29 12:02:32,0
17,39.9663166,116.3756816,39.98391696977997,116.3644588585819,2008-11-14 06:44:21,0
52,39.985319,116.35111,39.98391696977997,116.3644588585819,2008-06-05 08:33:33,0
153,39.960767,116.441723,39.98391696977997,116.3644588585819,2009-05-09 04:52:58,0
15,39.999348,116.3273,39.98391696977997,116.3644588585819,2009-03-03 09:36:13,0
41,39.776555,116.4986866,39.98391696977997,116.3644588585819,2009-04-11 04:30:55,0
84,39.971201,116.502531,39.98391696977997,116.3644588585819,2008-08-24 06:06:26,0
17,39.9667366,116.3790466,39.98391696977997,116.3644588585819,2008-12-02 04:07:16,0
14,39.9846266,116.3179366,39.98391696977997,116.3644588585819,2008-10-30 09:22:07,0
17,39.9857433,116.3460233,39.98391696977997,116.3644588585819,2009-05-16 01:12:46,0
17,39.9673816,116.4069233,39.98391696977997,116.3644588585819,2009-01-20 00:40:32,0
22,40.058175,116.403836,39.98391696977997,116.3644588585819,2009-07-20 07:08:58,0
17,39.9818166,116.3210149,39.98391696977997,116.3644588585819,2009-03-19 09:57:36,0
2,39.932311,116.454745,39.98391696977997,116.3644588585819,2008-12-13 02:27:56,0
2,39.923105,116.338746,39.98391696977997,116.3644588585819,2008-11-06 00:26:47,0
39,40.000031,116.354183,39.98391696977997,116.3644588585819,2009-02-15 10:48:44,0
38,39.9861516,116.3054183,39.98391696977997,116.3644588585819,2009-03-01 04:04:54,0
50,39.9320526123047,116.306274414062,39.98391696977997,116.3644588585819,2009-08-04 19:14:08,0
92,40.0299366,116.4098899,39.98391696977997,116.3644588585819,2008-08-14 14:37:11,0
163,39.97495,116.341716666667,39.98391696977997,116.3644588585819,2007-10-23 14:59:47,0
84,40.21241,116.216158,39.98391696977997,116.3644588585819,2009-08-08 08:55:11,0
85,39.935858,116.333296,39.98391696977997,116.3644588585819,2008-11-10 04:56:11,0
33,39.982448,116.326532,39.98391696977997,116.3644588585819,2008-12-23 01:07:37,0
141,39.9859433333333,116.186486666667,39.98391696977997,116.3644588585819,2011-10-22 04:10:19,0
84,39.973159,116.418506,39.98391696977997,116.3644588585819,2008-09-25 00:23:13,0
35,39.974565,116.343413,39.98391696977997,116.3644588585819,2009-02-27 02:00:53,0
2,39.900532,116.350717,39.98391696977997,116.3644588585819,2009-01-20 10:29:22,0
1,39.999098,116.16347,39.98391696977997,116.3644588585819,2008-10-25 04:52:52,0
37,39.9628583,116.2827299,39.98391696977997,116.3644588585819,2009-03-20 00:09:17,0
37,39.9867316,116.3906333,39.98391696977997,116.3644588585819,2009-03-18 02:04:35,0
34,40.0750516,116.3171333,39.98391696977997,116.3644588585819,2009-02-15 03:54:18,0
126,40.221127,116.275326,39.98391696977997,116.3644588585819,2008-12-20 07:43:01,0
179,40.005182,116.321372,39.98391696977997,116.3644588585819,2008-11-15 03:37:55,0
42,40.0874216,116.5434299,39.98391696977997,116.3644588585819,2009-05-06 08:08:58,0
153,39.926246,116.472076,39.98391696977997,116.3644588585819,2009-10-20 10:20:25,0
4,39.99978,116.323676,39.98391696977997,116.3644588585819,2008-10-30 11:41:33,0
1,39.996981,116.177918,39.98391696977997,116.3644588585819,2008-10-25 07:49:36,0
165,39.9773,116.310343333333,39.98391696977997,116.3644588585819,2011-11-18 01:48:22,0
153,39.888366,116.455185,39.98391696977997,116.3644588585819,2009-09-10 10:33:02,0
0,40.102556,116.082322,39.98391696977997,116.3644588585819,2009-06-13 08:18:57,0
12,39.515077,116.693063,39.98391696977997,116.3644588585819,2008-11-14 13:01:06,0
179,40.002423,116.315403,39.98391696977997,116.3644588585819,2008-10-26 05:46:37,0
68,39.941669,116.410453,39.98391696977997,116.3644588585819,2009-08-19 01:49:55,0
153,39.98934,116.451221,39.98391696977997,116.3644588585819,2009-07-14 09:15:43,0
17,40.0151016,116.3395499,39.98391696977997,116.3644588585819,2008-10-30 10:06:14,0
2,39.905932,116.363613,39.98391696977997,116.3644588585819,2009-02-27 14:14:55,0
159,39.9783733333333,116.333983333333,39.98391696977997,116.3644588585819,2012-05-07 15:29:25,0
165,39.9914033333333,116.328206666667,39.98391696977997,116.3644588585819,2011-11-19 02:01:26,0
50,39.956772,116.284168,39.98391696977997,116.3644588585819,2009-07-21 13:27:49,0
67,39.977465,116.305263333333,39.98391696977997,116.3644588585819,2011-04-11 10:46:01,0
30,40.008747,116.316751,39.98391696977997,116.3644588585819,2009-05-24 16:50:44,0
41,39.8309183,116.4050233,39.98391696977997,116.3644588585819,2009-07-10 02:06:44,0
3,40.000898,116.326917,39.98391696977997,116.3644588585819,2009-06-24 09:45:33,0
30,40.006116,116.324193,39.98391696977997,116.3644588585819,2009-01-21 16:04:31,0
68,39.993753,116.417998,39.98391696977997,116.3644588585819,2009-05-10 13:36:29,0
144,40.0152149,116.4466533,39.98391696977997,116.3644588585819,2008-12-02 00:33:53,0
167,39.966653,116.383926,39.98391696977997,116.3644588585819,2008-06-01 05:48:16,0
125,39.893291,116.316372,39.98391696977997,116.3644588585819,2008-08-27 10:07:20,0
8,39.960605,116.360715,39.98391696977997,116.3644588585819,2008-11-12 10:37:23,0
65,40.0763883333333,116.330435,39.98391696977997,116.3644588585819,2011-08-28 08:01:50,0
153,40.020958,116.403639,39.98391696977997,116.3644588585819,2011-03-13 09:57:11,0
67,39.97777,116.335085,39.98391696977997,116.3644588585819,2011-04-09 15:59:33,0
167,39.980223,116.327505,39.98391696977997,116.3644588585819,2008-12-02 15:36:57,0
153,39.941484,116.304287,39.98391696977997,116.3644588585819,2008-09-08 09:48:49,0
153,39.956976,116.449658,39.98391696977997,116.3644588585819,2011-06-22 09:31:15,0
115,39.9094866,116.4558249,39.98391696977997,116.3644588585819,2008-08-24 15:15:03,0
144,40.03098,116.430491,39.98391696977997,116.3644588585819,2009-09-18 05:31:44,0
0,40.004368,116.322183,39.98391696977997,116.3644588585819,2009-04-24 03:55:30,0
15,39.985203,116.326925,39.98391696977997,116.3644588585819,2008-11-05 05:41:56,0
13,39.966942,116.376736,39.98391696977997,116.3644588585819,2008-10-15 23:41:04,0
4,40.008344,116.324308,39.98391696977997,116.3644588585819,2009-03-21 16:01:18,0
30,40.006947,116.321156,39.98391696977997,116.3644588585819,2009-02-10 01:07:53,0
85,39.984787,116.326871,39.98391696977997,116.3644588585819,2008-10-20 07:16:31,0
38,39.96887,116.3089149,39.98391696977997,116.3644588585819,2009-02-24 10:40:37,0
153,39.974430852,116.346983084,39.98391696977997,116.3644588585819,2011-10-29 14:16:52,0
22,39.992799,116.331105,39.98391696977997,116.3644588585819,2009-07-21 10:14:22,0
167,40.002092,116.268662,39.98391696977997,116.3644588585819,2008-09-29 01:47:39,0
85,39.980691,116.327873,39.98391696977997,116.3644588585819,2008-05-30 22:55:31,0
35,39.974937,116.342228,39.98391696977997,116.3644588585819,2009-04-13 02:55:16,0
165,39.9746416666667,116.309063333333,39.98391696977997,116.3644588585819,2011-11-21 01:31:35,0
82,40.059971,116.388246,39.98391696977997,116.3644588585819,2009-04-02 19:35:05,0
144,40.272059,116.648423,39.98391696977997,116.3644588585819,2009-08-09 07:37:21,0
179,40.087111,116.304885,39.98391696977997,116.3644588585819,2008-09-15 04:24:12,0
84,39.934798,116.402533,39.98391696977997,116.3644588585819,2008-10-30 11:36:55,0
2,39.923071,116.338387,39.98391696977997,116.3644588585819,2009-02-20 12:23:30,0
0,39.999645,116.327065,39.98391696977997,116.3644588585819,2009-05-16 12:03:51,0
115,39.9084933,116.5948316,39.98391696977997,116.3644588585819,2008-07-17 21:53:18,0
68,39.989586,116.419248,39.98391696977997,116.3644588585819,2009-06-01 10:52:49,0
85,40.041836,116.405113,39.98391696977997,116.3644588585819,2008-05-25 10:23:41,0
11,39.9440716,116.3501349,39.98391696977997,116.3644588585819,2008-11-13 06:21:10,0
122,40.714025,117.258674,39.98391696977997,116.3644588585819,2009-09-02 15:44:51,0
4,39.99166,116.327673,39.98391696977997,116.3644588585819,2009-02-16 10:44:23,0
153,40.002621728,116.445813207,39.98391696977997,116.3644588585819,2011-10-08 08:04:48,0
17,39.9922333,116.3811433,39.98391696977997,116.3644588585819,2009-04-03 08:56:24,0
33,40.1169,116.579632,39.98391696977997,116.3644588585819,2009-01-18 03:22:51,0
34,39.847405,116.3385299,39.98391696977997,116.3644588585819,2009-07-10 10:33:57,0
19,40.0940016,116.5187316,39.98391696977997,116.3644588585819,2008-11-14 05:04:57,0
135,39.968317,116.399578,39.98391696977997,116.3644588585819,2009-01-03 05:15:49,0
68,39.934425,116.303741,39.98391696977997,116.3644588585819,2009-06-19 10:47:46,0
36,39.943951,116.410458,39.98391696977997,116.3644588585819,2009-07-02 08:14:13,0
128,40.1087283,116.0889249,39.98391696977997,116.3644588585819,2008-11-16 03:24:19,0
24,40.377124,115.894718,39.98391696977997,116.3644588585819,2009-01-28 02:45:38,0
73,39.8660983,116.4942466,39.98391696977997,116.3644588585819,2008-05-31 14:53:22,0
41,39.9106866,116.6510966,39.98391696977997,116.3644588585819,2009-04-29 07:21:45,0
35,40.030267,116.360045,39.98391696977997,116.3644588585819,2009-03-08 04:01:05,0
62,39.8573649,116.4307733,39.98391696977997,116.3644588585819,2008-08-03 07:18:31,0
167,39.985677,116.334032,39.98391696977997,116.3644588585819,2009-02-07 00:56:37,0
167,39.987017,116.401864,39.98391696977997,116.3644588585819,2008-05-30 07:14:46,0
83,39.9764783,116.4043433,39.98391696977997,116.3644588585819,2009-01-09 01:52:37,0
84,39.934699,116.430225,39.98391696977997,116.3644588585819,2008-12-05 10:13:13,0
163,40.063557,116.583029,39.98391696977997,116.3644588585819,2009-04-19 02:00:22,0
85,39.991239,116.331106,39.98391696977997,116.3644588585819,2009-09-15 12:32:23,0
65,39.9752316666667,116.32363,39.98391696977997,116.3644588585819,2011-09-05 11:06:24,0
41,40.0380483,116.6745933,39.98391696977997,116.3644588585819,2009-05-25 06:13:18,0
17,39.9820383,116.4099183,39.98391696977997,116.3644588585819,2008-12-10 08:42:57,0
20,39.979555,116.311553333333,39.98391696977997,116.3644588585819,2011-09-29 02:05:45,0
167,39.967735,116.347203,39.98391696977997,116.3644588585819,2008-09-20 06:43:53,0
17,39.9834883,116.3779783,39.98391696977997,116.3644588585819,2008-11-06 02:10:15,0
34,40.0093799,116.3345066,39.98391696977997,116.3644588585819,2009-03-04 02:11:46,0
41,39.9757333,116.4052833,39.98391696977997,116.3644588585819,2009-04-22 13:57:56,0
38,39.9950266,116.1966566,39.98391696977997,116.3644588585819,2009-07-12 20:11:28,0
144,39.987317,116.416333,39.98391696977997,116.3644588585819,2009-09-04 11:08:50,0
50,39.9678993225098,116.311805725098,39.98391696977997,116.3644588585819,2009-08-06 19:51:55,0
38,39.9685049,116.3094216,39.98391696977997,116.3644588585819,2009-03-09 13:16:10,0
4,40.002653,116.31803,39.98391696977997,116.3644588585819,2008-12-16 09:46:35,0
62,39.9937916,116.2983066,39.98391696977997,116.3644588585819,2008-08-15 10:44:56,0
74,39.9761816666667,116.331473333333,39.98391696977997,116.3644588585819,2012-02-21 13:53:51,0
126,39.972219,116.422846,39.98391696977997,116.3644588585819,2008-11-26 09:05:51,0
30,39.997793,116.326665,39.98391696977997,116.3644588585819,2009-03-09 10:40:11,0
70,39.954687,116.42308,39.98391696977997,116.3644588585819,2008-10-06 11:38:55,0
25,40.1553983,116.4026916,39.98391696977997,116.3644588585819,2009-04-05 02:27:42,0
44,40.069415,116.327181,39.98391696977997,116.3644588585819,2009-02-27 12:41:36,0
179,40.082849,116.314704,39.98391696977997,116.3644588585819,2008-10-26 01:53:35,0
153,39.916244,116.47185,39.98391696977997,116.3644588585819,2008-09-30 05:34:38,0
85,40.740098,117.321791,39.98391696977997,116.3644588585819,2009-09-04 09:26:53,0
153,39.965396,116.520001,39.98391696977997,116.3644588585819,2009-11-28 06:03:58,0
38,39.9669866,116.30758,39.98391696977997,116.3644588585819,2009-04-15 03:02:35,0
141,40.0181933333333,116.389488333333,39.98391696977997,116.3644588585819,2011-09-10 07:25:46,0
17,39.9328583,116.3494633,39.98391696977997,116.3644588585819,2009-04-13 05:50:11,0
153,39.960117,116.451104,39.98391696977997,116.3644588585819,2011-01-23 08:42:09,0
153,39.870806,116.347904,39.98391696977997,116.3644588585819,2011-02-02 04:50:28,0
165,39.974775,116.33336,39.98391696977997,116.3644588585819,2011-11-21 01:19:20,0
13,39.965742,116.418851,39.98391696977997,116.3644588585819,2008-10-19 23:28:59,0
28,39.944928,116.128388,39.98391696977997,116.3644588585819,2009-02-10 10:36:55,0
41,40.1532383,116.47619,39.98391696977997,116.3644588585819,2009-04-23 07:52:40,0
128,39.933655,116.3900516,39.98391696977997,116.3644588585819,2010-08-08 09:35:53,0
42,39.8791083,116.34372,39.98391696977997,116.3644588585819,2009-02-13 09:10:27,0
30,39.946841,116.79353,39.98391696977997,116.3644588585819,2009-06-21 05:28:35,0
84,39.980043,116.328139,39.98391696977997,116.3644588585819,2008-08-25 14:05:35,0
144,40.005147,116.486671,39.98391696977997,116.3644588585819,2009-07-04 02:00:02,0
38,39.9684066,116.3088849,39.98391696977997,116.3644588585819,2009-03-03 09:18:05,0
25,39.9483116,116.3874066,39.98391696977997,116.3644588585819,2009-03-11 03:33:40,0
17,40.0167516,116.3421249,39.98391696977997,116.3644588585819,2009-06-21 14:13:16,0
14,39.9567783,116.3406633,39.98391696977997,116.3644588585819,2008-10-30 05:56:30,0
140,39.9921449,116.4409083,39.98391696977997,116.3644588585819,2009-05-02 09:07:47,0
0,39.960579,116.363844,39.98391696977997,116.3644588585819,2009-07-02 06:10:33,0
128,40.0711183,116.32881,39.98391696977997,116.3644588585819,2009-09-22 00:52:17,0
153,39.941606,116.455875,39.98391696977997,116.3644588585819,2008-10-06 01:55:37,0
126,39.895966,116.614617,39.98391696977997,116.3644588585819,2008-06-07 01:05:08,0
121,39.905574,116.390233,39.98391696977997,116.3644588585819,2009-10-11 15:30:59,0
128,40.087195,116.3997649,39.98391696977997,116.3644588585819,2009-10-31 03:05:11,0
153,39.97691,116.452189,39.98391696977997,116.3644588585819,2009-10-02 10:26:22,0
13,39.975147,116.343171,39.98391696977997,116.3644588585819,2008-11-06 23:32:01,0
35,39.981645,116.321076,39.98391696977997,116.3644588585819,2009-04-08 21:45:26,0
168,39.947712,116.39024,39.98391696977997,116.3644588585819,2011-06-28 23:10:12,0
128,40.0766483,116.3257266,39.98391696977997,116.3644588585819,2009-07-27 11:53:54,0
9,39.992078,116.332445,39.98391696977997,116.3644588585819,2008-12-14 08:24:25,0
37,39.9324116,116.4379466,39.98391696977997,116.3644588585819,2009-04-13 03:01:56,0
65,39.9803066666667,116.328545,39.98391696977997,116.3644588585819,2011-09-02 10:53:08,0
88,39.9509516,116.3493666,39.98391696977997,116.3644588585819,2008-09-27 12:47:25,0
153,39.9164699,116.471775,39.98391696977997,116.3644588585819,2008-06-06 00:37:30,0
167,39.971434,116.42199,39.98391696977997,116.3644588585819,2008-12-13 08:54:51,0
38,39.9679483,116.3088933,39.98391696977997,116.3644588585819,2009-03-22 14:13:32,0
62,39.9845966,116.3245799,39.98391696977997,116.3644588585819,2008-08-04 23:03:08,0
41,39.8668366,116.3406916,39.98391696977997,116.3644588585819,2009-04-16 00:54:36,0
41,39.8692066,116.432735,39.98391696977997,116.3644588585819,2009-05-26 00:22:30,0
153,39.93224,116.465023,39.98391696977997,116.3644588585819,2008-09-28 04:46:06,0
163,40.016299568,116.387304857,39.98391696977997,116.3644588585819,2012-01-26 16:09:46,0
19,39.8961033,116.3882483,39.98391696977997,116.3644588585819,2008-12-11 04:48:27,0
17,40.0128949,116.2893083,39.98391696977997,116.3644588585819,2008-11-22 07:22:28,0
17,39.985115,116.3423183,39.98391696977997,116.3644588585819,2009-03-13 10:38:33,0
119,40.001672,116.410837,39.98391696977997,116.3644588585819,2008-09-07 10:00:56,0
103,39.9706633,116.3485749,39.98391696977997,116.3644588585819,2008-09-02 04:58:13,0
4,39.940669,116.784306,39.98391696977997,116.3644588585819,2009-01-17 13:46:14,0
163,39.981355332,116.302069591,39.98391696977997,116.3644588585819,2011-12-09 10:33:56,0
144,40.023852,116.367796,39.98391696977997,116.3644588585819,2009-08-08 10:49:42,0
48,40.096804,116.474885,39.98391696977997,116.3644588585819,2009-09-04 16:47:38,0
128,39.995385,116.1932216,39.98391696977997,116.3644588585819,2009-09-20 02:22:17,0
41,39.9839366,116.2995583,39.98391696977997,116.3644588585819,2009-06-06 13:25:09,0
168,40.069579,116.342217,39.98391696977997,116.3644588585819,2009-09-29 12:08:14,0
25,39.9553216,116.3034133,39.98391696977997,116.3644588585819,2009-05-11 09:05:57,0
30,39.9471,116.784152,39.98391696977997,116.3644588585819,2009-03-07 06:01:44,0
128,39.91837,116.3502833,39.98391696977997,116.3644588585819,2009-05-17 04:41:24,0
153,39.986092,116.449542,39.98391696977997,116.3644588585819,2011-01-05 00:00:02,0
128,39.9070866,116.4422183,39.98391696977997,116.3644588585819,2009-12-26 12:36:07,0
2,39.911516,116.346606,39.98391696977997,116.3644588585819,2009-02-17 11:16:12,0
52,39.985034,116.352629,39.98391696977997,116.3644588585819,2008-06-04 21:27:43,0
41,39.8482433,116.3208199,39.98391696977997,116.3644588585819,2009-04-19 04:32:37,0
22,40.069354,116.329389,39.98391696977997,116.3644588585819,2009-03-09 13:08:06,0
115,40.0016933,116.3281766,39.98391696977997,116.3644588585819,2008-09-20 08:56:39,0
78,39.921124,116.437821,39.98391696977997,116.3644588585819,2008-07-27 12:04:32,0
59,39.9776883333333,116.309706666667,39.98391696977997,116.3644588585819,2011-08-29 10:17:32,0
41,39.8593499,116.2385433,39.98391696977997,116.3644588585819,2009-05-05 00:39:34,0
41,40.0447533,116.8008149,39.98391696977997,116.3644588585819,2009-05-20 06:57:45,0
153,39.967698,116.41127,39.98391696977997,116.3644588585819,2008-07-12 13:03:52,0
50,39.9734802246094,116.312408447266,39.98391696977997,116.3644588585819,2009-08-01 12:39:11,0
42,39.83814,116.2795316,39.98391696977997,116.3644588585819,2009-02-11 03:53:16,0
128,40.0330016,116.3386533,39.98391696977997,116.3644588585819,2009-08-27 00:31:43,0
17,40.9177516,117.3155583,39.98391696977997,116.3644588585819,2009-01-26 04:28:07,0
96,40.007929,116.319452,39.98391696977997,116.3644588585819,2008-08-27 15:47:56,0
4,40.006034,116.324189,39.98391696977997,116.3644588585819,2009-04-08 03:07:05,0
17,39.9474183,116.3770416,39.98391696977997,116.3644588585819,2009-03-25 02:25:41,0
147,39.976636,116.302875,39.98391696977997,116.3644588585819,2011-05-12 09:48:20,0
153,39.980554207,116.449805862,39.98391696977997,116.3644588585819,2012-03-08 08:04:27,0
168,40.004908,116.401588,39.98391696977997,116.3644588585819,2011-06-26 22:20:45,0
153,39.992641,116.451009,39.98391696977997,116.3644588585819,2009-11-28 08:58:47,0
22,39.973387,116.334344,39.98391696977997,116.3644588585819,2009-06-17 07:58:09,0
17,40.0072466,116.3463333,39.98391696977997,116.3644588585819,2008-11-13 10:26:42,0
62,39.9852483,116.3069583,39.98391696977997,116.3644588585819,2008-08-05 11:39:10,0
42,39.917375,116.3126933,39.98391696977997,116.3644588585819,2009-04-06 05:12:09,0
68,39.973468,116.418402,39.98391696977997,116.3644588585819,2009-06-13 08:18:18,0
17,40.0029999,116.3463683,39.98391696977997,116.3644588585819,2009-02-20 00:07:38,0
4,39.965871,116.305167,39.98391696977997,116.3644588585819,2009-03-22 12:13:19,0
35,39.99074,116.330128,39.98391696977997,116.3644588585819,2009-04-02 12:33:02,0
4,39.949854,116.437762,39.98391696977997,116.3644588585819,2009-02-23 03:01:33,0
50,39.991772,116.338602,39.98391696977997,116.3644588585819,2009-07-25 14:02:47,0
135,39.941625,116.402114,39.98391696977997,116.3644588585819,2008-12-27 07:49:38,0
52,39.984798,116.352589,39.98391696977997,116.3644588585819,2008-06-05 08:25:11,0
128,40.0124849,116.3617133,39.98391696977997,116.3644588585819,2009-07-25 03:13:19,0
39,39.876435,116.395491,39.98391696977997,116.3644588585819,2009-04-05 03:59:50,0
17,39.9850816,116.4390233,39.98391696977997,116.3644588585819,2009-04-08 07:19:10,0
114,39.942953,116.204426,39.98391696977997,116.3644588585819,2010-05-10 13:49:55,0
128,40.2435133,116.1003049,39.98391696977997,116.3644588585819,2009-12-12 05:48:23,0
22,39.971904,116.333277,39.98391696977997,116.3644588585819,2009-02-23 05:19:29,0
128,40.0747216,116.32776,39.98391696977997,116.3644588585819,2010-09-06 11:49:18,0
68,39.960771,116.411821,39.98391696977997,116.3644588585819,2009-09-11 04:14:32,0
84,39.940083,116.349711,39.98391696977997,116.3644588585819,2009-05-24 03:55:23,0
163,39.932214,116.471795,39.98391696977997,116.3644588585819,2009-04-11 06:37:04,0
128,40.1835866,116.3585616,39.98391696977997,116.3644588585819,2011-02-27 06:33:51,0
179,40.076415,116.306078,39.98391696977997,116.3644588585819,2008-11-07 14:07:52,0
65,39.95313138,116.355336142,39.98391696977997,116.3644588585819,2011-08-07 18:20:14,0
153,39.961427,116.489393,39.98391696977997,116.3644588585819,2008-11-11 05:54:14,0
50,39.9897880554199,116.175468444824,39.98391696977997,116.3644588585819,2009-08-18 14:58:39,0
10,39.633548,116.455498,39.98391696977997,116.3644588585819,2008-12-19 14:48:27,0
73,39.8667716,116.4910549,39.98391696977997,116.3644588585819,2008-05-31 07:14:06,0
43,39.873204,116.651529,39.98391696977997,116.3644588585819,2009-06-17 01:36:48,0
17,39.9240433,116.2047283,39.98391696977997,116.3644588585819,2009-01-22 03:12:04,0
22,39.973619,116.332212,39.98391696977997,116.3644588585819,2009-07-09 04:37:40,0
128,40.0659799,116.3161616,39.98391696977997,116.3644588585819,2010-04-24 12:03:16,0
30,39.947626,116.802814,39.98391696977997,116.3644588585819,2009-02-05 07:15:52,0
22,40.058498,116.404071,39.98391696977997,116.3644588585819,2009-07-11 22:26:16,0
153,39.986732,116.495842,39.98391696977997,116.3644588585819,2009-12-26 06:11:33,0
88,39.8559733,116.4115416,39.98391696977997,116.3644588585819,2008-10-04 12:54:03,0
67,39.948201,116.410596,39.98391696977997,116.3644588585819,2011-03-20 08:52:27,0
153,39.986124,116.449576,39.98391696977997,116.3644588585819,2010-04-19 09:51:20,0
50,39.9720764166667,116.253669733333,39.98391696977997,116.3644588585819,2009-08-01 03:29:52,0
78,39.974422,116.327335,39.98391696977997,116.3644588585819,2008-08-14 02:41:46,0
67,39.979078,116.332532,39.98391696977997,116.3644588585819,2011-03-12 21:50:32,0
68,40.037085,116.333921,39.98391696977997,116.3644588585819,2009-07-11 10:22:22,0
85,39.975107,116.321703,39.98391696977997,116.3644588585819,2008-05-06 10:16:56,0
85,39.944073,116.296042,39.98391696977997,116.3644588585819,2008-05-17 09:49:48,0
92,40.0106216,116.3124966,39.98391696977997,116.3644588585819,2008-07-03 15:21:18,0
4,40.009721,116.322833,39.98391696977997,116.3644588585819,2009-07-16 03:50:03,0
65,40.0009583333333,116.326433333333,39.98391696977997,116.3644588585819,2011-09-19 04:33:25,0
112,39.97232,116.3259483,39.98391696977997,116.3644588585819,2008-07-01 19:55:41,0
140,39.9849066,116.3343916,39.98391696977997,116.3644588585819,2008-09-04 01:30:58,0
38,39.9618283,116.3033,39.98391696977997,116.3644588585819,2009-07-18 09:57:31,0
163,39.903965664,116.394784137,39.98391696977997,116.3644588585819,2012-01-24 13:48:20,0
13,39.957002,116.419086,39.98391696977997,116.3644588585819,2008-12-11 23:24:55,0
42,39.9037166,116.2633549,39.98391696977997,116.3644588585819,2009-02-19 10:50:19,0
158,39.978432,116.33248,39.98391696977997,116.3644588585819,2009-01-24 07:36:00,0
141,39.9966616666667,116.276726666667,39.98391696977997,116.3644588585819,2011-10-22 08:03:30,0
7,39.925128,115.998463,39.98391696977997,116.3644588585819,2008-10-26 07:33:54,0
141,39.9771233333333,116.327156666667,39.98391696977997,116.3644588585819,2011-10-14 00:19:14,0
167,39.999791,116.322115,39.98391696977997,116.3644588585819,2008-05-04 04:56:09,0
3,40.079787,116.586701,39.98391696977997,116.3644588585819,2009-05-03 06:05:27,0
42,39.984875,116.3272116,39.98391696977997,116.3644588585819,2008-10-13 14:20:31,0
167,39.981496,116.33315,39.98391696977997,116.3644588585819,2008-06-01 05:18:20,0
167,39.979191,116.327628,39.98391696977997,116.3644588585819,2008-07-17 15:28:35,0
153,39.993176,116.440852,39.98391696977997,116.3644588585819,2009-11-23 00:02:34,0
62,39.98286,116.3521616,39.98391696977997,116.3644588585819,2008-08-17 06:43:18,0
10,40.295921,116.525559,39.98391696977997,116.3644588585819,2009-02-14 03:56:37,0
42,39.7302983,116.3356449,39.98391696977997,116.3644588585819,2009-03-19 04:18:07,0
85,39.991631,116.333106,39.98391696977997,116.3644588585819,2008-05-07 03:19:43,0
128,40.0763816,116.3267799,39.98391696977997,116.3644588585819,2010-05-17 13:50:06,0
24,40.027043,116.307318,39.98391696977997,116.3644588585819,2009-03-13 09:55:11,0
22,40.026402,116.343792,39.98391696977997,116.3644588585819,2009-05-29 05:01:10,0
30,40.000235,116.326894,39.98391696977997,116.3644588585819,2009-02-15 10:06:50,0
1,40.01262,116.311853,39.98391696977997,116.3644588585819,2008-10-27 00:08:07,0
41,39.9084483,116.52446,39.98391696977997,116.3644588585819,2009-04-09 09:41:46,0
41,39.8687666,116.26086,39.98391696977997,116.3644588585819,2009-03-19 03:14:10,0
14,39.96167,116.3601233,39.98391696977997,116.3644588585819,2008-12-16 02:44:34,0
126,39.893858,116.455608,39.98391696977997,116.3644588585819,2008-08-10 12:35:50,0
41,40.0200266,116.2748599,39.98391696977997,116.3644588585819,2009-03-11 10:06:34,0
153,39.956085,116.48207,39.98391696977997,116.3644588585819,2009-08-29 02:31:25,0
2,39.896909,116.208277,39.98391696977997,116.3644588585819,2008-11-09 11:17:48,0
128,39.9441983,116.3569583,39.98391696977997,116.3644588585819,2009-02-08 09:06:40,0
17,39.9856283,116.34281,39.98391696977997,116.3644588585819,2009-01-13 00:15:40,0
163,39.994553649,116.442396177,39.98391696977997,116.3644588585819,2012-07-17 07:44:19,0
68,39.958381,116.418751,39.98391696977997,116.3644588585819,2008-12-15 00:41:45,0
30,40.008338,116.324177,39.98391696977997,116.3644588585819,2009-06-29 10:01:00,0
82,40.069357,116.31393,39.98391696977997,116.3644588585819,2009-05-07 00:49:56,0
14,39.9851766,116.3442783,39.98391696977997,116.3644588585819,2009-03-03 05:31:34,0
163,40.020577,116.435374,39.98391696977997,116.3644588585819,2011-02-07 03:30:23,0
128,39.8765516,116.0954949,39.98391696977997,116.3644588585819,2010-10-30 03:53:25,0
28,40.309113,116.53562,39.98391696977997,116.3644588585819,2009-01-23 07:00:26,0
38,39.9950266,116.1972649,39.98391696977997,116.3644588585819,2009-07-23 15:25:26,0
25,39.99621,116.2976733,39.98391696977997,116.3644588585819,2009-01-03 02:37:47,0
163,39.9073,116.465183333333,39.98391696977997,116.3644588585819,2008-04-05 01:20:41,0
22,39.973508,116.334471,39.98391696977997,116.3644588585819,2009-06-06 10:59:06,0
35,39.977094,116.300718,39.98391696977997,116.3644588585819,2009-04-07 05:55:46,0
25,39.9913883,116.3202799,39.98391696977997,116.3644588585819,2009-04-02 12:04:36,0
33,39.980546,116.700986,39.98391696977997,116.3644588585819,2009-01-16 11:02:48,0
4,39.900751,116.389515,39.98391696977997,116.3644588585819,2009-04-04 10:31:45,0
167,39.96732,116.396491,39.98391696977997,116.3644588585819,2008-04-22 11:43:32,0
42,39.8987916,116.3422016,39.98391696977997,116.3644588585819,2009-02-16 03:43:02,0
36,39.981831,116.344421,39.98391696977997,116.3644588585819,2009-04-07 11:53:05,0
4,39.969276,116.300606,39.98391696977997,116.3644588585819,2009-07-05 14:35:31,0
68,39.996204,116.417174,39.98391696977997,116.3644588585819,2008-11-08 18:33:17,0
58,39.9940133333333,116.331598333333,39.98391696977997,116.3644588585819,2011-03-11 01:29:14,0
22,40.055654,116.406534,39.98391696977997,116.3644588585819,2009-06-17 05:31:39,0
179,40.080189,116.301736,39.98391696977997,116.3644588585819,2008-10-21 01:30:24,0
153,39.961971,116.440017,39.98391696977997,116.3644588585819,2008-10-01 02:57:37,0
153,39.928664,116.472188,39.98391696977997,116.3644588585819,2008-11-14 10:25:12,0
65,39.8025133333333,116.484286666667,39.98391696977997,116.3644588585819,2011-08-30 11:43:59,0
141,39.9853733333333,116.299806666667,39.98391696977997,116.3644588585819,2011-09-18 09:29:05,0
128,40.1741566,116.2346433,39.98391696977997,116.3644588585819,2010-06-05 11:14:23,0
89,39.963365,115.8818316,39.98391696977997,116.3644588585819,2008-05-18 04:14:46,0
153,39.950864,116.464191,39.98391696977997,116.3644588585819,2009-10-17 05:08:27,0
41,40.0225733,116.286945,39.98391696977997,116.3644588585819,2009-06-21 22:39:22,0
138,40.0032833333333,116.322116666667,39.98391696977997,116.3644588585819,2007-06-08 01:27:03,0
68,39.935929,116.31992,39.98391696977997,116.3644588585819,2009-06-28 04:42:31,0
153,39.91473,116.471847,39.98391696977997,116.3644588585819,2009-07-16 04:22:20,0
4,40.000148,116.324684,39.98391696977997,116.3644588585819,2008-12-31 09:59:26,0
52,39.985344,116.348226,39.98391696977997,116.3644588585819,2008-07-09 15:43:57,0
1,39.960748,116.437675,39.98391696977997,116.3644588585819,2008-12-09 08:06:37,0
128,40.0717416,116.3085516,39.98391696977997,116.3644588585819,2008-11-01 09:09:29,0
42,39.7038066,116.3321199,39.98391696977997,116.3644588585819,2009-03-19 04:46:20,0
62,39.9599399,116.4422566,39.98391696977997,116.3644588585819,2008-10-18 12:39:33,0
17,39.9061866,116.2371383,39.98391696977997,116.3644588585819,2009-04-16 09:54:50,0
128,40.0765733,116.3264533,39.98391696977997,116.3644588585819,2008-06-29 14:47:46,0
14,39.9752066,116.3456583,39.98391696977997,116.3644588585819,2008-12-16 03:10:07,0
126,39.9715533,116.39555,39.98391696977997,116.3644588585819,2008-06-02 07:17:59,0
30,39.994445,116.326455,39.98391696977997,116.3644588585819,2009-05-28 00:28:58,0
153,39.983068,116.450714,39.98391696977997,116.3644588585819,2011-06-13 23:37:33,0
153,39.941449,116.380567,39.98391696977997,116.3644588585819,2009-04-05 06:52:22,0
153,40.032636131,116.560738248,39.98391696977997,116.3644588585819,2011-12-24 15:53:41,0
147,39.975044,116.318225,39.98391696977997,116.3644588585819,2011-04-29 10:10:37,0
30,40.003193,116.321436,39.98391696977997,116.3644588585819,2009-02-08 02:18:06,0
165,39.9750983333333,116.324958333333,39.98391696977997,116.3644588585819,2011-11-19 03:18:20,0
95,40.027639,116.312924,39.98391696977997,116.3644588585819,2011-03-07 11:04:50,0
34,39.984245,116.3097349,39.98391696977997,116.3644588585819,2009-03-19 09:23:32,0
68,39.960557,116.418943,39.98391696977997,116.3644588585819,2009-03-13 09:11:54,0
26,39.820746,116.281461,39.98391696977997,116.3644588585819,2009-04-15 05:08:52,0
34,40.0343499,116.3374783,39.98391696977997,116.3644588585819,2009-04-06 09:27:47,0
4,39.99114,116.316554,39.98391696977997,116.3644588585819,2009-07-19 12:21:26,0
17,39.4433399,116.6442283,39.98391696977997,116.3644588585819,2009-05-28 13:11:38,0
95,39.974745,116.310243333333,39.98391696977997,116.3644588585819,2011-05-22 16:27:30,0
41,39.6972416,116.3115649,39.98391696977997,116.3644588585819,2009-05-03 08:27:26,0
3,39.936233,116.367511,39.98391696977997,116.3644588585819,2009-02-27 10:36:18,0
34,39.8813833,116.3426833,39.98391696977997,116.3644588585819,2009-03-12 04:45:28,0
65,39.9689083333333,116.328108333333,39.98391696977997,116.3644588585819,2011-09-18 00:54:20,0
17,39.8875599,116.1902483,39.98391696977997,116.3644588585819,2008-12-22 07:54:06,0
153,39.892563,116.301142,39.98391696977997,116.3644588585819,2011-05-11 13:02:51,0
81,40.091261,116.172623,39.98391696977997,116.3644588585819,2008-05-23 08:56:26,0
3,40.007148,116.320959,39.98391696977997,116.3644588585819,2009-02-28 04:54:42,0
140,39.9145283,116.43834,39.98391696977997,116.3644588585819,2009-03-14 05:29:30,0
163,39.932283,116.463637,39.98391696977997,116.3644588585819,2009-08-30 11:05:02,0
22,39.974723,116.310736,39.98391696977997,116.3644588585819,2009-03-08 10:37:52,0
9,39.989815,116.329278,39.98391696977997,116.3644588585819,2008-11-08 10:47:01,0
13,39.97527,116.332023,39.98391696977997,116.3644588585819,2008-12-10 12:22:56,0
42,39.8254833,116.2839416,39.98391696977997,116.3644588585819,2009-02-11 08:04:25,0
4,39.950304,116.318475,39.98391696977997,116.3644588585819,2009-07-24 09:03:14,0
165,39.96874,116.327696666667,39.98391696977997,116.3644588585819,2011-11-19 06:30:11,0
30,40.000387,116.327033,39.98391696977997,116.3644588585819,2009-05-15 05:31:04,0
126,39.970257,116.422016,39.98391696977997,116.3644588585819,2009-01-15 08:44:50,0
17,40.0249033,116.3452299,39.98391696977997,116.3644588585819,2008-12-05 08:49:58,0
41,39.85507,116.2325,39.98391696977997,116.3644588585819,2009-05-16 04:01:30,0
28,39.924111,116.190617,39.98391696977997,116.3644588585819,2009-04-14 22:49:48,0
4,39.986282,116.310365,39.98391696977997,116.3644588585819,2009-03-13 11:17:58,0
153,40.077998,116.304107,39.98391696977997,116.3644588585819,2011-04-23 09:27:36,0
85,40.066207,116.404932,39.98391696977997,116.3644588585819,2009-09-11 14:26:21,0
7,39.786499,116.380425,39.98391696977997,116.3644588585819,2008-12-12 07:14:47,0
30,40.005941,116.317713,39.98391696977997,116.3644588585819,2009-04-02 11:34:39,0
84,39.932183,116.432483,39.98391696977997,116.3644588585819,2008-10-31 00:40:26,0
30,39.906748,116.497146,39.98391696977997,116.3644588585819,2009-06-05 12:30:54,0
50,39.96645355,116.333045966667,39.98391696977997,116.3644588585819,2009-08-08 07:28:29,0
62,39.8912383,116.2242999,39.98391696977997,116.3644588585819,2008-08-13 09:03:13,0
153,39.905901,116.350484,39.98391696977997,116.3644588585819,2011-01-22 03:00:39,0
10,40.068123,116.61372,39.98391696977997,116.3644588585819,2008-10-03 09:47:48,0
85,40.066423,116.404963,39.98391696977997,116.3644588585819,2009-09-11 14:50:49,0
153,39.999788,116.461611,39.98391696977997,116.3644588585819,2009-10-02 04:27:31,0
96,40.007504,116.319698,39.98391696977997,116.3644588585819,2008-10-01 14:15:35,0
23,39.90232,116.421591666667,39.98391696977997,116.3644588585819,2009-01-12 14:00:29,0
153,39.986686,116.450809,39.98391696977997,116.3644588585819,2010-12-04 04:32:32,0
128,40.0423049,116.3315199,39.98391696977997,116.3644588585819,2010-08-26 01:59:42,0
10,39.894707,116.217733,39.98391696977997,116.3644588585819,2007-10-22 05:18:49,0
41,39.8365799,116.5270399,39.98391696977997,116.3644588585819,2009-06-09 06:08:18,0
25,39.9840133,116.3544833,39.98391696977997,116.3644588585819,2009-07-06 03:59:50,0
92,40.0301533,116.4112683,39.98391696977997,116.3644588585819,2008-08-16 13:14:59,0
71,40.4791983333333,116.816411666667,39.98391696977997,116.3644588585819,2012-05-05 08:45:54,0
128,39.9757066,116.3306566,39.98391696977997,116.3644588585819,2008-12-09 02:57:57,0
153,39.986637,116.487678,39.98391696977997,116.3644588585819,2008-11-11 04:30:24,0
17,39.9871233,116.3972583,39.98391696977997,116.3644588585819,2008-12-23 05:49:51,0
96,39.993503,116.326931,39.98391696977997,116.3644588585819,2008-10-20 15:28:28,0
39,39.891116,116.454663,39.98391696977997,116.3644588585819,2009-06-17 09:56:30,0
65,39.9644966666667,116.315633333333,39.98391696977997,116.3644588585819,2011-10-25 00:34:47,0
96,40.008277,116.319335,39.98391696977997,116.3644588585819,2008-10-27 23:03:01,0
3,40.009014,116.316518,39.98391696977997,116.3644588585819,2009-02-22 10:42:37,0
41,39.9418616,116.2681483,39.98391696977997,116.3644588585819,2009-05-06 07:15:30,0
36,39.982738,116.338999,39.98391696977997,116.3644588585819,2009-03-19 10:43:44,0
36,39.958916,116.432398,39.98391696977997,116.3644588585819,2009-07-09 06:42:51,0
165,39.9771583333333,116.304583333333,39.98391696977997,116.3644588585819,2011-11-07 01:02:23,0
125,40.007649,116.319818,39.98391696977997,116.3644588585819,2008-09-25 16:10:03,0
179,40.001782,116.321452,39.98391696977997,116.3644588585819,2008-09-13 11:27:55,0
67,39.9769516666667,116.331745,39.98391696977997,116.3644588585819,2011-05-23 01:19:08,0
17,39.96097,116.3735249,39.98391696977997,116.3644588585819,2009-07-03 05:48:44,0
5,39.991496,116.330133,39.98391696977997,116.3644588585819,2009-02-22 07:31:55,0
52,39.984829,116.352755,39.98391696977997,116.3644588585819,2008-06-09 14:39:09,0
163,39.987818,116.447446,39.98391696977997,116.3644588585819,2010-10-30 06:11:30,0
153,39.985171,116.342046,39.98391696977997,116.3644588585819,2010-04-18 12:49:34,0
85,39.975398,116.355383,39.98391696977997,116.3644588585819,2008-09-26 09:47:09,0
41,39.86575,116.2995933,39.98391696977997,116.3644588585819,2009-06-19 01:13:59,0
3,39.974726,116.333789,39.98391696977997,116.3644588585819,2009-01-11 04:38:04,0
128,39.9753333,116.3322633,39.98391696977997,116.3644588585819,2009-08-25 01:49:44,0
163,39.979693821,116.448856571,39.98391696977997,116.3644588585819,2012-05-24 08:48:16,0
36,40.000428,116.37092,39.98391696977997,116.3644588585819,2009-03-22 12:29:22,0
42,39.9055583,116.3368783,39.98391696977997,116.3644588585819,2009-04-10 10:29:39,0
41,39.9057199,116.2678316,39.98391696977997,116.3644588585819,2009-05-15 03:11:48,0
153,39.93209,116.459402,39.98391696977997,116.3644588585819,2008-08-20 08:00:43,0
128,40.0583316,116.3200266,39.98391696977997,116.3644588585819,2008-05-16 14:20:19,0
128,39.9950916,116.1954783,39.98391696977997,116.3644588585819,2009-09-20 02:18:22,0
104,39.9486983,116.3177516,39.98391696977997,116.3644588585819,2008-10-09 15:16:23,0
62,39.9875333,116.3027999,39.98391696977997,116.3644588585819,2008-08-21 08:09:12,0
15,39.934189,116.759869,39.98391696977997,116.3644588585819,2009-03-01 10:10:54,0
167,39.976376,116.327676,39.98391696977997,116.3644588585819,2008-07-18 09:45:20,0
62,39.9852066,116.3461466,39.98391696977997,116.3644588585819,2008-11-09 08:29:54,0
96,39.998101,116.326226,39.98391696977997,116.3644588585819,2008-10-16 01:48:10,0
142,39.981758,116.306619,39.98391696977997,116.3644588585819,2008-12-23 11:55:36,0
68,39.943253,116.45572,39.98391696977997,116.3644588585819,2009-02-21 01:08:33,0
17,39.9845,116.3265999,39.98391696977997,116.3644588585819,2009-05-16 04:23:51,0
65,39.9644266666667,116.324611666667,39.98391696977997,116.3644588585819,2011-10-12 12:24:51,0
17,40.77333,117.2020266,39.98391696977997,116.3644588585819,2009-01-24 03:44:08,0
68,39.987447,116.417695,39.98391696977997,116.3644588585819,2009-07-19 14:27:27,0
22,39.973455,116.33398,39.98391696977997,116.3644588585819,2009-04-14 01:36:14,0
68,39.957446,116.418965,39.98391696977997,116.3644588585819,2009-04-03 04:08:31,0
153,39.99017318,116.441918301,39.98391696977997,116.3644588585819,2011-10-10 07:54:11,0
68,40.060618,116.374499,39.98391696977997,116.3644588585819,2009-08-30 08:14:16,0
50,39.9217910766602,116.335540771484,39.98391696977997,116.3644588585819,2009-08-09 07:27:05,0
153,39.965662,116.457278,39.98391696977997,116.3644588585819,2011-01-29 15:05:02,0
163,39.8651433,116.4866116,39.98391696977997,116.3644588585819,2008-06-20 08:26:01,0
67,40.065896,116.370637,39.98391696977997,116.3644588585819,2011-03-05 12:55:08,0
144,39.869613,116.45521,39.98391696977997,116.3644588585819,2009-09-06 09:38:43,0
65,39.9662516666667,116.297803333333,39.98391696977997,116.3644588585819,2011-09-08 02:30:51,0
50,39.9083671569824,116.304542541504,39.98391696977997,116.3644588585819,2009-08-19 16:26:43,0
84,39.932843,116.4552,39.98391696977997,116.3644588585819,2008-12-06 00:25:51,0
128,40.0765183,116.3241116,39.98391696977997,116.3644588585819,2009-02-06 12:40:08,0
82,40.063122,116.37706,39.98391696977997,116.3644588585819,2009-05-10 13:41:26,0
153,39.976263,116.445807,39.98391696977997,116.3644588585819,2011-04-17 23:57:20,0
30,39.907838,116.595819,39.98391696977997,116.3644588585819,2009-03-06 13:15:19,0
65,39.981405,116.306461,39.98391696977997,116.3644588585819,2009-09-26 11:27:21,0
74,39.700675,116.345306666667,39.98391696977997,116.3644588585819,2012-01-29 04:45:11,0
41,39.8662516,116.5858516,39.98391696977997,116.3644588585819,2009-04-09 01:18:23,0
18,39.865635,116.3834483,39.98391696977997,116.3644588585819,2008-11-11 10:12:01,0
120,40.9382199,117.3326466,39.98391696977997,116.3644588585819,2009-09-19 10:18:00,0
163,39.987811,116.429288,39.98391696977997,116.3644588585819,2010-10-04 10:02:32,0
43,39.949845,116.314057,39.98391696977997,116.3644588585819,2009-02-14 06:06:35,0
128,40.10049,116.3771366,39.98391696977997,116.3644588585819,2010-08-28 05:43:18,0
85,39.865288,116.346603,39.98391696977997,116.3644588585819,2008-12-08 23:59:20,0
179,39.939096,116.319297,39.98391696977997,116.3644588585819,2008-08-21 10:54:10,0
67,39.9788816666667,116.33262,39.98391696977997,116.3644588585819,2011-05-12 22:42:50,0
11,39.9775716,116.3636216,39.98391696977997,116.3644588585819,2008-10-26 06:39:20,0
128,39.9754349,116.3329599,39.98391696977997,116.3644588585819,2009-05-27 01:23:30,0
96,39.983033,116.326399,39.98391696977997,116.3644588585819,2008-08-25 13:58:56,0
17,40.0179416,116.3355166,39.98391696977997,116.3644588585819,2009-02-23 15:38:08,0
22,39.973289,116.333943,39.98391696977997,116.3644588585819,2009-06-26 01:32:28,0
40,39.951255,116.362008,39.98391696977997,116.3644588585819,2009-03-25 20:35:16,0
41,39.8708183,116.2653533,39.98391696977997,116.3644588585819,2009-04-13 05:08:08,0
36,39.978736,116.34258,39.98391696977997,116.3644588585819,2009-03-03 14:28:38,0
179,40.090445,116.301661,39.98391696977997,116.3644588585819,2008-08-22 03:38:30,0
52,39.931107,116.326696,39.98391696977997,116.3644588585819,2008-06-01 13:16:42,0
153,39.947282,116.455674,39.98391696977997,116.3644588585819,2011-06-17 09:36:22,0
30,40.005666,116.317817,39.98391696977997,116.3644588585819,2009-06-10 00:32:28,0
25,39.9880783,116.3047733,39.98391696977997,116.3644588585819,2009-03-30 10:42:58,0
165,39.9777133333333,116.300596666667,39.98391696977997,116.3644588585819,2011-11-19 05:21:25,0
96,39.996586,116.326405,39.98391696977997,116.3644588585819,2008-07-29 01:12:59,0
85,39.966157,116.336866,39.98391696977997,116.3644588585819,2009-09-23 11:50:29,0
31,40.074235,116.582059,39.98391696977997,116.3644588585819,2009-01-23 22:34:35,0
153,39.905974,116.342073,39.98391696977997,116.3644588585819,2009-10-11 04:27:17,0
153,40.028637,116.551714,39.98391696977997,116.3644588585819,2010-03-27 06:21:18,0
141,39.9772866666667,116.331175,39.98391696977997,116.3644588585819,2011-10-09 11:43:12,0
33,39.951345,116.36191,39.98391696977997,116.3644588585819,2009-01-11 19:51:21,0
85,39.937128,116.320381,39.98391696977997,116.3644588585819,2008-12-30 12:24:08,0
2,39.925404,116.33308,39.98391696977997,116.3644588585819,2008-11-22 02:47:00,0
30,40.008045,116.321181,39.98391696977997,116.3644588585819,2009-01-21 00:55:00,0
17,40.1515833,116.2914083,39.98391696977997,116.3644588585819,2008-11-22 08:27:27,0
163,39.987594,116.420403,39.98391696977997,116.3644588585819,2009-12-24 11:45:52,0
144,40.0331583,116.4309933,39.98391696977997,116.3644588585819,2008-11-03 23:54:39,0
82,40.05253,116.399909,39.98391696977997,116.3644588585819,2009-03-10 16:06:58,0
22,39.949903,116.31291,39.98391696977997,116.3644588585819,2009-04-19 11:39:52,0
52,39.985898,116.350504,39.98391696977997,116.3644588585819,2008-06-05 08:39:43,0
25,39.9848433,116.3211833,39.98391696977997,116.3644588585819,2009-06-05 11:23:16,0
125,40.010521,116.37155,39.98391696977997,116.3644588585819,2008-08-20 02:28:59,0
39,39.995048,116.359329,39.98391696977997,116.3644588585819,2009-07-03 11:52:59,0
52,39.926962,116.391126,39.98391696977997,116.3644588585819,2008-07-20 05:42:13,0
167,39.999554,116.325844,39.98391696977997,116.3644588585819,2008-06-03 01:09:59,0
3,39.990068,116.327746,39.98391696977997,116.3644588585819,2009-02-16 06:06:16,0
75,39.979339543,116.309203693,39.98391696977997,116.3644588585819,2011-08-09 22:05:26,0
163,40.016538023,116.401495384,39.98391696977997,116.3644588585819,2011-10-28 08:44:29,0
128,40.0732833,116.3284183,39.98391696977997,116.3644588585819,2010-08-04 13:22:21,0
17,39.9948383,116.3466283,39.98391696977997,116.3644588585819,2009-06-20 13:13:18,0
0,39.938741,116.327817,39.98391696977997,116.3644588585819,2009-05-28 10:28:19,0
24,40.074783,116.232874,39.98391696977997,116.3644588585819,2009-05-19 05:24:02,0
38,39.8832233,116.4689233,39.98391696977997,116.3644588585819,2009-07-23 08:39:10,0
3,39.996175,116.326639,39.98391696977997,116.3644588585819,2009-04-30 04:48:12,0
78,39.9330666,116.3868966,39.98391696977997,116.3644588585819,2008-05-17 22:20:14,0
24,40.039099,116.325397,39.98391696977997,116.3644588585819,2009-01-21 10:36:31,0
59,39.9854466666667,116.31603,39.98391696977997,116.3644588585819,2011-03-12 09:30:38,0
41,39.9135166,116.3506033,39.98391696977997,116.3644588585819,2009-04-15 01:51:30,0
16,39.966192,116.319526,39.98391696977997,116.3644588585819,2008-11-18 06:14:19,0
67,39.9766783333333,116.331676666667,39.98391696977997,116.3644588585819,2011-04-28 11:55:42,0
142,39.984425,116.327038,39.98391696977997,116.3644588585819,2008-12-26 07:39:54,0
4,40.005949,116.320654,39.98391696977997,116.3644588585819,2008-12-14 05:01:03,0
153,39.911707,116.457777,39.98391696977997,116.3644588585819,2010-10-14 08:49:35,0
65,39.9682216666667,116.423736666667,39.98391696977997,116.3644588585819,2011-08-30 12:53:20,0
0,40.000037,116.327151,39.98391696977997,116.3644588585819,2009-04-02 15:34:51,0
30,39.902875,116.42111,39.98391696977997,116.3644588585819,2009-07-18 03:25:26,0
128,39.9755683,116.3340266,39.98391696977997,116.3644588585819,2009-09-16 13:37:30,0
38,39.8607866,116.4112899,39.98391696977997,116.3644588585819,2009-03-16 00:19:12,0
2,39.913421,116.339981,39.98391696977997,116.3644588585819,2008-11-08 05:55:18,0
17,39.9476883,116.4059716,39.98391696977997,116.3644588585819,2009-03-25 02:29:35,0
85,39.923579,116.399871,39.98391696977997,116.3644588585819,2009-03-09 07:07:43,0
153,40.030786,116.421482,39.98391696977997,116.3644588585819,2011-08-09 03:19:39,0
167,40.945512,117.341293,39.98391696977997,116.3644588585819,2008-05-01 04:48:57,0
153,39.976534,116.446056,39.98391696977997,116.3644588585819,2011-08-10 23:52:13,0
41,39.859345,116.2579783,39.98391696977997,116.3644588585819,2009-05-17 08:53:18,0
85,39.987244,116.414998,39.98391696977997,116.3644588585819,2008-08-03 08:14:03,0
14,39.9859783,116.367985,39.98391696977997,116.3644588585819,2008-10-27 10:46:48,0
85,40.05869,116.387718,39.98391696977997,116.3644588585819,2009-09-21 00:00:56,0
39,40.051506,116.405361,39.98391696977997,116.3644588585819,2009-06-25 00:27:47,0
141,40.359935,116.006726666667,39.98391696977997,116.3644588585819,2011-10-23 02:39:49,0
68,39.909672,116.350557,39.98391696977997,116.3644588585819,2009-08-01 11:59:31,0
92,39.9657166,116.3148933,39.98391696977997,116.3644588585819,2008-07-03 14:51:32,0
68,39.962976,116.411894,39.98391696977997,116.3644588585819,2009-07-11 01:51:39,0
26,40.029086,116.313178,39.98391696977997,116.3644588585819,2009-04-05 03:40:20,0
179,40.069612,116.309928,39.98391696977997,116.3644588585819,2008-09-08 12:14:15,0
153,39.93901,116.455498,39.98391696977997,116.3644588585819,2011-07-09 10:15:58,0
30,40.219346,116.251827,39.98391696977997,116.3644588585819,2009-01-17 04:29:29,0
0,39.996869,116.32169,39.98391696977997,116.3644588585819,2009-04-26 10:18:40,0
41,39.8700366,116.2639899,39.98391696977997,116.3644588585819,2009-06-30 05:18:44,0
42,39.9977533,116.3193816,39.98391696977997,116.3644588585819,2008-10-15 03:17:28,0
35,39.937692,116.307087,39.98391696977997,116.3644588585819,2009-03-07 08:22:41,0
0,40.121351,116.206927,39.98391696977997,116.3644588585819,2009-06-13 02:29:54,0
142,40.021723,116.274811,39.98391696977997,116.3644588585819,2010-06-15 12:56:11,0
10,40.226485,116.255313,39.98391696977997,116.3644588585819,2009-01-16 02:27:04,0
68,39.963331,116.411752,39.98391696977997,116.3644588585819,2009-07-18 09:28:51,0
153,39.975311,116.445102,39.98391696977997,116.3644588585819,2010-12-02 09:47:27,0
30,39.951591,116.798383,39.98391696977997,116.3644588585819,2009-03-13 12:43:29,0
85,39.980935,116.327647,39.98391696977997,116.3644588585819,2008-05-06 10:57:41,0
167,39.979821,116.310294,39.98391696977997,116.3644588585819,2008-09-12 12:46:52,0
25,40.046465,116.2938616,39.98391696977997,116.3644588585819,2009-04-30 07:14:10,0
42,39.8691133,116.4551499,39.98391696977997,116.3644588585819,2009-02-16 10:22:29,0
25,40.0137033,116.4607849,39.98391696977997,116.3644588585819,2009-06-25 00:29:40,0
35,39.981765,116.321073,39.98391696977997,116.3644588585819,2009-03-08 22:33:01,0
30,40.00509,116.324165,39.98391696977997,116.3644588585819,2009-01-22 10:04:23,0
17,39.9859066,116.3585016,39.98391696977997,116.3644588585819,2009-01-19 14:56:48,0
153,39.921657,116.471037,39.98391696977997,116.3644588585819,2009-09-15 10:04:38,0
65,39.9795833333333,116.314875,39.98391696977997,116.3644588585819,2011-09-11 13:29:32,0
0,39.999946,116.324303,39.98391696977997,116.3644588585819,2008-11-22 01:55:34,0
42,39.9966116,116.3267616,39.98391696977997,116.3644588585819,2008-10-30 15:27:57,0
38,39.9765283,116.3111916,39.98391696977997,116.3644588585819,2009-02-21 11:51:59,0
84,39.975098,116.331187,39.98391696977997,116.3644588585819,2008-10-09 12:08:03,0
67,39.9795983333333,116.305636666667,39.98391696977997,116.3644588585819,2011-04-20 05:50:47,0
38,39.9228633,116.3097299,39.98391696977997,116.3644588585819,2009-02-13 13:03:04,0
85,39.972993,116.346774,39.98391696977997,116.3644588585819,2009-09-09 11:45:54,0
41,39.8641583,116.2642099,39.98391696977997,116.3644588585819,2009-06-15 00:21:31,0
126,39.991689,116.326427,39.98391696977997,116.3644588585819,2009-02-04 04:56:19,0
38,39.9634016,116.3082783,39.98391696977997,116.3644588585819,2009-07-10 10:29:52,0
85,39.908673,116.303847,39.98391696977997,116.3644588585819,2008-10-23 02:39:58,0
25,39.9861216,116.3100166,39.98391696977997,116.3644588585819,2009-03-06 00:48:52,0
65,39.962915,116.317755,39.98391696977997,116.3644588585819,2011-10-08 00:49:03,0
30,40.007874,116.324165,39.98391696977997,116.3644588585819,2009-02-15 05:29:12,0
62,39.9854816,116.3044766,39.98391696977997,116.3644588585819,2008-09-24 07:35:33,0
24,40.360499,116.666133,39.98391696977997,116.3644588585819,2009-03-14 03:32:39,0
25,39.9960883,116.2929949,39.98391696977997,116.3644588585819,2009-04-13 03:43:53,0
41,40.2606566,116.5732182,39.98391696977997,116.3644588585819,2009-07-04 00:45:36,0
153,39.987814,116.430591,39.98391696977997,116.3644588585819,2010-01-24 11:00:06,0
25,39.9869783,116.3044116,39.98391696977997,116.3644588585819,2009-03-17 13:54:24,0
50,39.99977875,116.27661895,39.98391696977997,116.3644588585819,2009-08-17 06:38:00,0
4,40.007017,116.324149,39.98391696977997,116.3644588585819,2009-01-06 12:32:51,0
74,39.98157,116.296061666667,39.98391696977997,116.3644588585819,2012-03-12 12:43:43,0
84,39.921228,116.374703,39.98391696977997,116.3644588585819,2009-04-18 01:57:22,0
34,39.9673699,116.3957399,39.98391696977997,116.3644588585819,2009-07-08 05:51:17,0
30,39.930444,116.268598,39.98391696977997,116.3644588585819,2009-04-12 08:19:07,0
82,40.052405,116.40081,39.98391696977997,116.3644588585819,2009-04-24 21:29:10,0
68,39.996626,116.417269,39.98391696977997,116.3644588585819,2008-11-08 17:43:01,0
50,39.9946060166667,116.199241633333,39.98391696977997,116.3644588585819,2009-08-24 22:52:49,0
28,40.601352,117.022806,39.98391696977997,116.3644588585819,2009-01-23 08:25:10,0
14,39.9784316,116.3746016,39.98391696977997,116.3644588585819,2009-02-24 12:01:22,0
168,40.049074,116.398668,39.98391696977997,116.3644588585819,2011-06-22 14:22:46,0
153,39.886514,116.471254,39.98391696977997,116.3644588585819,2009-04-04 05:28:35,0
20,39.9749633333333,116.31751,39.98391696977997,116.3644588585819,2011-08-30 01:30:50,0
153,39.985336,116.457779,39.98391696977997,116.3644588585819,2011-07-16 04:07:13,0
119,39.999917,116.385889,39.98391696977997,116.3644588585819,2008-09-15 07:01:35,0
34,39.8000349,116.2817699,39.98391696977997,116.3644588585819,2009-04-17 07:21:13,0
84,39.975155,116.339243,39.98391696977997,116.3644588585819,2009-09-03 09:44:36,0
41,39.9618816,116.3569683,39.98391696977997,116.3644588585819,2009-03-13 10:05:23,0
14,40.1821683,116.525095,39.98391696977997,116.3644588585819,2008-11-23 02:08:45,0
41,39.8669416,116.2585266,39.98391696977997,116.3644588585819,2009-06-10 10:33:59,0
142,39.910502,116.367464,39.98391696977997,116.3644588585819,2008-12-24 06:42:58,0
163,39.829867,116.355596,39.98391696977997,116.3644588585819,2011-04-03 04:51:04,0
126,39.975577,116.33119,39.98391696977997,116.3644588585819,2008-10-19 13:28:17,0
167,39.997991,116.326273,39.98391696977997,116.3644588585819,2008-08-27 12:04:12,0
41,39.9045549,116.2679216,39.98391696977997,116.3644588585819,2009-04-15 02:57:30,0
126,40.0021133,116.3244766,39.98391696977997,116.3644588585819,2008-07-13 09:09:38,0
126,39.991732,116.326164,39.98391696977997,116.3644588585819,2009-01-06 12:35:55,0
68,39.968043,116.430386,39.98391696977997,116.3644588585819,2009-04-11 11:13:37,0
41,39.8637949,116.2728583,39.98391696977997,116.3644588585819,2009-03-13 05:08:05,0
153,39.916971,116.457242,39.98391696977997,116.3644588585819,2009-07-29 06:43:15,0
153,39.932102,116.410704,39.98391696977997,116.3644588585819,2011-01-10 09:55:08,0
41,39.9494633,116.2691283,39.98391696977997,116.3644588585819,2009-02-20 11:32:31,0
42,39.7012833,116.3238433,39.98391696977997,116.3644588585819,2009-03-18 04:33:21,0
68,39.912198,116.329862,39.98391696977997,116.3644588585819,2009-04-12 01:41:41,0
163,39.798199,116.340556,39.98391696977997,116.3644588585819,2011-02-08 06:18:31,0
153,39.936623,116.333282,39.98391696977997,116.3644588585819,2008-09-27 05:06:10,0
68,39.99672,116.416813,39.98391696977997,116.3644588585819,2009-03-26 17:59:18,0
36,39.807995,116.145327,39.98391696977997,116.3644588585819,2009-07-06 13:16:02,0
153,39.985997009,116.451110315,39.98391696977997,116.3644588585819,2012-03-31 18:24:52,0
42,39.8951216,116.3436733,39.98391696977997,116.3644588585819,2009-02-17 09:21:55,0
126,40.002591,116.321559,39.98391696977997,116.3644588585819,2008-11-25 04:25:35,0
22,39.955506,116.316869,39.98391696977997,116.3644588585819,2009-04-30 12:23:28,0
41,39.8881916,116.3039316,39.98391696977997,116.3644588585819,2009-06-29 06:40:00,0
68,39.995974,116.417377,39.98391696977997,116.3644588585819,2009-05-03 06:50:48,0
65,39.7997083333333,116.48014,39.98391696977997,116.3644588585819,2011-08-30 11:32:20,0
68,39.979079,116.417223,39.98391696977997,116.3644588585819,2008-11-06 03:17:07,0
153,39.978936,116.448324,39.98391696977997,116.3644588585819,2011-04-06 00:06:24,0
34,39.7903599,116.4543966,39.98391696977997,116.3644588585819,2009-04-02 05:50:16,0
67,39.992057,116.386035,39.98391696977997,116.3644588585819,2011-03-05 06:03:45,0
68,39.963293,116.418738,39.98391696977997,116.3644588585819,2009-05-27 04:39:52,0
74,39.9660266666667,116.323645,39.98391696977997,116.3644588585819,2012-04-13 23:52:47,0
68,39.969198,116.418698,39.98391696977997,116.3644588585819,2009-08-22 11:14:04,0
141,39.9753616666667,116.321781666667,39.98391696977997,116.3644588585819,2011-08-30 00:26:38,0
153,39.923805,116.471972,39.98391696977997,116.3644588585819,2008-08-24 07:09:26,0
65,39.9686666666667,116.300303333333,39.98391696977997,116.3644588585819,2011-09-08 02:09:53,0
17,40.0580866,116.295185,39.98391696977997,116.3644588585819,2009-04-06 09:46:00,0
165,39.9756133333333,116.326761666667,39.98391696977997,116.3644588585819,2011-10-18 15:00:54,0
41,39.942345,116.2059533,39.98391696977997,116.3644588585819,2009-05-14 11:06:12,0
65,39.9550633333333,116.328878333333,39.98391696977997,116.3644588585819,2011-09-18 09:09:41,0
128,39.9833816,116.3322433,39.98391696977997,116.3644588585819,2009-07-22 03:47:17,0
13,40.16671,116.127921,39.98391696977997,116.3644588585819,2008-10-28 22:18:24,0
17,39.9354116,116.2682499,39.98391696977997,116.3644588585819,2009-02-17 04:43:06,0
35,39.990368,116.330227,39.98391696977997,116.3644588585819,2009-02-23 13:16:28,0
141,39.9746866666667,116.31164,39.98391696977997,116.3644588585819,2011-10-09 11:32:21,0
34,39.9836316,116.3037949,39.98391696977997,116.3644588585819,2009-02-26 09:15:01,0
168,39.972051,116.275718,39.98391696977997,116.3644588585819,2011-06-21 00:00:23,0
17,40.0949483,116.2910716,39.98391696977997,116.3644588585819,2009-05-22 11:20:07,0
41,39.6716399,116.3188766,39.98391696977997,116.3644588585819,2009-05-04 07:41:21,0
96,40.007933,116.319424,39.98391696977997,116.3644588585819,2008-12-02 02:04:49,0
4,39.996997,116.301455,39.98391696977997,116.3644588585819,2008-12-11 08:59:06,0
153,39.928474,116.472072,39.98391696977997,116.3644588585819,2009-02-15 05:58:24,0
89,39.98003,116.470235,39.98391696977997,116.3644588585819,2008-05-10 11:14:01,0
165,39.9779716666667,116.301686666667,39.98391696977997,116.3644588585819,2011-11-14 01:36:04,0
167,40.23527,116.285776,39.98391696977997,116.3644588585819,2008-05-01 01:42:09,0
24,40.087064,116.373275,39.98391696977997,116.3644588585819,2009-05-26 10:29:21,0
125,39.979836,116.325512,39.98391696977997,116.3644588585819,2008-10-08 12:09:22,0
163,39.974720571,116.456323979,39.98391696977997,116.3644588585819,2012-03-02 22:17:03,0
165,39.970545,116.327803333333,39.98391696977997,116.3644588585819,2011-11-15 00:44:44,0
26,39.991244,116.319348,39.98391696977997,116.3644588585819,2009-03-13 10:08:49,0
96,39.995078,116.390209,39.98391696977997,116.3644588585819,2008-09-07 12:14:01,0
10,39.920201,116.350694,39.98391696977997,116.3644588585819,2008-09-27 00:58:38,0
85,39.928045,116.303768,39.98391696977997,116.3644588585819,2008-10-23 02:34:32,0
68,40.002702,116.308916,39.98391696977997,116.3644588585819,2009-07-22 06:24:09,0
67,39.97865,116.332718333333,39.98391696977997,116.3644588585819,2011-04-12 22:34:01,0
73,39.9756599,116.3623933,39.98391696977997,116.3644588585819,2008-05-23 13:18:46,0
30,39.828414,116.341422,39.98391696977997,116.3644588585819,2009-07-07 12:02:00,0
119,39.97278,116.483983,39.98391696977997,116.3644588585819,2008-09-24 08:37:58,0
42,40.0092549,116.3240649,39.98391696977997,116.3644588585819,2008-10-06 06:39:52,0
95,39.9753333333333,116.304951666667,39.98391696977997,116.3644588585819,2011-05-25 16:10:39,0
10,39.876218,116.394058,39.98391696977997,116.3644588585819,2008-09-16 00:16:49,0
135,39.968606,116.399592,39.98391696977997,116.3644588585819,2009-01-01 06:17:12,0
5,39.975961,116.336125,39.98391696977997,116.3644588585819,2009-01-16 21:10:57,0
42,39.70133,116.3225516,39.98391696977997,116.3644588585819,2009-04-14 03:23:51,0
4,39.992744,116.298252,39.98391696977997,116.3644588585819,2009-04-13 22:11:23,0
3,39.992674,116.326959,39.98391696977997,116.3644588585819,2009-05-23 13:16:04,0
3,39.986836,116.401264,39.98391696977997,116.3644588585819,2009-06-25 09:15:33,0
128,39.97553,116.3328883,39.98391696977997,116.3644588585819,2010-12-20 11:40:41,0
144,40.0283433,116.4310566,39.98391696977997,116.3644588585819,2008-11-29 10:35:51,0
44,39.974742,116.333325,39.98391696977997,116.3644588585819,2009-02-19 08:32:04,0
167,39.986544,116.326793,39.98391696977997,116.3644588585819,2008-10-22 06:05:36,0
3,39.992674,116.326936,39.98391696977997,116.3644588585819,2009-03-04 11:49:54,0
167,39.975527,116.338129,39.98391696977997,116.3644588585819,2008-05-22 10:52:56,0
24,40.039191,116.322303,39.98391696977997,116.3644588585819,2009-02-22 10:05:11,0
103,39.9746916,116.3468649,39.98391696977997,116.3644588585819,2008-08-27 09:27:37,0
30,39.94319,116.795657,39.98391696977997,116.3644588585819,2009-01-23 04:07:57,0
163,40.008087,116.46144,39.98391696977997,116.3644588585819,2011-01-15 04:13:26,0
52,39.975419,116.373609,39.98391696977997,116.3644588585819,2008-09-02 08:55:31,0
28,39.945399,116.318623,39.98391696977997,116.3644588585819,2009-02-09 23:41:11,0
126,39.947658,116.411056,39.98391696977997,116.3644588585819,2009-01-26 06:27:56,0
128,40.0068149,116.3308816,39.98391696977997,116.3644588585819,2010-04-18 12:37:29,0
71,39.9792533333333,116.312633333333,39.98391696977997,116.3644588585819,2012-03-29 01:30:54,0
35,39.972023,116.317362,39.98391696977997,116.3644588585819,2009-03-21 02:20:06,0
84,39.975232,116.34183,39.98391696977997,116.3644588585819,2009-05-31 01:39:54,0
74,39.9768216666667,116.329446666667,39.98391696977997,116.3644588585819,2012-03-22 14:32:25,0
68,40.114525,116.666885,39.98391696977997,116.3644588585819,2009-04-18 01:23:02,0
126,39.964259,116.42516,39.98391696977997,116.3644588585819,2008-07-27 11:47:31,0
68,39.969383,116.419836,39.98391696977997,116.3644588585819,2008-10-11 17:33:22,0
179,40.07528,116.316933,39.98391696977997,116.3644588585819,2008-10-19 02:01:22,0
82,39.993692,116.331559,39.98391696977997,116.3644588585819,2009-04-17 00:44:54,0
4,39.983883,116.305102,39.98391696977997,116.3644588585819,2008-12-04 09:43:51,0
41,39.8546399,116.2319483,39.98391696977997,116.3644588585819,2009-06-22 06:55:11,0
30,39.964121,116.309969,39.98391696977997,116.3644588585819,2009-03-06 02:34:50,0
141,39.9766766666667,116.331893333333,39.98391696977997,116.3644588585819,2011-10-22 08:58:49,0
58,40.01478,116.322736666667,39.98391696977997,116.3644588585819,2011-03-09 13:10:24,0
163,40.355829652,115.989108399,39.98391696977997,116.3644588585819,2012-04-30 16:58:39,0
34,40.0019683,116.3622733,39.98391696977997,116.3644588585819,2009-04-14 12:55:11,0
37,39.9098966,116.4293316,39.98391696977997,116.3644588585819,2009-03-28 03:36:08,0
39,40.038953,116.32535,39.98391696977997,116.3644588585819,2009-06-03 09:42:08,0
96,40.007953,116.319319,39.98391696977997,116.3644588585819,2008-12-02 01:21:13,0
128,40.07325,116.3282833,39.98391696977997,116.3644588585819,2010-03-30 14:07:15,0
168,40.020915,116.399432,39.98391696977997,116.3644588585819,2011-08-18 11:01:18,0
3,39.991553,116.327354,39.98391696977997,116.3644588585819,2008-12-25 11:56:27,0
140,39.9114033,116.4092433,39.98391696977997,116.3644588585819,2009-05-30 23:33:59,0
153,39.98482,116.323272,39.98391696977997,116.3644588585819,2011-09-30 00:37:26,0
153,40.01539107,116.451358526,39.98391696977997,116.3644588585819,2011-10-27 08:16:23,0
35,39.981754,116.321121,39.98391696977997,116.3644588585819,2009-04-23 08:54:56,0
24,40.146395,116.251347,39.98391696977997,116.3644588585819,2009-03-07 08:38:14,0
2,39.939066,116.362181,39.98391696977997,116.3644588585819,2008-11-02 09:15:30,0
17,39.9859,116.3471266,39.98391696977997,116.3644588585819,2009-02-04 00:21:08,0
5,40.000524,116.326946,39.98391696977997,116.3644588585819,2008-11-25 00:17:17,0
4,39.953317,116.303477,39.98391696977997,116.3644588585819,2009-04-05 09:15:21,0
153,40.016494811,116.448324419,39.98391696977997,116.3644588585819,2011-10-24 08:28:27,0
17,39.9490766,116.4020199,39.98391696977997,116.3644588585819,2009-04-13 13:30:51,0
50,39.9048728942871,116.306053161621,39.98391696977997,116.3644588585819,2009-08-19 16:22:45,0
13,39.96623,116.446175,39.98391696977997,116.3644588585819,2009-02-21 06:32:09,0
68,39.970243,116.419436,39.98391696977997,116.3644588585819,2009-05-30 13:09:16,0
81,40.051056,116.324378,39.98391696977997,116.3644588585819,2008-05-23 09:33:14,0
153,39.899346,116.427174,39.98391696977997,116.3644588585819,2010-10-16 12:06:09,0
153,39.974486,116.44433,39.98391696977997,116.3644588585819,2010-05-10 09:56:01,0
17,40.0180116,116.340925,39.98391696977997,116.3644588585819,2008-12-11 10:44:51,0
96,40.006843,116.319517,39.98391696977997,116.3644588585819,2008-07-10 13:48:29,0
6,39.983629,116.345428,39.98391696977997,116.3644588585819,2008-11-12 01:35:38,0
163,39.929995,116.455674,39.98391696977997,116.3644588585819,2011-05-14 07:29:08,0
17,39.9663516,116.4095783,39.98391696977997,116.3644588585819,2009-05-21 07:30:03,0
9,40.003023,116.342823,39.98391696977997,116.3644588585819,2008-12-06 14:00:39,0
39,39.971945,116.298657,39.98391696977997,116.3644588585819,2009-03-15 03:26:44,0
17,39.9202949,116.3420633,39.98391696977997,116.3644588585819,2008-11-08 11:26:33,0
42,39.8678416,116.5382999,39.98391696977997,116.3644588585819,2009-04-13 05:03:00,0
153,39.987103,116.483612,39.98391696977997,116.3644588585819,2008-11-22 09:15:40,0
68,39.978677,116.41806,39.98391696977997,116.3644588585819,2008-10-12 04:34:14,0
25,39.9861083,116.305555,39.98391696977997,116.3644588585819,2009-06-24 04:08:02,0
168,40.012816,116.39628,39.98391696977997,116.3644588585819,2011-06-27 13:23:08,0
35,40.016492,116.309223,39.98391696977997,116.3644588585819,2009-03-22 00:41:54,0
68,39.946518,116.419419,39.98391696977997,116.3644588585819,2009-09-11 13:12:03,0
96,39.976995,116.327667,39.98391696977997,116.3644588585819,2008-07-23 13:35:38,0
68,39.88021,116.454276,39.98391696977997,116.3644588585819,2009-02-21 00:50:37,0
5,39.97664,116.336144,39.98391696977997,116.3644588585819,2008-10-25 15:12:02,0
128,40.3292549,116.6245399,39.98391696977997,116.3644588585819,2009-03-28 02:58:05,0
25,39.9854449,116.3052799,39.98391696977997,116.3644588585819,2009-06-05 04:23:46,0
92,39.9752549,116.3673466,39.98391696977997,116.3644588585819,2008-08-04 13:00:58,0
84,39.986947,116.405566,39.98391696977997,116.3644588585819,2008-11-01 00:25:39,0
141,39.9750733333333,116.338653333333,39.98391696977997,116.3644588585819,2011-09-10 09:00:51,0
153,40.010977,116.460969,39.98391696977997,116.3644588585819,2010-02-02 09:19:06,0
119,39.973321,116.484448,39.98391696977997,116.3644588585819,2008-09-24 04:31:53,0
14,40.3313133,116.8544516,39.98391696977997,116.3644588585819,2009-01-28 05:00:09,0
14,39.9636533,116.3545366,39.98391696977997,116.3644588585819,2008-10-24 17:10:09,0
3,40.10204,116.084231,39.98391696977997,116.3644588585819,2009-06-13 07:53:52,0
22,39.982376,116.310389,39.98391696977997,116.3644588585819,2009-04-09 01:37:04,0
25,39.9694133,116.2999983,39.98391696977997,116.3644588585819,2009-06-19 01:38:57,0
163,39.910341,116.47169,39.98391696977997,116.3644588585819,2009-04-16 00:42:02,0
39,39.890273,116.454859,39.98391696977997,116.3644588585819,2009-06-01 10:48:01,0
17,39.9224483,116.3562133,39.98391696977997,116.3644588585819,2008-11-06 08:21:47,0
144,40.027343,116.432542,39.98391696977997,116.3644588585819,2009-06-27 12:56:49,0
9,39.999254,116.33469,39.98391696977997,116.3644588585819,2008-10-29 10:58:49,0
39,40.027459,116.331794,39.98391696977997,116.3644588585819,2009-02-21 06:06:26,0
13,39.967522,116.411031,39.98391696977997,116.3644588585819,2009-01-16 10:04:50,0
52,39.949377,116.349233,39.98391696977997,116.3644588585819,2008-06-01 10:12:10,0
26,39.907957,116.329088,39.98391696977997,116.3644588585819,2009-01-19 02:16:10,0
35,39.981831,116.321171,39.98391696977997,116.3644588585819,2009-03-11 07:17:51,0
35,40.013485,116.296466,39.98391696977997,116.3644588585819,2009-04-05 06:29:41,0
10,39.894401,116.3685,39.98391696977997,116.3644588585819,2008-10-14 00:15:12,0
4,39.990967,116.319,39.98391696977997,116.3644588585819,2008-11-14 11:51:22,0
153,39.9269949,116.4717866,39.98391696977997,116.3644588585819,2008-06-10 10:24:25,0
41,39.9646716,116.2684983,39.98391696977997,116.3644588585819,2009-06-22 14:03:20,0
131,39.9665633,116.3330116,39.98391696977997,116.3644588585819,2009-04-23 19:50:45,0
126,39.945415,116.346285,39.98391696977997,116.3644588585819,2008-05-01 08:43:22,0
67,39.9771083333333,116.308593333333,39.98391696977997,116.3644588585819,2011-04-19 05:10:01,0
167,39.990351,116.465361,39.98391696977997,116.3644588585819,2008-05-31 10:26:57,0
28,39.961641,116.103565,39.98391696977997,116.3644588585819,2009-04-15 10:52:47,0
68,39.975612,116.418048,39.98391696977997,116.3644588585819,2009-04-27 00:01:44,0
167,40.006783,116.317738,39.98391696977997,116.3644588585819,2008-10-17 10:28:59,0
115,39.98366,116.3272649,39.98391696977997,116.3644588585819,2008-05-15 10:17:55,0
85,40.051315,116.40618,39.98391696977997,116.3644588585819,2009-09-28 11:17:28,0
153,39.948548,116.402202,39.98391696977997,116.3644588585819,2010-02-14 05:46:00,0
153,40.251289,116.125281,39.98391696977997,116.3644588585819,2010-05-01 03:49:40,0
64,39.962552,116.387467,39.98391696977997,116.3644588585819,2008-08-17 00:22:03,0
4,39.99771,116.326589,39.98391696977997,116.3644588585819,2009-05-08 12:25:53,0
35,39.990273,116.330287,39.98391696977997,116.3644588585819,2009-04-05 11:10:16,0
65,39.9669016666667,116.319575,39.98391696977997,116.3644588585819,2011-09-21 12:37:37,0
115,39.987035,116.395815,39.98391696977997,116.3644588585819,2008-07-06 23:52:00,0
44,40.03131,116.314527,39.98391696977997,116.3644588585819,2009-03-22 11:20:32,0
41,40.0332999,116.6525133,39.98391696977997,116.3644588585819,2009-05-20 04:59:43,0
155,39.973411,116.332302,39.98391696977997,116.3644588585819,2009-05-16 10:28:51,0
96,39.981265,116.329543,39.98391696977997,116.3644588585819,2008-07-20 10:56:53,0
62,39.9896199,116.3045016,39.98391696977997,116.3644588585819,2008-08-11 14:37:53,0
16,39.923614,116.181906,39.98391696977997,116.3644588585819,2008-11-09 22:50:14,0
65,39.9752883333333,116.322448333333,39.98391696977997,116.3644588585819,2011-08-29 14:41:28,0
35,39.981844,116.321199,39.98391696977997,116.3644588585819,2009-03-05 10:46:17,0
34,39.980255,116.3000816,39.98391696977997,116.3644588585819,2009-03-20 07:28:20,0
93,39.97784,116.3312333,39.98391696977997,116.3644588585819,2008-08-25 02:46:00,0
22,39.969597,116.300642,39.98391696977997,116.3644588585819,2009-01-11 07:05:19,0
96,40.007666,116.319424,39.98391696977997,116.3644588585819,2008-10-27 22:58:57,0
9,40.002476,116.343871,39.98391696977997,116.3644588585819,2008-12-10 11:17:34,0
153,39.961792,116.390793,39.98391696977997,116.3644588585819,2009-08-27 03:01:16,0
36,39.807183,116.08744,39.98391696977997,116.3644588585819,2009-07-07 01:28:59,0
104,39.9431533,116.3187599,39.98391696977997,116.3644588585819,2008-10-09 12:54:12,0
85,39.899237,116.340485,39.98391696977997,116.3644588585819,2008-12-09 09:36:11,0
3,39.993075,116.488888,39.98391696977997,116.3644588585819,2009-06-29 07:44:35,0
62,39.917555,116.4679666,39.98391696977997,116.3644588585819,2008-10-15 04:11:39,0
65,39.904535,116.023008333333,39.98391696977997,116.3644588585819,2011-10-05 05:32:42,0
167,39.972668,116.348308,39.98391696977997,116.3644588585819,2008-10-12 07:19:05,0
85,39.918673,116.33842,39.98391696977997,116.3644588585819,2009-03-22 23:06:01,0
68,39.96076,116.418845,39.98391696977997,116.3644588585819,2009-03-22 11:11:27,0
179,39.991761,116.331426,39.98391696977997,116.3644588585819,2008-11-07 13:34:20,0
153,39.909023,116.364999,39.98391696977997,116.3644588585819,2009-02-14 11:37:18,0
153,39.916868906,116.455359639,39.98391696977997,116.3644588585819,2012-04-10 08:06:01,0
25,39.980365,116.3107766,39.98391696977997,116.3644588585819,2009-04-13 05:05:02,0
3,40.005999,116.32427,39.98391696977997,116.3644588585819,2009-06-14 16:18:08,0
24,40.064576,116.566369,39.98391696977997,116.3644588585819,2009-01-15 04:43:01,0
41,39.866885,116.3507783,39.98391696977997,116.3644588585819,2009-06-09 05:16:33,0
153,40.019080751,116.434935039,39.98391696977997,116.3644588585819,2012-03-03 17:21:36,0
67,39.9747333333333,116.300063333333,39.98391696977997,116.3644588585819,2011-04-18 11:16:10,0
85,39.980971,116.329338,39.98391696977997,116.3644588585819,2008-11-05 15:56:17,0
41,39.8769966,116.2586233,39.98391696977997,116.3644588585819,2009-06-18 09:22:43,0
71,39.981015,116.323798333333,39.98391696977997,116.3644588585819,2012-03-27 06:10:56,0
41,39.9282533,116.2691683,39.98391696977997,116.3644588585819,2009-06-24 05:06:46,0
41,39.8122283,116.33885,39.98391696977997,116.3644588585819,2009-07-10 02:15:36,0
4,39.949879,116.438012,39.98391696977997,116.3644588585819,2009-02-23 03:01:13,0
25,39.9866899,116.3041999,39.98391696977997,116.3644588585819,2009-03-15 09:21:09,0
22,39.973524,116.334307,39.98391696977997,116.3644588585819,2009-06-16 01:24:03,0
96,39.991854,116.326672,39.98391696977997,116.3644588585819,2008-07-20 04:38:37,0
144,40.0321149,116.4309866,39.98391696977997,116.3644588585819,2008-11-02 23:54:13,0
25,40.0049666,116.3103299,39.98391696977997,116.3644588585819,2009-03-21 22:53:03,0
30,39.996498,116.322143,39.98391696977997,116.3644588585819,2009-02-24 09:01:39,0
64,39.9477,116.400725,39.98391696977997,116.3644588585819,2008-08-17 08:20:44,0
14,39.9860216,116.3653599,39.98391696977997,116.3644588585819,2008-10-29 12:22:29,0
30,39.995719,116.328811,39.98391696977997,116.3644588585819,2009-01-21 09:52:40,0
141,39.9917466666667,116.216826666667,39.98391696977997,116.3644588585819,2011-10-22 05:23:58,0
43,39.887384,116.675365,39.98391696977997,116.3644588585819,2009-06-18 01:07:03,0
64,39.986877,116.300097,39.98391696977997,116.3644588585819,2008-08-31 11:43:08,0
179,40.074678,116.317654,39.98391696977997,116.3644588585819,2008-10-11 02:24:39,0
29,39.866452,116.393157,39.98391696977997,116.3644588585819,2009-02-11 23:33:21,0
126,39.991622,116.326466,39.98391696977997,116.3644588585819,2008-10-18 05:17:21,0
40,39.951449,116.361909,39.98391696977997,116.3644588585819,2009-03-23 14:54:22,0
33,39.951612,116.361839,39.98391696977997,116.3644588585819,2009-01-09 20:16:40,0
113,39.9797,116.323787,39.98391696977997,116.3644588585819,2010-05-26 01:26:13,0
163,39.94418951,116.441578413,39.98391696977997,116.3644588585819,2012-03-12 08:36:00,0
142,39.979544,116.327055,39.98391696977997,116.3644588585819,2008-12-19 10:56:23,0
126,39.968475,116.42182,39.98391696977997,116.3644588585819,2009-01-22 11:41:13,0
153,39.97929,116.418065,39.98391696977997,116.3644588585819,2009-06-20 06:30:03,0
36,39.930997,116.366859,39.98391696977997,116.3644588585819,2009-07-02 05:01:34,0
41,39.7489366,116.3384083,39.98391696977997,116.3644588585819,2009-05-11 01:57:38,0
153,39.964768907,116.435410471,39.98391696977997,116.3644588585819,2011-12-26 13:08:12,0
36,39.978677,116.338611,39.98391696977997,116.3644588585819,2009-03-18 18:47:13,0
41,40.3627083,116.5856283,39.98391696977997,116.3644588585819,2009-06-18 04:36:33,0
28,39.94463,116.131252,39.98391696977997,116.3644588585819,2009-03-19 22:33:19,0
155,39.975234,116.332116,39.98391696977997,116.3644588585819,2009-07-20 12:22:36,0
17,39.3728866,116.6301532,39.98391696977997,116.3644588585819,2009-05-28 08:09:11,0
126,39.975047,116.338993,39.98391696977997,116.3644588585819,2008-09-04 13:37:59,0
14,40.1475016,116.5369166,39.98391696977997,116.3644588585819,2008-10-26 18:36:25,0
17,39.9476633,116.3794916,39.98391696977997,116.3644588585819,2009-02-19 05:45:48,0
14,39.9833983,116.2914583,39.98391696977997,116.3644588585819,2008-12-16 03:25:59,0
41,40.3507399,116.4712833,39.98391696977997,116.3644588585819,2009-06-18 01:05:45,0
39,39.875915,116.394918,39.98391696977997,116.3644588585819,2009-04-05 04:07:55,0
24,40.151714,116.24656,39.98391696977997,116.3644588585819,2009-01-29 23:37:51,0
68,39.992641,116.418523,39.98391696977997,116.3644588585819,2009-08-21 14:18:41,0
3,39.988961,116.326831,39.98391696977997,116.3644588585819,2009-01-14 11:02:54,0
65,39.9690633333333,116.313446666667,39.98391696977997,116.3644588585819,2011-10-14 10:09:28,0
14,39.9838816,116.3024316,39.98391696977997,116.3644588585819,2009-03-14 07:23:54,0
142,39.955673,116.269274,39.98391696977997,116.3644588585819,2008-12-22 08:14:09,0
153,39.907972,116.472037,39.98391696977997,116.3644588585819,2008-10-03 04:56:57,0
15,40.009552,116.315094,39.98391696977997,116.3644588585819,2009-02-28 05:16:03,0
50,39.9863166833333,116.384727483333,39.98391696977997,116.3644588585819,2009-08-17 07:22:18,0
112,39.9719433,116.3251116,39.98391696977997,116.3644588585819,2008-06-20 13:25:43,0
37,39.9122633,116.2888033,39.98391696977997,116.3644588585819,2009-04-09 07:49:05,0
65,39.9680433333333,116.314825,39.98391696977997,116.3644588585819,2011-09-16 01:15:14,0
82,40.006547,116.330857,39.98391696977997,116.3644588585819,2009-03-22 14:32:05,0
140,39.9924349,116.4110249,39.98391696977997,116.3644588585819,2009-05-19 18:23:42,0
153,40.010267,116.458522,39.98391696977997,116.3644588585819,2010-05-09 01:34:06,0
14,39.9900766,116.3803699,39.98391696977997,116.3644588585819,2008-10-27 08:04:06,0
41,39.9175666,116.2691333,39.98391696977997,116.3644588585819,2009-02-25 06:24:52,0
22,39.970608,116.30088,39.98391696977997,116.3644588585819,2009-06-06 15:36:29,0
85,39.899089,116.341853,39.98391696977997,116.3644588585819,2009-07-05 09:56:23,0
18,40.0199366,116.5143816,39.98391696977997,116.3644588585819,2008-11-06 03:21:05,0
85,39.974604,116.327798,39.98391696977997,116.3644588585819,2009-05-08 12:25:21,0
126,40.101578,116.086089,39.98391696977997,116.3644588585819,2008-09-29 03:26:16,0
28,39.931228,116.150866,39.98391696977997,116.3644588585819,2009-02-02 10:41:41,0
4,39.994284,116.326834,39.98391696977997,116.3644588585819,2009-04-29 09:03:48,0
62,39.9846999,116.3066666,39.98391696977997,116.3644588585819,2008-08-10 09:22:05,0
4,39.993802,116.32643,39.98391696977997,116.3644588585819,2008-11-23 11:36:23,0
119,39.95402,116.493083,39.98391696977997,116.3644588585819,2008-07-30 22:22:30,0
10,40.226978,116.304071,39.98391696977997,116.3644588585819,2009-02-14 03:27:35,0
41,39.7183,116.7040999,39.98391696977997,116.3644588585819,2009-04-29 03:50:42,0
128,39.9668633,116.378705,39.98391696977997,116.3644588585819,2010-06-21 12:06:39,0
2,39.898629,116.372545,39.98391696977997,116.3644588585819,2009-02-28 14:08:56,0
36,39.808689,116.074886,39.98391696977997,116.3644588585819,2009-07-09 12:05:11,0
1,40.072441,116.338573,39.98391696977997,116.3644588585819,2008-11-15 09:04:23,0
14,39.9855516,116.3438666,39.98391696977997,116.3644588585819,2008-12-19 00:33:56,0
41,39.8658566,116.2584666,39.98391696977997,116.3644588585819,2009-06-27 02:29:10,0
168,39.986051,116.364595,39.98391696977997,116.3644588585819,2011-08-05 22:51:34,0
22,39.918801,116.464851,39.98391696977997,116.3644588585819,2009-02-22 08:08:29,0
3,40.128486,116.485526,39.98391696977997,116.3644588585819,2009-06-04 13:43:45,0
165,39.9912383333333,116.331588333333,39.98391696977997,116.3644588585819,2011-11-20 07:15:19,0
163,39.98796123,116.429933529,39.98391696977997,116.3644588585819,2012-06-04 09:15:32,0
6,39.981218,116.339727,39.98391696977997,116.3644588585819,2008-12-07 20:12:36,0
17,40.0450699,116.3295816,39.98391696977997,116.3644588585819,2008-11-21 08:48:32,0
68,39.96792,116.420749,39.98391696977997,116.3644588585819,2008-09-29 10:59:59,0
163,39.957979,116.447796,39.98391696977997,116.3644588585819,2010-10-06 08:51:57,0
13,39.967192,116.388778,39.98391696977997,116.3644588585819,2008-11-02 23:42:17,0
50,39.9721069333333,116.253746033333,39.98391696977997,116.3644588585819,2009-08-06 13:22:05,0
24,40.034584,116.323584,39.98391696977997,116.3644588585819,2009-03-19 05:17:35,0
20,39.9757866666667,116.305363333333,39.98391696977997,116.3644588585819,2011-10-06 04:10:03,0
128,40.076655,116.324515,39.98391696977997,116.3644588585819,2010-08-20 13:57:05,0
113,40.052333,116.400971,39.98391696977997,116.3644588585819,2010-05-10 12:28:24,0
65,39.966238976,116.302401359,39.98391696977997,116.3644588585819,2011-08-16 20:01:24,0
153,39.948036,116.415761,39.98391696977997,116.3644588585819,2011-02-02 07:25:02,0
37,39.9717833,116.4636016,39.98391696977997,116.3644588585819,2009-04-09 09:05:01,0
22,39.974898,116.318427,39.98391696977997,116.3644588585819,2009-03-09 04:41:49,0
153,39.953891,116.482751,39.98391696977997,116.3644588585819,2009-07-13 12:34:04,0
140,40.0291883,116.44897,39.98391696977997,116.3644588585819,2009-02-15 06:48:11,0
144,40.027474,116.432968,39.98391696977997,116.3644588585819,2009-07-17 22:26:35,0
141,39.9785616666667,116.327153333333,39.98391696977997,116.3644588585819,2011-09-26 00:18:31,0
153,40.026244849,116.435479025,39.98391696977997,116.3644588585819,2011-11-18 08:27:01,0
42,39.7018549,116.3329166,39.98391696977997,116.3644588585819,2009-03-20 03:42:37,0
2,39.899165,116.381923,39.98391696977997,116.3644588585819,2008-11-03 04:00:36,0
68,39.974296,116.418272,39.98391696977997,116.3644588585819,2009-08-03 09:41:00,0
5,39.999966,116.324929,39.98391696977997,116.3644588585819,2008-11-07 19:24:30,0
50,39.9946136474609,116.199073791504,39.98391696977997,116.3644588585819,2009-08-18 19:38:13,0
112,39.9758883,116.3268583,39.98391696977997,116.3644588585819,2008-05-23 13:09:29,0
3,39.99538,116.32778,39.98391696977997,116.3644588585819,2009-06-19 07:34:30,0
153,39.922836,116.397328,39.98391696977997,116.3644588585819,2009-06-17 06:58:40,0
52,39.999699,116.379465,39.98391696977997,116.3644588585819,2008-07-15 11:58:04,0
16,39.974007,116.338851,39.98391696977997,116.3644588585819,2008-10-29 12:19:58,0
153,39.9256,116.448632,39.98391696977997,116.3644588585819,2011-03-11 13:59:38,0
20,40.3561166666667,116.017455,39.98391696977997,116.3644588585819,2011-09-11 07:35:14,0
128,39.9767316,116.3274499,39.98391696977997,116.3644588585819,2009-03-16 01:49:33,0
35,39.977931,116.300596,39.98391696977997,116.3644588585819,2009-02-27 05:27:08,0
50,39.955436706543,116.303367614746,39.98391696977997,116.3644588585819,2009-08-19 16:56:49,0
128,40.1169883,116.4278083,39.98391696977997,116.3644588585819,2008-04-26 09:09:28,0
153,39.985357,116.450996,39.98391696977997,116.3644588585819,2010-08-19 10:04:02,0
85,40.240857,116.638954,39.98391696977997,116.3644588585819,2009-01-02 02:35:48,0
153,39.981375,116.450126,39.98391696977997,116.3644588585819,2010-07-20 23:58:45,0
4,39.969462,116.309564,39.98391696977997,116.3644588585819,2009-06-07 11:25:16,0
96,40.007703,116.31937,39.98391696977997,116.3644588585819,2008-10-28 12:07:59,0
84,39.947388,116.367802,39.98391696977997,116.3644588585819,2009-05-06 22:46:14,0
3,39.979301,116.310858,39.98391696977997,116.3644588585819,2009-06-17 00:55:52,0
13,39.963986,116.418688,39.98391696977997,116.3644588585819,2008-11-06 09:52:16,0
96,40.007971,116.319418,39.98391696977997,116.3644588585819,2008-07-10 20:06:52,0
13,39.966518,116.35344,39.98391696977997,116.3644588585819,2008-12-11 23:57:32,0
140,40.4533833,116.8295733,39.98391696977997,116.3644588585819,2008-08-31 09:07:40,0
2,39.923528,116.336098,39.98391696977997,116.3644588585819,2008-11-11 11:53:11,0
169,39.987817,116.424564,39.98391696977997,116.3644588585819,2010-05-30 10:51:06,0
115,39.9886016,116.50269,39.98391696977997,116.3644588585819,2008-06-19 10:44:48,0
84,39.985603,116.339751,39.98391696977997,116.3644588585819,2008-09-23 11:53:09,0
38,40.4933233,115.9809599,39.98391696977997,116.3644588585819,2009-02-18 07:16:03,0
153,39.942216,116.483422,39.98391696977997,116.3644588585819,2009-10-05 10:17:28,0
27,39.941924,116.319103,39.98391696977997,116.3644588585819,2009-01-14 00:40:19,0
25,39.9307783,116.3670516,39.98391696977997,116.3644588585819,2009-02-07 03:38:54,0
22,39.973879,116.3315,39.98391696977997,116.3644588585819,2009-04-22 01:21:50,0
83,39.9752949,116.3311633,39.98391696977997,116.3644588585819,2009-01-14 22:46:44,0
153,40.019016,116.447513,39.98391696977997,116.3644588585819,2010-02-04 00:26:00,0
84,39.990358,116.265298,39.98391696977997,116.3644588585819,2008-09-13 09:22:17,0
153,40.024122,116.197817,39.98391696977997,116.3644588585819,2010-04-18 05:24:33,0
153,39.991712,116.463584,39.98391696977997,116.3644588585819,2011-09-11 05:27:38,0
153,39.966342,116.355925,39.98391696977997,116.3644588585819,2008-11-28 03:32:31,0
126,39.970672,116.422523,39.98391696977997,116.3644588585819,2008-10-26 13:38:49,0
62,39.9843866,116.3076966,39.98391696977997,116.3644588585819,2008-09-25 02:23:11,0
128,40.0710649,116.3289866,39.98391696977997,116.3644588585819,2008-11-07 11:19:22,0
30,39.951488,116.803201,39.98391696977997,116.3644588585819,2009-05-23 10:19:29,0
30,40.000293,116.327451,39.98391696977997,116.3644588585819,2009-02-20 23:47:26,0
142,39.949451,116.268478,39.98391696977997,116.3644588585819,2008-12-26 09:03:26,0
17,40.0294083,116.3381066,39.98391696977997,116.3644588585819,2008-12-17 11:49:14,0
68,39.987958,116.417444,39.98391696977997,116.3644588585819,2009-09-04 00:09:02,0
14,39.9855116,116.3492816,39.98391696977997,116.3644588585819,2009-01-19 01:43:19,0
3,40.000012,116.327323,39.98391696977997,116.3644588585819,2009-04-16 07:50:28,0
17,39.9478166,116.4271533,39.98391696977997,116.3644588585819,2008-11-14 03:52:10,0
10,39.908741,116.421561,39.98391696977997,116.3644588585819,2008-12-19 13:50:06,0
52,39.999113,116.379413,39.98391696977997,116.3644588585819,2008-07-11 05:29:41,0
14,39.9785016,116.3310516,39.98391696977997,116.3644588585819,2008-10-21 14:52:29,0
122,39.995665,116.328619,39.98391696977997,116.3644588585819,2009-09-20 10:11:36,0
153,39.915134,116.471616,39.98391696977997,116.3644588585819,2008-07-17 00:46:26,0
68,40.11677,116.267682,39.98391696977997,116.3644588585819,2009-08-15 02:36:11,0
68,39.98226,116.418126,39.98391696977997,116.3644588585819,2009-04-01 11:28:32,0
38,39.9684333,116.3086366,39.98391696977997,116.3644588585819,2009-04-10 14:33:20,0
113,39.976936,116.329422,39.98391696977997,116.3644588585819,2010-06-01 23:59:47,0
50,39.9588394166667,116.270614616667,39.98391696977997,116.3644588585819,2009-08-02 09:52:51,0
12,39.855486,116.392325,39.98391696977997,116.3644588585819,2008-11-02 07:54:58,0
39,40.070614,116.415729,39.98391696977997,116.3644588585819,2009-06-20 04:25:43,0
82,40.052122,116.402906,39.98391696977997,116.3644588585819,2009-03-22 14:58:51,0
167,39.996622,116.326805,39.98391696977997,116.3644588585819,2008-10-17 10:19:25,0
142,39.955449,116.270591,39.98391696977997,116.3644588585819,2010-05-28 02:03:35,0
168,39.860383,116.358432,39.98391696977997,116.3644588585819,2011-07-12 12:21:05,0
165,39.9768816666667,116.329091666667,39.98391696977997,116.3644588585819,2011-11-18 15:44:17,0
17,39.9554466,116.3490699,39.98391696977997,116.3644588585819,2008-11-10 08:21:51,0
126,40.003782,116.321453,39.98391696977997,116.3644588585819,2008-08-03 03:39:43,0
142,39.976171,116.327561,39.98391696977997,116.3644588585819,2010-06-25 02:06:00,0
2,39.937127,116.329675,39.98391696977997,116.3644588585819,2009-01-23 05:04:43,0
153,39.93212,116.459019,39.98391696977997,116.3644588585819,2008-08-20 08:01:13,0
17,39.9233683,116.3470566,39.98391696977997,116.3644588585819,2008-12-17 10:43:17,0
167,39.977068,116.32839,39.98391696977997,116.3644588585819,2008-05-06 15:20:25,0
22,39.987019,116.309857,39.98391696977997,116.3644588585819,2009-02-21 00:17:32,0
35,39.98135,116.321183,39.98391696977997,116.3644588585819,2009-04-02 23:15:32,0
153,39.955387,116.482616,39.98391696977997,116.3644588585819,2009-07-15 05:55:24,0
22,39.96926,116.307578,39.98391696977997,116.3644588585819,2009-03-21 07:33:24,0
37,39.9724883,116.2561283,39.98391696977997,116.3644588585819,2009-02-17 06:31:37,0
38,39.9674416,116.307315,39.98391696977997,116.3644588585819,2009-04-17 07:36:06,0
78,40.017327,116.539844,39.98391696977997,116.3644588585819,2008-05-30 12:00:39,0
41,39.9648216,116.2687033,39.98391696977997,116.3644588585819,2009-06-06 13:01:31,0
33,39.951009,116.36195,39.98391696977997,116.3644588585819,2009-01-09 16:36:56,0
153,39.987124,116.448611,39.98391696977997,116.3644588585819,2011-07-12 10:10:08,0
34,40.0110416,116.3234333,39.98391696977997,116.3644588585819,2009-03-20 11:10:24,0
41,39.6510766,116.0718399,39.98391696977997,116.3644588585819,2009-02-20 06:57:09,0
30,39.946643,116.784531,39.98391696977997,116.3644588585819,2009-03-14 00:22:00,0
153,40.045479,116.427536,39.98391696977997,116.3644588585819,2010-05-08 09:18:21,0
153,39.931629,116.46824,39.98391696977997,116.3644588585819,2009-10-17 04:59:07,0
30,39.979433,116.310735,39.98391696977997,116.3644588585819,2009-03-06 04:13:40,0
155,39.99942,116.504079,39.98391696977997,116.3644588585819,2009-05-27 12:52:33,0
126,39.98893,116.326651,39.98391696977997,116.3644588585819,2008-11-18 01:09:29,0
68,39.969305,116.420079,39.98391696977997,116.3644588585819,2008-12-12 02:07:39,0
0,40.006966,116.320291,39.98391696977997,116.3644588585819,2009-07-01 04:52:44,0
17,40.756905,117.1933199,39.98391696977997,116.3644588585819,2009-01-29 09:20:53,0
38,39.970665,116.3057466,39.98391696977997,116.3644588585819,2009-02-20 04:12:08,0
175,39.9948666666667,116.220483333333,39.98391696977997,116.3644588585819,2007-10-19 05:45:56,0
144,39.960988,116.411885,39.98391696977997,116.3644588585819,2009-05-21 01:42:44,0
141,39.9866566666667,116.188883333333,39.98391696977997,116.3644588585819,2011-10-22 03:55:50,0
163,39.967725,116.423795,39.98391696977997,116.3644588585819,2010-02-19 03:54:27,0
74,39.9760883333333,116.302988333333,39.98391696977997,116.3644588585819,2012-02-01 00:56:26,0
82,40.052496,116.400357,39.98391696977997,116.3644588585819,2009-04-04 15:12:14,0
24,40.140024,116.76277,39.98391696977997,116.3644588585819,2009-03-17 07:40:55,0
24,40.370942,115.898634,39.98391696977997,116.3644588585819,2009-03-07 11:41:39,0
41,39.8028816,116.3397916,39.98391696977997,116.3644588585819,2009-05-30 01:04:02,0
85,39.980314,116.327672,39.98391696977997,116.3644588585819,2008-05-30 20:30:35,0
179,40.003814,116.318249,39.98391696977997,116.3644588585819,2008-11-06 04:55:32,0
153,40.342415,115.99129,39.98391696977997,116.3644588585819,2010-05-02 04:14:53,0
41,40.0230249,116.3488566,39.98391696977997,116.3644588585819,2009-03-05 01:08:24,0
141,40.00302,116.267475,39.98391696977997,116.3644588585819,2011-10-22 05:49:33,0
22,39.973154,116.335714,39.98391696977997,116.3644588585819,2009-04-13 03:29:57,0
68,39.989442,116.417936,39.98391696977997,116.3644588585819,2009-05-05 05:47:27,0
26,39.971937,116.312299,39.98391696977997,116.3644588585819,2009-04-11 05:05:04,0
17,40.984775,117.3999949,39.98391696977997,116.3644588585819,2009-01-31 02:07:22,0
4,39.922548,116.302588,39.98391696977997,116.3644588585819,2009-03-20 09:49:39,0
13,39.967503,116.411349,39.98391696977997,116.3644588585819,2008-10-18 08:00:25,0
67,39.996876,116.387828,39.98391696977997,116.3644588585819,2011-03-05 05:32:54,0
62,40.0515683,116.2494633,39.98391696977997,116.3644588585819,2008-07-31 09:00:39,0
52,39.984863,116.352613,39.98391696977997,116.3644588585819,2008-05-27 14:18:55,0
153,39.991215,116.487839,39.98391696977997,116.3644588585819,2010-08-22 03:50:16,0
25,39.9670883,116.3867966,39.98391696977997,116.3644588585819,2008-12-19 04:04:09,0
3,39.95611,116.309384,39.98391696977997,116.3644588585819,2009-03-16 11:59:54,0
4,39.999604,116.32717,39.98391696977997,116.3644588585819,2009-07-07 16:47:39,0
153,39.95024,116.410871,39.98391696977997,116.3644588585819,2010-09-08 13:28:25,0
40,39.951912,116.361233,39.98391696977997,116.3644588585819,2009-05-13 15:37:31,0
37,40.0007366,116.281565,39.98391696977997,116.3644588585819,2009-03-28 18:00:26,0
159,39.9786416666667,116.330498333333,39.98391696977997,116.3644588585819,2012-04-08 19:59:20,0
167,39.967563,116.414598,39.98391696977997,116.3644588585819,2008-05-04 11:27:21,0
153,39.906874,116.470574,39.98391696977997,116.3644588585819,2008-08-22 14:29:39,0
8,39.985094,116.340301,39.98391696977997,116.3644588585819,2008-12-05 11:17:14,0
14,39.9769816,116.3476849,39.98391696977997,116.3644588585819,2009-03-04 11:23:00,0
30,40.112747,116.272686,39.98391696977997,116.3644588585819,2009-06-14 07:30:56,0
167,39.9999316,116.3246466,39.98391696977997,116.3644588585819,2008-04-14 03:59:32,0
43,39.784829,116.523039,39.98391696977997,116.3644588585819,2009-06-22 07:06:59,0
44,39.971782,116.333785,39.98391696977997,116.3644588585819,2009-04-08 07:20:28,0
8,39.966657,116.317296,39.98391696977997,116.3644588585819,2008-11-05 11:12:38,0
167,39.966917,116.37673,39.98391696977997,116.3644588585819,2008-09-30 03:43:48,0
17,39.9255266,116.23881,39.98391696977997,116.3644588585819,2008-12-17 10:25:47,0
25,40.0228216,116.3076033,39.98391696977997,116.3644588585819,2009-04-07 01:45:22,0
22,39.973158,116.335151,39.98391696977997,116.3644588585819,2009-06-16 01:31:05,0
1,40.013368,116.312171,39.98391696977997,116.3644588585819,2008-12-13 14:03:33,0
17,39.9541833,116.4513883,39.98391696977997,116.3644588585819,2009-05-26 05:17:06,0
126,39.9851899,116.3480983,39.98391696977997,116.3644588585819,2008-05-17 02:32:33,0
65,39.9035933333333,116.024691666667,39.98391696977997,116.3644588585819,2011-10-05 04:13:05,0
85,39.925468,116.33786,39.98391696977997,116.3644588585819,2008-11-11 02:46:53,0
141,39.9966666666667,116.276733333333,39.98391696977997,116.3644588585819,2011-10-22 08:05:02,0
96,40.007623,116.319609,39.98391696977997,116.3644588585819,2008-12-02 03:51:45,0
163,39.974831,116.456274,39.98391696977997,116.3644588585819,2010-08-29 12:31:18,0
11,39.9573516,116.3480466,39.98391696977997,116.3644588585819,2008-09-27 23:40:44,0
8,39.917809,116.350154,39.98391696977997,116.3644588585819,2008-11-19 02:12:34,0
126,39.966315,116.351044,39.98391696977997,116.3644588585819,2008-04-22 11:30:24,0
67,39.9764616666667,116.29967,39.98391696977997,116.3644588585819,2011-04-18 11:11:06,0
62,39.9323416,116.4579249,39.98391696977997,116.3644588585819,2008-10-16 01:09:49,0
68,39.961597,116.418731,39.98391696977997,116.3644588585819,2009-03-01 04:27:56,0
17,39.94627,116.3624966,39.98391696977997,116.3644588585819,2009-03-16 03:48:46,0
5,40.000697,116.327048,39.98391696977997,116.3644588585819,2009-01-13 19:11:39,0
96,40.004257,116.324328,39.98391696977997,116.3644588585819,2008-08-22 14:17:15,0
67,39.9749166666667,116.302925,39.98391696977997,116.3644588585819,2011-05-03 13:11:09,0
17,39.98635,116.3820383,39.98391696977997,116.3644588585819,2009-05-21 03:47:00,0
17,40.0309316,116.3401316,39.98391696977997,116.3644588585819,2009-01-16 06:47:16,0
153,40.033325788,116.566108584,39.98391696977997,116.3644588585819,2011-12-17 10:42:05,0
17,40.0201166,116.3413433,39.98391696977997,116.3644588585819,2008-12-11 11:14:26,0
84,39.937888,116.432886,39.98391696977997,116.3644588585819,2009-05-25 19:24:36,0
25,39.9915883,116.3276016,39.98391696977997,116.3644588585819,2009-03-06 11:40:14,0
33,39.926955,116.349822,39.98391696977997,116.3644588585819,2009-01-15 10:36:41,0
41,39.8704516,116.3961016,39.98391696977997,116.3644588585819,2009-07-08 06:05:17,0
153,39.889009,116.455274,39.98391696977997,116.3644588585819,2010-12-12 05:59:15,0
30,39.946685,116.799829,39.98391696977997,116.3644588585819,2009-04-06 04:03:08,0
153,40.015498145,116.460946825,39.98391696977997,116.3644588585819,2011-10-09 17:24:00,0
35,39.977571,116.327213,39.98391696977997,116.3644588585819,2009-04-23 09:39:16,0
153,39.9696766,116.3280966,39.98391696977997,116.3644588585819,2008-06-19 14:33:33,0
153,39.910188,116.471646,39.98391696977997,116.3644588585819,2008-09-23 00:10:43,0
22,40.069527,116.328685,39.98391696977997,116.3644588585819,2009-07-21 01:14:12,0
39,39.999699,116.358734,39.98391696977997,116.3644588585819,2009-07-03 12:21:14,0
167,39.939125,116.813441,39.98391696977997,116.3644588585819,2008-06-07 01:16:41,0
68,39.948067,116.418937,39.98391696977997,116.3644588585819,2008-10-14 05:44:14,0
96,39.990975,116.326568,39.98391696977997,116.3644588585819,2008-08-12 01:26:42,0
153,39.955637,116.365103,39.98391696977997,116.3644588585819,2008-11-26 06:53:35,0
10,39.869513,116.368228,39.98391696977997,116.3644588585819,2008-10-12 23:56:31,0
68,39.964746,116.419088,39.98391696977997,116.3644588585819,2008-10-05 10:34:42,0
40,39.97479,116.333614,39.98391696977997,116.3644588585819,2009-03-24 01:01:22,0
41,39.8593383,116.2559716,39.98391696977997,116.3644588585819,2009-02-20 07:33:05,0
126,39.966947,116.374118,39.98391696977997,116.3644588585819,2008-12-27 07:12:04,0
140,39.991161,116.438979,39.98391696977997,116.3644588585819,2009-09-04 12:23:18,0
38,39.9669883,116.3092266,39.98391696977997,116.3644588585819,2009-04-15 13:53:44,0
35,39.990541,116.330382,39.98391696977997,116.3644588585819,2009-04-16 13:43:35,0
17,39.9198599,116.3585733,39.98391696977997,116.3644588585819,2009-06-30 07:23:31,0
85,39.87557,116.344348,39.98391696977997,116.3644588585819,2008-05-22 06:50:00,0
141,40.360395,116.015778333333,39.98391696977997,116.3644588585819,2011-10-23 03:18:19,0
119,39.954047,116.493187,39.98391696977997,116.3644588585819,2008-07-30 21:40:20,0
128,40.0045149,116.2971566,39.98391696977997,116.3644588585819,2009-08-04 23:43:03,0
29,39.866233,116.358847,39.98391696977997,116.3644588585819,2009-03-06 00:36:48,0
4,40.012243,116.321448,39.98391696977997,116.3644588585819,2009-05-14 07:36:37,0
22,40.021295,116.348698,39.98391696977997,116.3644588585819,2009-07-24 18:10:07,0
96,40.007815,116.319306,39.98391696977997,116.3644588585819,2008-07-18 16:33:09,0
65,39.9649,116.315226666667,39.98391696977997,116.3644588585819,2011-09-26 00:53:41,0
163,39.891672,116.483613,39.98391696977997,116.3644588585819,2011-02-02 03:14:48,0
128,40.0034349,116.3612966,39.98391696977997,116.3644588585819,2008-11-14 02:12:07,0
128,39.9122566,116.4551683,39.98391696977997,116.3644588585819,2008-10-30 06:49:29,0
153,39.986842,116.448307,39.98391696977997,116.3644588585819,2010-02-21 17:30:57,0
128,40.0728683,116.3285599,39.98391696977997,116.3644588585819,2010-06-24 00:51:22,0
4,39.991697,116.331308,39.98391696977997,116.3644588585819,2009-01-20 08:34:37,0
147,39.974857,116.316628,39.98391696977997,116.3644588585819,2011-05-05 10:11:24,0
14,39.9857249,116.4178116,39.98391696977997,116.3644588585819,2009-01-16 14:23:43,0
24,40.175201,116.288089,39.98391696977997,116.3644588585819,2009-03-25 00:39:35,0
50,39.9946365333333,116.19916535,39.98391696977997,116.3644588585819,2009-08-25 01:53:14,0
103,39.931135,116.30749,39.98391696977997,116.3644588585819,2008-09-09 10:08:28,0
37,39.8369383,116.2934649,39.98391696977997,116.3644588585819,2009-07-20 10:51:19,0
50,40.0079154968262,116.50382232666,39.98391696977997,116.3644588585819,2009-08-17 15:54:49,0
2,39.938631,116.319272,39.98391696977997,116.3644588585819,2008-10-25 12:48:53,0
18,40.0080416,116.503985,39.98391696977997,116.3644588585819,2008-11-06 03:18:49,0
163,39.984085,116.347318,39.98391696977997,116.3644588585819,2010-07-10 04:15:57,0
25,39.9873749,116.30299,39.98391696977997,116.3644588585819,2009-05-29 13:11:09,0
1,40.014189,116.306041,39.98391696977997,116.3644588585819,2008-10-28 23:32:15,0
153,39.932285,116.451523,39.98391696977997,116.3644588585819,2009-08-19 12:54:13,0
119,39.927575,116.472249,39.98391696977997,116.3644588585819,2008-07-30 13:37:20,0
153,40.183668,116.506274,39.98391696977997,116.3644588585819,2008-08-23 06:10:09,0
25,39.9622533,116.4014216,39.98391696977997,116.3644588585819,2009-05-29 02:52:45,0
17,39.9545566,116.2105866,39.98391696977997,116.3644588585819,2009-05-23 10:08:40,0
58,39.9805616666667,116.328606666667,39.98391696977997,116.3644588585819,2011-08-29 11:20:59,0
153,39.993826,116.443005,39.98391696977997,116.3644588585819,2011-05-13 12:38:48,0
50,39.9512901333333,116.269279483333,39.98391696977997,116.3644588585819,2009-08-21 23:53:06,0
24,39.94976,116.252386,39.98391696977997,116.3644588585819,2009-05-24 07:45:53,0
50,39.9938011166667,116.199707033333,39.98391696977997,116.3644588585819,2009-08-25 03:10:23,0
62,39.9864433,116.3020483,39.98391696977997,116.3644588585819,2008-11-04 04:33:08,0
179,40.051166,116.324194,39.98391696977997,116.3644588585819,2008-10-26 02:15:49,0
65,39.9048766666667,116.024893333333,39.98391696977997,116.3644588585819,2011-10-05 04:56:22,0
35,39.937623,116.307405,39.98391696977997,116.3644588585819,2009-03-07 07:45:31,0
85,40.042748,116.306449,39.98391696977997,116.3644588585819,2009-08-31 00:40:59,0
64,39.987169,116.300018,39.98391696977997,116.3644588585819,2008-08-30 00:47:24,0
163,40.038168,116.426884,39.98391696977997,116.3644588585819,2010-12-11 06:42:17,0
128,40.1094733,116.0889666,39.98391696977997,116.3644588585819,2008-11-16 03:26:07,0
92,40.0299116,116.4084666,39.98391696977997,116.3644588585819,2008-08-06 08:38:29,0
88,39.9615566,116.3488033,39.98391696977997,116.3644588585819,2008-09-29 09:51:13,0
163,39.974788,116.342484,39.98391696977997,116.3644588585819,2008-07-08 01:46:18,0
128,39.8998049,116.4290583,39.98391696977997,116.3644588585819,2009-12-13 06:41:36,0
96,39.99837,116.331499,39.98391696977997,116.3644588585819,2008-11-07 13:41:48,0
28,39.967772,116.101512,39.98391696977997,116.3644588585819,2009-02-16 21:34:00,0
22,39.964512,116.315606,39.98391696977997,116.3644588585819,2009-01-10 04:04:28,0
30,40.005775,116.316747,39.98391696977997,116.3644588585819,2009-07-23 10:42:16,0
30,40.000291,116.326922,39.98391696977997,116.3644588585819,2009-02-17 04:19:49,0
3,39.999932,116.323168,39.98391696977997,116.3644588585819,2008-11-09 07:48:06,0
15,40.039421,116.307091,39.98391696977997,116.3644588585819,2008-11-17 23:56:12,0
4,39.999901,116.327335,39.98391696977997,116.3644588585819,2009-04-22 02:46:15,0
36,39.808085,116.129873,39.98391696977997,116.3644588585819,2009-07-05 23:41:35,0
17,40.0082483,116.3628183,39.98391696977997,116.3644588585819,2009-04-09 11:20:40,0
119,39.922431,116.348179,39.98391696977997,116.3644588585819,2008-08-04 05:09:28,0
85,40.069242,116.350634,39.98391696977997,116.3644588585819,2009-09-10 01:23:45,0
34,40.0183366,116.3502183,39.98391696977997,116.3644588585819,2009-04-20 05:26:16,0
140,39.9752783,116.3399399,39.98391696977997,116.3644588585819,2009-02-20 03:04:45,0
125,39.994115,116.388253,39.98391696977997,116.3644588585819,2008-08-20 14:14:31,0
82,40.052675,116.400075,39.98391696977997,116.3644588585819,2009-03-23 19:30:26,0
78,39.971923,116.324602,39.98391696977997,116.3644588585819,2008-08-19 02:07:23,0
153,39.936746,116.427811,39.98391696977997,116.3644588585819,2009-11-30 02:30:36,0
22,40.080412,116.368767,39.98391696977997,116.3644588585819,2009-03-09 13:22:40,0
17,39.9845566,116.31479,39.98391696977997,116.3644588585819,2009-02-17 00:32:15,0
34,39.9995566,116.3431316,39.98391696977997,116.3644588585819,2009-02-26 03:27:45,0
128,39.9771233,116.4525983,39.98391696977997,116.3644588585819,2009-11-06 04:13:19,0
24,40.004784,116.311417,39.98391696977997,116.3644588585819,2009-02-03 09:13:36,0
22,40.069243,116.352374,39.98391696977997,116.3644588585819,2009-05-12 13:37:37,0
168,40.001713,116.39416,39.98391696977997,116.3644588585819,2011-08-08 02:24:19,0
65,39.9505283333333,116.319923333333,39.98391696977997,116.3644588585819,2011-10-23 05:28:51,0
14,39.946985,116.3038849,39.98391696977997,116.3644588585819,2008-11-24 09:28:42,0
39,40.212111,116.128087,39.98391696977997,116.3644588585819,2009-05-04 00:43:25,0
24,40.024051,116.338766,39.98391696977997,116.3644588585819,2009-02-25 00:42:46,0
2,39.898607,116.373342,39.98391696977997,116.3644588585819,2009-02-26 13:33:24,0
8,39.981639,116.329189,39.98391696977997,116.3644588585819,2008-11-05 15:24:02,0
71,39.979635,116.330623333333,39.98391696977997,116.3644588585819,2012-04-04 14:30:24,0
163,39.845516,116.339979,39.98391696977997,116.3644588585819,2011-02-08 08:51:50,0
41,39.8753633,116.2586833,39.98391696977997,116.3644588585819,2009-03-13 09:56:46,0
73,39.9752866,116.3299266,39.98391696977997,116.3644588585819,2008-07-15 13:03:43,0
128,40.07604,116.3270533,39.98391696977997,116.3644588585819,2009-04-07 12:30:44,0
17,39.8931566,116.4367183,39.98391696977997,116.3644588585819,2009-06-18 02:33:11,0
153,40.007373,116.427196,39.98391696977997,116.3644588585819,2011-01-15 07:39:38,0
59,39.9754133333333,116.312401666667,39.98391696977997,116.3644588585819,2011-08-30 00:38:12,0
128,40.0498299,116.3260916,39.98391696977997,116.3644588585819,2009-07-29 12:10:43,0
85,39.93815,116.319174,39.98391696977997,116.3644588585819,2009-04-13 23:11:26,0
68,39.996026,116.418782,39.98391696977997,116.3644588585819,2009-07-13 16:11:54,0
12,39.983616,116.327447,39.98391696977997,116.3644588585819,2008-11-20 11:53:39,0
163,39.979595,116.449264,39.98391696977997,116.3644588585819,2010-12-04 03:48:16,0
163,39.932915,116.4841249,39.98391696977997,116.3644588585819,2008-06-15 03:51:33,0
18,40.24781,116.5521049,39.98391696977997,116.3644588585819,2008-12-11 07:14:27,0
153,39.961862,116.396443,39.98391696977997,116.3644588585819,2010-04-10 10:28:14,0
140,39.9756533,116.4116349,39.98391696977997,116.3644588585819,2009-03-29 06:40:26,0
115,40.0737666,116.32565,39.98391696977997,116.3644588585819,2008-07-20 23:52:17,0
22,40.049866,116.300879,39.98391696977997,116.3644588585819,2009-07-15 00:12:09,0
153,39.935447,116.385433,39.98391696977997,116.3644588585819,2008-10-31 13:11:28,0
128,40.0562799,116.3209133,39.98391696977997,116.3644588585819,2009-05-22 12:44:46,0
41,39.8295883,116.3321049,39.98391696977997,116.3644588585819,2009-05-06 02:56:13,0
65,39.9659016666667,116.323883333333,39.98391696977997,116.3644588585819,2011-10-06 04:12:50,0
153,39.986754098,116.44874502,39.98391696977997,116.3644588585819,2012-01-24 16:55:27,0
37,39.8829866,116.4549699,39.98391696977997,116.3644588585819,2009-07-25 05:45:09,0
0,40.004829,116.321076,39.98391696977997,116.3644588585819,2009-06-11 01:25:15,0
140,39.9858033,116.3477266,39.98391696977997,116.3644588585819,2009-02-14 05:56:43,0
168,39.986289,116.365505,39.98391696977997,116.3644588585819,2011-05-31 23:06:57,0
7,39.977111,116.333912,39.98391696977997,116.3644588585819,2008-11-06 10:29:23,0
112,40.0013449,116.3572666,39.98391696977997,116.3644588585819,2008-04-14 20:25:36,0
39,40.000112,116.356119,39.98391696977997,116.3644588585819,2009-04-02 14:28:36,0
2,39.965722,116.353942,39.98391696977997,116.3644588585819,2009-03-15 08:37:32,0
115,40.0175016,116.3741166,39.98391696977997,116.3644588585819,2008-04-23 07:58:55,0
7,40.00197,116.324426,39.98391696977997,116.3644588585819,2008-12-14 06:07:37,0
153,39.967729,116.412859,39.98391696977997,116.3644588585819,2011-06-21 15:10:37,0
165,39.972865,116.331788333333,39.98391696977997,116.3644588585819,2011-11-21 01:13:07,0
153,39.982272,116.466737,39.98391696977997,116.3644588585819,2009-08-20 07:22:56,0
68,39.968402,116.426537,39.98391696977997,116.3644588585819,2009-04-18 12:50:02,0
91,39.9842866,116.3325633,39.98391696977997,116.3644588585819,2007-11-26 21:59:28,0
140,39.9673133,116.3917933,39.98391696977997,116.3644588585819,2009-06-23 18:06:10,0
68,39.987034,116.418342,39.98391696977997,116.3644588585819,2009-06-14 12:32:28,0
14,39.968295,116.3746016,39.98391696977997,116.3644588585819,2009-02-23 11:35:42,0
62,40.0392933,116.3226733,39.98391696977997,116.3644588585819,2008-07-31 08:42:26,0
15,40.048814,116.30784,39.98391696977997,116.3644588585819,2008-10-30 10:48:40,0
163,39.94382,116.371833,39.98391696977997,116.3644588585819,2009-08-30 04:53:46,0
153,39.932376,116.466175,39.98391696977997,116.3644588585819,2008-08-26 12:04:35,0
22,39.95622,116.302501,39.98391696977997,116.3644588585819,2009-03-05 11:05:06,0
68,39.99505,116.418329,39.98391696977997,116.3644588585819,2009-04-29 09:40:34,0
6,39.983658,116.345565,39.98391696977997,116.3644588585819,2008-11-12 00:45:53,0
22,40.068845,116.309352,39.98391696977997,116.3644588585819,2009-03-10 00:50:25,0
128,39.91212,116.3504633,39.98391696977997,116.3644588585819,2009-03-09 10:02:18,0
22,39.9736,116.334887,39.98391696977997,116.3644588585819,2009-03-11 02:53:59,0
85,39.950345,116.318882,39.98391696977997,116.3644588585819,2009-04-21 11:19:14,0
93,39.8909266,116.3786633,39.98391696977997,116.3644588585819,2008-08-23 08:59:27,0
17,39.9852466,116.3365649,39.98391696977997,116.3644588585819,2009-01-20 07:41:25,0
17,39.9862566,116.370445,39.98391696977997,116.3644588585819,2009-02-17 09:57:19,0
3,39.991878,116.329646,39.98391696977997,116.3644588585819,2008-11-06 11:09:07,0
125,40.007147,116.322321,39.98391696977997,116.3644588585819,2008-06-07 14:01:21,0
68,39.971784,116.418366,39.98391696977997,116.3644588585819,2009-04-27 00:03:42,0
68,39.950535,116.269591,39.98391696977997,116.3644588585819,2009-08-03 23:11:42,0
23,39.975263,116.33389,39.98391696977997,116.3644588585819,2009-02-15 09:16:51,0
2,39.92614,116.337966,39.98391696977997,116.3644588585819,2008-12-11 13:13:24,0
88,39.8985983,116.3723433,39.98391696977997,116.3644588585819,2008-10-01 01:34:03,0
42,39.7935916,116.284115,39.98391696977997,116.3644588585819,2009-02-27 04:55:38,0
65,39.96451,116.315208333333,39.98391696977997,116.3644588585819,2011-09-23 00:42:42,0
128,40.0053616,116.5012066,39.98391696977997,116.3644588585819,2011-03-08 12:31:31,0
153,39.973463,116.458428,39.98391696977997,116.3644588585819,2010-08-29 12:31:00,0
167,39.9999316,116.3272799,39.98391696977997,116.3644588585819,2008-04-02 10:52:47,0
14,39.983755,116.3210649,39.98391696977997,116.3644588585819,2008-10-25 08:21:57,0
115,39.9084033,116.5890499,39.98391696977997,116.3644588585819,2008-06-29 23:24:18,0
112,39.9741083,116.3327716,39.98391696977997,116.3644588585819,2008-07-05 05:45:56,0
37,39.8559633,116.3871066,39.98391696977997,116.3644588585819,2009-07-15 09:48:29,0
41,39.8669833,116.2756733,39.98391696977997,116.3644588585819,2009-06-13 11:02:09,0
11,39.9858133,116.3077533,39.98391696977997,116.3644588585819,2008-11-16 07:03:02,0
74,39.9779816666667,116.331366666667,39.98391696977997,116.3644588585819,2012-02-01 00:26:57,0
38,39.9668616,116.3074516,39.98391696977997,116.3644588585819,2009-02-14 12:37:53,0
84,39.982223,116.32729,39.98391696977997,116.3644588585819,2008-07-21 23:31:19,0
144,40.027546,116.433078,39.98391696977997,116.3644588585819,2009-07-20 16:15:17,0
153,40.028787703,116.431019419,39.98391696977997,116.3644588585819,2012-03-03 16:03:10,0
51,39.8491683,116.2924883,39.98391696977997,116.3644588585819,2008-02-02 22:27:07,0
17,40.0150366,116.3397599,39.98391696977997,116.3644588585819,2008-12-08 09:33:26,0
141,39.978365,116.303918333333,39.98391696977997,116.3644588585819,2011-10-11 01:15:46,0
141,39.987585,116.303261666667,39.98391696977997,116.3644588585819,2011-09-18 09:16:34,0
85,39.977677,116.327505,39.98391696977997,116.3644588585819,2009-03-17 09:42:20,0
51,39.8555316,116.3906716,39.98391696977997,116.3644588585819,2008-01-21 09:09:51,0
10,39.903562,116.419402,39.98391696977997,116.3644588585819,2007-08-04 03:56:24,0
50,39.90634155,116.385192866667,39.98391696977997,116.3644588585819,2009-08-22 11:18:53,0
28,39.932566,116.319109,39.98391696977997,116.3644588585819,2009-02-01 08:51:35,0
153,39.910931,116.47121,39.98391696977997,116.3644588585819,2009-04-09 00:31:22,0
85,39.9749449,116.3279233,39.98391696977997,116.3644588585819,2008-08-30 04:45:14,0
50,39.8744697570801,116.284614562988,39.98391696977997,116.3644588585819,2009-08-04 17:22:10,0
25,39.9869449,116.3031199,39.98391696977997,116.3644588585819,2009-07-01 08:45:15,0
17,39.9916766,116.3470833,39.98391696977997,116.3644588585819,2008-12-06 12:23:05,0
10,39.901401,116.4199,39.98391696977997,116.3644588585819,2009-01-09 19:53:51,0
41,39.9452549,116.2788866,39.98391696977997,116.3644588585819,2009-04-23 08:38:21,0
62,39.930685,116.3502966,39.98391696977997,116.3644588585819,2008-09-21 07:09:54,0
82,40.047681,116.401654,39.98391696977997,116.3644588585819,2009-04-24 16:38:44,0
34,39.9180433,116.33864,39.98391696977997,116.3644588585819,2009-03-23 03:43:55,0
153,39.932273,116.461793,39.98391696977997,116.3644588585819,2009-07-13 08:32:20,0
17,39.9880433,116.4020583,39.98391696977997,116.3644588585819,2008-12-04 10:04:32,0
17,39.9482883,116.4220283,39.98391696977997,116.3644588585819,2009-01-22 11:43:46,0
153,39.906108,116.267713,39.98391696977997,116.3644588585819,2010-07-25 03:21:22,0
24,40.444784,115.790067,39.98391696977997,116.3644588585819,2009-02-21 06:56:34,0
128,40.151965,116.130535,39.98391696977997,116.3644588585819,2010-07-18 03:37:52,0
144,40.0379566,116.4272283,39.98391696977997,116.3644588585819,2009-03-04 10:33:02,0
25,39.9736483,116.3637266,39.98391696977997,116.3644588585819,2009-01-02 01:34:48,0
22,39.994081,116.331573,39.98391696977997,116.3644588585819,2009-07-09 03:36:45,0
85,39.936716,116.336491,39.98391696977997,116.3644588585819,2009-05-10 23:11:21,0
140,39.9865083,116.3829516,39.98391696977997,116.3644588585819,2008-09-09 15:56:37,0
17,40.0138616,116.3395866,39.98391696977997,116.3644588585819,2008-12-21 07:17:53,0
39,40.072703,116.409917,39.98391696977997,116.3644588585819,2009-06-08 00:22:26,0
35,39.99026,116.330258,39.98391696977997,116.3644588585819,2009-03-10 12:35:26,0
13,39.967801,116.405616,39.98391696977997,116.3644588585819,2008-11-02 23:38:46,0
65,39.9646716666667,116.312731666667,39.98391696977997,116.3644588585819,2011-10-05 15:26:11,0
128,39.8570066,116.48035,39.98391696977997,116.3644588585819,2009-11-06 01:53:38,0
124,40.063126,116.607401,39.98391696977997,116.3644588585819,2008-10-03 09:50:13,0
141,39.9875283333333,116.303413333333,39.98391696977997,116.3644588585819,2011-09-18 09:16:51,0
153,39.965912,116.338672,39.98391696977997,116.3644588585819,2008-09-08 00:21:45,0
14,39.9578349,116.2925983,39.98391696977997,116.3644588585819,2009-02-13 12:00:46,0
153,40.185011,116.494515,39.98391696977997,116.3644588585819,2008-08-23 10:49:16,0
62,39.9870416,116.3977583,39.98391696977997,116.3644588585819,2008-08-24 05:45:12,0
10,39.98298,116.332233,39.98391696977997,116.3644588585819,2008-10-08 10:51:21,0
167,39.999885,116.321914,39.98391696977997,116.3644588585819,2009-01-06 10:28:20,0
39,40.323163,116.662218,39.98391696977997,116.3644588585819,2009-04-29 04:17:13,0
30,40.009789,116.318356,39.98391696977997,116.3644588585819,2009-04-09 01:08:51,0
168,40.02151,116.35707,39.98391696977997,116.3644588585819,2011-08-23 10:15:24,0
1,39.901195,116.421133,39.98391696977997,116.3644588585819,2008-11-01 06:44:26,0
163,39.985346,116.450304,39.98391696977997,116.3644588585819,2011-05-14 05:26:13,0
37,39.8640749,116.3939883,39.98391696977997,116.3644588585819,2009-02-20 02:40:28,0
84,39.981247,116.32779,39.98391696977997,116.3644588585819,2008-09-22 11:45:48,0
58,39.9768066666667,116.328876666667,39.98391696977997,116.3644588585819,2011-08-29 10:46:19,0
114,39.94023,116.268335,39.98391696977997,116.3644588585819,2010-06-05 06:14:48,0
141,39.9963783333333,116.22349,39.98391696977997,116.3644588585819,2011-10-22 05:30:56,0
82,40.024079,116.411523,39.98391696977997,116.3644588585819,2009-04-11 05:14:43,0
2,39.905075,116.340202,39.98391696977997,116.3644588585819,2008-12-07 09:36:09,0
14,39.9661183,116.3364649,39.98391696977997,116.3644588585819,2009-02-11 10:38:02,0
153,39.986303211,116.449153455,39.98391696977997,116.3644588585819,2012-05-19 19:54:29,0
153,39.987044,116.398847,39.98391696977997,116.3644588585819,2011-07-03 02:39:30,0
84,40.048696,116.398654,39.98391696977997,116.3644588585819,2008-11-29 14:52:03,0
153,39.961406,116.45262,39.98391696977997,116.3644588585819,2011-06-05 11:21:41,0
68,39.969509,116.419768,39.98391696977997,116.3644588585819,2009-03-17 12:03:33,0
17,39.9643866,116.4357683,39.98391696977997,116.3644588585819,2009-03-27 05:33:27,0
113,40.008034,116.400764,39.98391696977997,116.3644588585819,2010-05-26 10:28:04,0
67,39.9759,116.29963,39.98391696977997,116.3644588585819,2011-04-18 11:12:46,0
0,40.007661,116.319783,39.98391696977997,116.3644588585819,2009-03-30 03:50:17,0
128,40.0767233,116.32579,39.98391696977997,116.3644588585819,2008-12-15 13:10:48,0
28,39.950766,116.123467,39.98391696977997,116.3644588585819,2009-02-15 22:57:33,0
68,39.974294,116.418534,39.98391696977997,116.3644588585819,2008-11-11 14:21:01,0
153,39.989488,116.451271,39.98391696977997,116.3644588585819,2009-07-20 09:51:09,0
17,39.9850666,116.3287616,39.98391696977997,116.3644588585819,2009-07-02 00:36:13,0
20,39.9750816666667,116.319025,39.98391696977997,116.3644588585819,2011-10-13 01:54:25,0
128,40.0694266,116.3303833,39.98391696977997,116.3644588585819,2009-10-11 12:00:37,0
153,39.934547,116.455692,39.98391696977997,116.3644588585819,2009-12-27 08:59:21,0
22,40.057872,116.403488,39.98391696977997,116.3644588585819,2009-07-17 20:53:38,0
14,39.9435149,116.3499833,39.98391696977997,116.3644588585819,2009-03-11 05:32:08,0
10,40.051578,116.404919,39.98391696977997,116.3644588585819,2008-08-01 03:17:03,0
73,39.9722833,116.32462,39.98391696977997,116.3644588585819,2008-08-03 05:46:02,0
128,39.9687216,116.3742516,39.98391696977997,116.3644588585819,2010-03-07 00:00:12,0
115,39.9084816,116.5879633,39.98391696977997,116.3644588585819,2008-05-12 23:39:42,0
25,39.9970666,116.3086716,39.98391696977997,116.3644588585819,2009-04-23 06:00:56,0
50,39.97195435,116.2416153,39.98391696977997,116.3644588585819,2009-08-02 13:13:06,0
41,39.8479866,116.2764449,39.98391696977997,116.3644588585819,2009-06-04 07:08:40,0
7,40.583238,116.729704,39.98391696977997,116.3644588585819,2008-11-01 09:02:36,0
68,39.967192,116.432534,39.98391696977997,116.3644588585819,2008-10-31 13:09:42,0
68,39.99586,116.41798,39.98391696977997,116.3644588585819,2009-06-11 09:09:38,0
82,39.879019,116.406383,39.98391696977997,116.3644588585819,2009-04-11 08:42:21,0
141,39.985145,116.310231666667,39.98391696977997,116.3644588585819,2011-10-10 11:04:25,0
42,39.6867466,116.3360599,39.98391696977997,116.3644588585819,2009-02-19 06:17:34,0
22,39.966371,116.328956,39.98391696977997,116.3644588585819,2009-06-15 06:10:19,0
34,40.0200966,116.3501933,39.98391696977997,116.3644588585819,2009-02-14 00:53:28,0
3,39.909006,116.267586,39.98391696977997,116.3644588585819,2008-12-04 00:10:03,0
42,39.9058,116.3435616,39.98391696977997,116.3644588585819,2009-02-12 08:12:39,0
128,39.9664149,116.3296149,39.98391696977997,116.3644588585819,2010-01-29 06:36:44,0
167,40.103192,116.091241,39.98391696977997,116.3644588585819,2008-09-29 03:13:54,0
41,39.9133416,116.5379366,39.98391696977997,116.3644588585819,2009-05-20 04:44:49,0
41,39.9061733,116.2588399,39.98391696977997,116.3644588585819,2009-04-07 09:49:38,0
25,40.0421149,116.2999633,39.98391696977997,116.3644588585819,2009-03-09 08:48:16,0
0,39.923948,116.20604,39.98391696977997,116.3644588585819,2009-04-13 08:22:53,0
144,40.0068333,116.46146,39.98391696977997,116.3644588585819,2008-05-01 02:01:01,0
7,39.979853,116.341637,39.98391696977997,116.3644588585819,2008-11-14 11:02:02,0
17,39.9290099,116.3469983,39.98391696977997,116.3644588585819,2008-12-19 08:09:12,0
7,39.980274,116.339161,39.98391696977997,116.3644588585819,2008-10-28 16:20:07,0
17,40.9957233,117.48218,39.98391696977997,116.3644588585819,2009-01-31 02:21:30,0
22,39.973273,116.333649,39.98391696977997,116.3644588585819,2009-04-28 01:05:57,0
38,39.9509383,116.313165,39.98391696977997,116.3644588585819,2009-03-07 11:13:52,0
30,39.947151,116.783259,39.98391696977997,116.3644588585819,2009-03-21 00:40:50,0
163,39.98607972,116.359514075,39.98391696977997,116.3644588585819,2012-05-04 08:37:19,0
35,39.981972,116.326274,39.98391696977997,116.3644588585819,2009-04-02 07:23:37,0
22,39.973256,116.335099,39.98391696977997,116.3644588585819,2009-04-03 10:37:38,0
41,39.8643283,116.2664533,39.98391696977997,116.3644588585819,2009-06-24 11:17:57,0
14,40.0176366,116.440805,39.98391696977997,116.3644588585819,2008-11-16 09:35:31,0
153,39.927838,116.472593,39.98391696977997,116.3644588585819,2009-09-25 12:02:03,0
115,39.9730683,116.5151799,39.98391696977997,116.3644588585819,2008-06-03 23:22:52,0
41,39.9054266,116.2593633,39.98391696977997,116.3644588585819,2009-05-02 22:23:17,0
50,39.9718971252441,116.209846496582,39.98391696977997,116.3644588585819,2009-08-06 21:30:51,0
153,39.949583393,116.471475281,39.98391696977997,116.3644588585819,2012-05-01 16:23:18,0
65,39.956575,116.34747,39.98391696977997,116.3644588585819,2011-10-16 01:08:15,0
85,39.937124,116.33363,39.98391696977997,116.3644588585819,2008-11-29 04:00:47,0
15,39.95236,116.801847,39.98391696977997,116.3644588585819,2009-03-01 12:13:46,0
37,39.9896583,116.3099799,39.98391696977997,116.3644588585819,2009-04-08 05:14:53,0
25,39.9874816,116.3026616,39.98391696977997,116.3644588585819,2009-01-08 11:46:11,0
62,39.9679699,116.4101066,39.98391696977997,116.3644588585819,2008-11-13 10:08:25,0
41,39.93073,116.2859966,39.98391696977997,116.3644588585819,2009-04-20 09:47:10,0
168,39.966885,116.342697,39.98391696977997,116.3644588585819,2011-07-16 08:55:53,0
68,39.897309,116.412806,39.98391696977997,116.3644588585819,2009-06-28 12:50:48,0
85,39.904622,116.384692,39.98391696977997,116.3644588585819,2008-11-01 08:09:10,0
153,39.993166,116.389541,39.98391696977997,116.3644588585819,2009-06-21 04:22:48,0
50,39.960392,116.268730166667,39.98391696977997,116.3644588585819,2009-08-21 06:03:04,0
141,39.9873866666667,116.189636666667,39.98391696977997,116.3644588585819,2011-10-22 03:46:07,0
17,39.9718949,116.3880833,39.98391696977997,116.3644588585819,2009-01-11 05:20:30,0
68,40.148383,116.815852,39.98391696977997,116.3644588585819,2009-04-18 01:41:26,0
128,40.0755683,116.3280433,39.98391696977997,116.3644588585819,2010-08-18 11:34:11,0
35,40.013482,116.296489,39.98391696977997,116.3644588585819,2009-03-22 07:43:29,0
52,39.985252,116.353079,39.98391696977997,116.3644588585819,2008-05-26 06:05:01,0
153,39.980945,116.449991,39.98391696977997,116.3644588585819,2010-01-01 07:46:11,0
26,39.936354,116.305144,39.98391696977997,116.3644588585819,2009-03-12 12:13:41,0
94,39.8232166666667,116.44755,39.98391696977997,116.3644588585819,2007-08-05 10:44:50,0
24,39.923616,116.310305,39.98391696977997,116.3644588585819,2009-01-22 04:59:39,0
167,39.980505,116.327076,39.98391696977997,116.3644588585819,2008-05-21 03:32:25,0
169,39.969252,116.37432,39.98391696977997,116.3644588585819,2010-06-03 01:20:34,0
95,39.9754033333333,116.325628333333,39.98391696977997,116.3644588585819,2011-05-29 17:32:32,0
62,39.966955,116.3828999,39.98391696977997,116.3644588585819,2008-11-14 01:31:12,0
155,39.863932,116.417429,39.98391696977997,116.3644588585819,2009-07-30 13:53:32,0
167,39.903325,116.420857,39.98391696977997,116.3644588585819,2008-06-06 23:58:00,0
140,39.9893716,116.4153799,39.98391696977997,116.3644588585819,2008-09-13 07:28:46,0
41,39.7699416,116.3355133,39.98391696977997,116.3644588585819,2009-04-26 06:12:29,0
22,39.961415,116.3024,39.98391696977997,116.3644588585819,2009-01-09 11:04:25,0
37,39.979635,116.3113799,39.98391696977997,116.3644588585819,2009-03-19 03:54:45,0
24,39.993065,116.326524,39.98391696977997,116.3644588585819,2009-03-19 23:54:20,0
126,39.96624,116.352414,39.98391696977997,116.3644588585819,2008-04-22 11:30:58,0
3,40.007838,116.319472,39.98391696977997,116.3644588585819,2009-03-13 19:57:32,0
35,39.975711,116.327264,39.98391696977997,116.3644588585819,2009-03-04 00:44:43,0
11,40.0693199,116.3554599,39.98391696977997,116.3644588585819,2008-11-10 23:32:21,0
22,39.991079,116.317783,39.98391696977997,116.3644588585819,2009-02-21 00:21:47,0
65,39.8999683333333,116.024486666667,39.98391696977997,116.3644588585819,2011-10-05 06:31:50,0
128,39.98608,116.3640616,39.98391696977997,116.3644588585819,2010-04-15 01:52:23,0
68,39.986732,116.433269,39.98391696977997,116.3644588585819,2009-07-24 03:03:29,0
39,40.366077,116.683211,39.98391696977997,116.3644588585819,2009-06-09 01:56:51,0
29,39.863117,116.360263,39.98391696977997,116.3644588585819,2009-03-06 00:17:43,0
115,40.0687383,116.312155,39.98391696977997,116.3644588585819,2008-08-31 16:53:14,0
30,39.945405,116.808785,39.98391696977997,116.3644588585819,2009-04-04 01:34:15,0
9,39.99938,116.338653,39.98391696977997,116.3644588585819,2008-11-08 08:23:04,0
25,39.9876983,116.4341566,39.98391696977997,116.3644588585819,2009-04-05 09:02:56,0
30,39.875043,116.272055,39.98391696977997,116.3644588585819,2009-04-27 05:24:58,0
141,39.9843216666667,116.32702,39.98391696977997,116.3644588585819,2011-09-24 05:45:04,0
17,40.0464,116.4059433,39.98391696977997,116.3644588585819,2009-04-09 10:16:21,0
38,39.9672883,116.3016516,39.98391696977997,116.3644588585819,2009-02-16 14:10:42,0
14,40.0516049,116.1012166,39.98391696977997,116.3644588585819,2008-11-12 04:21:52,0
37,39.9783666,116.2526733,39.98391696977997,116.3644588585819,2009-02-14 10:13:55,0
105,39.8998166666667,116.410983333333,39.98391696977997,116.3644588585819,2007-10-05 05:41:32,0
104,39.9274483,116.3042899,39.98391696977997,116.3644588585819,2008-09-13 20:22:52,0
104,39.9887249,116.3075266,39.98391696977997,116.3644588585819,2008-09-10 14:26:31,0
153,39.999438,116.500877,39.98391696977997,116.3644588585819,2008-11-04 02:56:49,0
84,39.950827,116.419041,39.98391696977997,116.3644588585819,2008-10-18 00:19:15,0
3,39.985377,116.327174,39.98391696977997,116.3644588585819,2009-02-16 04:36:46,0
126,39.975713,116.33095,39.98391696977997,116.3644588585819,2008-10-15 04:01:02,0
165,39.9759333333333,116.306995,39.98391696977997,116.3644588585819,2011-10-24 10:46:43,0
131,40.0080249,116.329295,39.98391696977997,116.3644588585819,2009-04-21 14:26:59,0
67,39.97519,116.329697,39.98391696977997,116.3644588585819,2010-12-14 16:07:54,0
10,39.889556,116.342476,39.98391696977997,116.3644588585819,2008-11-06 11:07:00,0
38,39.910815,116.1877666,39.98391696977997,116.3644588585819,2009-07-20 08:43:53,0
163,39.985579029,116.352840859,39.98391696977997,116.3644588585819,2012-03-02 18:08:47,0
65,39.991605,116.32673,39.98391696977997,116.3644588585819,2011-09-21 00:28:38,0
62,39.9822816,116.3889233,39.98391696977997,116.3644588585819,2008-08-12 13:51:13,0
167,40.005178,116.320734,39.98391696977997,116.3644588585819,2008-10-16 10:26:04,0
163,39.960445,116.301132,39.98391696977997,116.3644588585819,2010-02-16 06:00:15,0
163,39.987305061,116.405066431,39.98391696977997,116.3644588585819,2012-06-23 18:10:11,0
62,39.9837433,116.3082899,39.98391696977997,116.3644588585819,2008-08-01 07:54:01,0
4,40.000232,116.332444,39.98391696977997,116.3644588585819,2009-04-08 06:11:19,0
22,39.969219,116.332809,39.98391696977997,116.3644588585819,2009-04-26 12:34:18,0
125,39.941278,116.346608,39.98391696977997,116.3644588585819,2008-06-22 04:45:23,0
17,40.0002983,116.3466233,39.98391696977997,116.3644588585819,2008-12-05 10:42:39,0
41,39.8682333,116.2585716,39.98391696977997,116.3644588585819,2009-03-04 00:26:51,0
36,39.920076,116.411244,39.98391696977997,116.3644588585819,2009-07-08 08:58:44,0
17,40.0170733,116.3450199,39.98391696977997,116.3644588585819,2009-01-16 05:31:02,0
35,39.981792,116.321108,39.98391696977997,116.3644588585819,2009-04-10 08:05:55,0
17,39.9680949,116.426785,39.98391696977997,116.3644588585819,2009-01-21 01:45:08,0
59,39.9791666666667,116.328713333333,39.98391696977997,116.3644588585819,2011-08-29 11:50:12,0
125,39.991826,116.335734,39.98391696977997,116.3644588585819,2008-09-16 14:38:35,0
24,39.981877,116.346104,39.98391696977997,116.3644588585819,2008-12-16 14:13:09,0
128,40.0674249,116.3122866,39.98391696977997,116.3644588585819,2008-10-25 23:46:18,0
85,39.923213,116.338234,39.98391696977997,116.3644588585819,2009-04-29 23:21:28,0
43,39.990445,116.330528,39.98391696977997,116.3644588585819,2009-04-08 04:32:21,0
44,39.986788,116.334153,39.98391696977997,116.3644588585819,2009-04-01 14:20:29,0
144,40.0855016,116.4072799,39.98391696977997,116.3644588585819,2008-12-05 14:28:25,0
85,40.051204,116.405531,39.98391696977997,116.3644588585819,2009-06-24 09:00:49,0
141,39.9755366666667,116.331655,39.98391696977997,116.3644588585819,2011-09-11 11:10:25,0
38,39.9206299,116.3120949,39.98391696977997,116.3644588585819,2009-02-09 04:31:37,0
68,39.938724,116.419378,39.98391696977997,116.3644588585819,2009-04-03 01:49:12,0
17,39.9225366,116.3114683,39.98391696977997,116.3644588585819,2008-11-17 02:56:11,0
41,39.9691166,116.213105,39.98391696977997,116.3644588585819,2009-05-14 11:03:24,0
17,39.9466866,116.3630983,39.98391696977997,116.3644588585819,2009-03-23 05:52:23,0
65,39.8798666666667,116.091266666667,39.98391696977997,116.3644588585819,2011-10-05 02:46:25,0
39,39.890844,116.453563,39.98391696977997,116.3644588585819,2009-07-01 10:07:12,0
9,39.980295,116.35946,39.98391696977997,116.3644588585819,2008-11-01 03:38:22,0
22,39.97345,116.333384,39.98391696977997,116.3644588585819,2009-06-18 14:15:09,0
163,39.996109427,116.32316064,39.98391696977997,116.3644588585819,2012-06-24 20:18:44,0
36,39.901151,116.389114,39.98391696977997,116.3644588585819,2009-04-05 08:52:47,0
10,39.995104,116.326389,39.98391696977997,116.3644588585819,2009-03-15 09:34:44,0
52,39.985211,116.352954,39.98391696977997,116.3644588585819,2008-06-05 08:32:05,0
153,39.9342716,116.4671549,39.98391696977997,116.3644588585819,2008-05-16 01:02:21,0
179,40.087157,116.306375,39.98391696977997,116.3644588585819,2008-09-15 04:58:38,0
29,39.86852,116.367817,39.98391696977997,116.3644588585819,2009-03-17 23:28:08,0
42,39.6969499,116.3318749,39.98391696977997,116.3644588585819,2009-03-25 06:39:08,0
68,39.971111,116.417935,39.98391696977997,116.3644588585819,2009-01-09 00:04:45,0
153,39.958832,116.412204,39.98391696977997,116.3644588585819,2010-06-04 14:05:29,0
18,40.2895849,116.2305149,39.98391696977997,116.3644588585819,2008-11-08 03:58:50,0
14,39.996015,116.3806783,39.98391696977997,116.3644588585819,2009-01-20 00:39:10,0
41,39.98224,116.4110233,39.98391696977997,116.3644588585819,2009-06-22 13:17:09,0
30,39.995314,116.326523,39.98391696977997,116.3644588585819,2009-05-25 03:45:01,0
119,39.953973,116.493144,39.98391696977997,116.3644588585819,2008-09-20 20:32:25,0
153,40.019407822,116.447845636,39.98391696977997,116.3644588585819,2011-10-18 17:26:08,0
85,40.070695,116.301175,39.98391696977997,116.3644588585819,2009-08-24 00:11:50,0
36,39.978829,116.335906,39.98391696977997,116.3644588585819,2009-02-18 10:21:13,0
163,39.897065,116.390761,39.98391696977997,116.3644588585819,2011-05-15 05:27:54,0
14,39.9824599,116.3186316,39.98391696977997,116.3644588585819,2008-10-27 09:38:30,0
25,39.9454266,116.4018916,39.98391696977997,116.3644588585819,2009-05-24 00:54:50,0
22,39.971282,116.300683,39.98391696977997,116.3644588585819,2009-05-11 15:03:03,0
153,40.004354,116.199717,39.98391696977997,116.3644588585819,2011-02-04 06:23:06,0
30,40.006113,116.324139,39.98391696977997,116.3644588585819,2009-01-13 04:44:41,0
41,39.8564583,116.28965,39.98391696977997,116.3644588585819,2009-06-24 03:24:21,0
153,39.91295,116.471583,39.98391696977997,116.3644588585819,2008-07-21 00:51:57,0
126,39.872507,116.407129,39.98391696977997,116.3644588585819,2008-10-18 09:22:21,0
50,39.9628715515137,116.30802154541,39.98391696977997,116.3644588585819,2009-08-01 12:29:45,0
68,39.971871,116.418836,39.98391696977997,116.3644588585819,2009-03-03 08:03:00,0
41,39.8016616,116.8232216,39.98391696977997,116.3644588585819,2009-07-10 23:24:09,0
153,39.888257,116.342768,39.98391696977997,116.3644588585819,2011-02-02 07:13:15,0
73,39.97361,116.3273983,39.98391696977997,116.3644588585819,2008-08-15 02:19:40,0
5,39.980693,116.338246,39.98391696977997,116.3644588585819,2008-11-24 12:43:14,0
20,39.97516,116.312681666667,39.98391696977997,116.3644588585819,2011-10-10 14:56:08,0
85,39.950737,116.328369,39.98391696977997,116.3644588585819,2009-03-31 04:43:21,0
68,39.997541,116.417864,39.98391696977997,116.3644588585819,2009-03-27 00:49:10,0
41,39.9479416,116.2689083,39.98391696977997,116.3644588585819,2009-03-09 11:36:44,0
13,39.954736,116.423093,39.98391696977997,116.3644588585819,2009-02-03 18:16:09,0
85,39.955846,116.281932,39.98391696977997,116.3644588585819,2008-09-29 12:05:12,0
128,40.0744516,116.3282049,39.98391696977997,116.3644588585819,2008-10-22 01:43:12,0
179,40.088723,116.295059,39.98391696977997,116.3644588585819,2008-09-13 03:34:56,0
11,39.9838166,116.3097199,39.98391696977997,116.3644588585819,2008-11-18 08:46:25,0
84,39.934467,116.43024,39.98391696977997,116.3644588585819,2008-12-05 09:18:03,0
7,39.980884,116.338208,39.98391696977997,116.3644588585819,2008-10-29 07:18:30,0
153,39.93422,116.396966,39.98391696977997,116.3644588585819,2009-08-30 02:02:08,0
34,39.8205566,116.5402349,39.98391696977997,116.3644588585819,2009-04-02 07:05:19,0
169,40.020516,116.411517,39.98391696977997,116.3644588585819,2010-05-30 10:59:45,0
85,40.06657,116.404971,39.98391696977997,116.3644588585819,2009-09-11 19:53:03,0
25,40.3213966,116.3214016,39.98391696977997,116.3644588585819,2009-04-05 06:25:58,0
10,40.317053,116.041064,39.98391696977997,116.3644588585819,2009-03-07 07:38:21,0
85,39.971648,116.346837,39.98391696977997,116.3644588585819,2009-08-26 12:13:54,0
4,39.999874,116.327339,39.98391696977997,116.3644588585819,2009-04-10 14:38:04,0
68,39.997495,116.411456,39.98391696977997,116.3644588585819,2009-06-21 02:06:19,0
81,39.981949,116.302606,39.98391696977997,116.3644588585819,2008-06-07 12:17:21,0
128,40.0762899,116.3270483,39.98391696977997,116.3644588585819,2009-04-19 14:55:39,0
153,39.981304,116.449913,39.98391696977997,116.3644588585819,2011-05-14 11:46:47,0
38,39.9680316,116.3139999,39.98391696977997,116.3644588585819,2009-02-21 05:02:12,0
38,39.99264,116.3027583,39.98391696977997,116.3644588585819,2009-02-15 07:57:28,0
153,39.995569,116.456419,39.98391696977997,116.3644588585819,2010-02-20 09:49:46,0
17,40.0033116,116.34651,39.98391696977997,116.3644588585819,2009-01-20 08:46:31,0
153,39.973494,116.443163,39.98391696977997,116.3644588585819,2011-07-05 09:51:51,0
163,39.988045,116.449423,39.98391696977997,116.3644588585819,2010-10-18 21:38:06,0
140,39.9757233,116.3575899,39.98391696977997,116.3644588585819,2009-02-11 01:58:28,0
41,39.6809083,116.3095966,39.98391696977997,116.3644588585819,2009-05-23 06:28:33,0
4,40.000101,116.322042,39.98391696977997,116.3644588585819,2008-11-21 02:47:33,0
128,39.9751233,116.3113833,39.98391696977997,116.3644588585819,2009-12-19 06:07:37,0
153,40.031339,116.415708,39.98391696977997,116.3644588585819,2010-05-08 10:10:55,0
5,39.983254,116.3101,39.98391696977997,116.3644588585819,2008-11-01 07:37:25,0
83,39.9752633,116.3311349,39.98391696977997,116.3644588585819,2009-01-14 22:51:15,0
115,39.908645,116.5631233,39.98391696977997,116.3644588585819,2008-05-25 23:25:59,0
25,39.9171666,116.1487483,39.98391696977997,116.3644588585819,2008-12-27 02:48:01,0
2,39.926231,116.337274,39.98391696977997,116.3644588585819,2008-11-17 11:54:56,0
13,39.967996,116.410139,39.98391696977997,116.3644588585819,2008-10-22 23:43:48,0
142,39.975461,116.331712,39.98391696977997,116.3644588585819,2010-09-20 10:48:18,0
30,40.000927,116.324857,39.98391696977997,116.3644588585819,2009-01-13 16:14:04,0
120,40.8555166,117.2839416,39.98391696977997,116.3644588585819,2009-09-19 09:54:44,0
2,39.967954,116.329546,39.98391696977997,116.3644588585819,2008-10-24 13:19:11,0
10,39.880791,116.36841,39.98391696977997,116.3644588585819,2009-02-09 00:29:50,0
153,39.997547,116.401599,39.98391696977997,116.3644588585819,2011-06-19 08:04:10,0
17,39.93101,116.3495566,39.98391696977997,116.3644588585819,2009-06-16 07:12:39,0
43,39.967911,116.66568,39.98391696977997,116.3644588585819,2009-06-23 10:43:25,0
17,39.9886249,116.3343533,39.98391696977997,116.3644588585819,2009-04-13 00:24:34,0
68,39.975613,116.416364,39.98391696977997,116.3644588585819,2009-04-14 06:22:54,0
50,40.0002098166667,116.346794133333,39.98391696977997,116.3644588585819,2009-08-06 02:03:33,0
43,39.862474,116.630037,39.98391696977997,116.3644588585819,2009-06-18 09:36:56,0
34,39.99142,116.32638,39.98391696977997,116.3644588585819,2009-02-12 07:52:08,0
4,39.926821,116.320294,39.98391696977997,116.3644588585819,2008-12-06 03:48:57,0
115,39.9089766,116.5759016,39.98391696977997,116.3644588585819,2008-04-25 19:29:45,0
78,39.9379799,116.3852683,39.98391696977997,116.3644588585819,2008-05-17 20:32:58,0
35,39.981842,116.321107,39.98391696977997,116.3644588585819,2009-04-23 08:34:46,0
41,39.67878,116.3301983,39.98391696977997,116.3644588585819,2009-06-07 08:04:40,0
0,40.006522,116.324562,39.98391696977997,116.3644588585819,2009-03-30 00:56:13,0
34,39.8825733,116.3424499,39.98391696977997,116.3644588585819,2009-03-23 03:59:42,0
141,39.992035,116.331496666667,39.98391696977997,116.3644588585819,2011-10-10 14:01:55,0
29,39.887883,116.357378,39.98391696977997,116.3644588585819,2009-01-16 00:39:28,0
85,39.958746,116.329077,39.98391696977997,116.3644588585819,2009-04-08 10:18:50,0
141,39.9796016666667,116.315123333333,39.98391696977997,116.3644588585819,2011-10-10 00:41:12,0
126,39.997655,116.4099799,39.98391696977997,116.3644588585819,2008-05-23 10:05:55,0
85,39.966433,116.348516,39.98391696977997,116.3644588585819,2008-07-22 11:07:09,0
128,39.9908766,116.3908966,39.98391696977997,116.3644588585819,2008-05-23 11:19:07,0
153,39.909914,116.471731,39.98391696977997,116.3644588585819,2008-11-11 06:17:28,0
96,39.995756,116.326329,39.98391696977997,116.3644588585819,2008-10-16 14:28:16,0
15,39.90825,116.592774,39.98391696977997,116.3644588585819,2009-03-01 23:23:13,0
126,40.008789,116.322462,39.98391696977997,116.3644588585819,2008-10-19 02:01:58,0
3,40.010254,116.322273,39.98391696977997,116.3644588585819,2009-06-30 10:07:28,0
0,39.984972,116.327106,39.98391696977997,116.3644588585819,2009-04-30 11:27:40,0
34,39.8556933,116.3834416,39.98391696977997,116.3644588585819,2009-03-02 05:53:04,0
19,39.8643732,116.3935283,39.98391696977997,116.3644588585819,2008-11-20 23:25:31,0
84,39.975044,116.33127,39.98391696977997,116.3644588585819,2008-10-09 10:22:25,0
163,39.996838396,116.320889328,39.98391696977997,116.3644588585819,2012-06-01 20:21:16,0
126,40.11665,116.079442,39.98391696977997,116.3644588585819,2008-09-29 07:05:56,0
68,39.987511,116.417995,39.98391696977997,116.3644588585819,2009-03-28 06:54:44,0
62,39.9688,116.31383,39.98391696977997,116.3644588585819,2008-11-17 01:20:53,0
153,39.986722,116.385834,39.98391696977997,116.3644588585819,2011-02-04 03:48:15,0
142,40.0376933,116.2103766,39.98391696977997,116.3644588585819,2008-05-24 07:38:38,0
35,39.990552,116.330041,39.98391696977997,116.3644588585819,2009-04-15 13:40:38,0
128,39.9297149,116.2685899,39.98391696977997,116.3644588585819,2008-12-25 09:21:33,0
17,39.9476283,116.3719633,39.98391696977997,116.3644588585819,2009-04-10 01:42:47,0
168,40.039764,116.405615,39.98391696977997,116.3644588585819,2011-08-17 14:21:05,0
50,39.9849205,116.323760983333,39.98391696977997,116.3644588585819,2009-08-06 02:19:38,0
37,39.7865033,116.3074249,39.98391696977997,116.3644588585819,2009-04-17 04:04:02,0
4,40.00076,116.324466,39.98391696977997,116.3644588585819,2008-12-17 00:00:05,0
4,39.958103,116.359016,39.98391696977997,116.3644588585819,2009-07-02 04:11:21,0
163,39.981821444,116.450297936,39.98391696977997,116.3644588585819,2011-11-29 10:06:44,0
37,39.9724066,116.3103183,39.98391696977997,116.3644588585819,2009-04-13 09:00:33,0
153,40.128718,116.335614,39.98391696977997,116.3644588585819,2010-04-04 07:47:11,0
142,39.955749,116.276803,39.98391696977997,116.3644588585819,2010-06-25 01:42:32,0
141,39.9916216666667,116.3309,39.98391696977997,116.3644588585819,2011-09-11 11:26:38,0
0,39.997226,116.317658,39.98391696977997,116.3644588585819,2009-04-24 07:53:14,0
42,39.9069216,116.4365383,39.98391696977997,116.3644588585819,2009-03-25 11:07:49,0
141,39.9863166666667,116.1867,39.98391696977997,116.3644588585819,2011-10-22 04:14:09,0
68,39.964395,116.435842,39.98391696977997,116.3644588585819,2008-12-14 08:22:47,0
50,39.8893013,116.304588316667,39.98391696977997,116.3644588585819,2009-08-04 10:16:15,0
41,39.935955,116.5366416,39.98391696977997,116.3644588585819,2009-04-08 01:07:11,0
36,40.521275,116.796009,39.98391696977997,116.3644588585819,2009-02-11 00:21:34,0
37,39.8114266,116.2851716,39.98391696977997,116.3644588585819,2009-03-13 07:27:43,0
10,39.884194,116.368086,39.98391696977997,116.3644588585819,2008-09-26 11:33:18,0
41,40.5107166,117.1525033,39.98391696977997,116.3644588585819,2009-04-07 07:25:49,0
31,39.965783,116.321645,39.98391696977997,116.3644588585819,2009-01-23 06:50:09,0
153,39.954570575,116.451422181,39.98391696977997,116.3644588585819,2012-04-03 20:12:40,0
153,40.00974,116.461697,39.98391696977997,116.3644588585819,2010-02-12 00:19:43,0
17,39.9518516,116.4519683,39.98391696977997,116.3644588585819,2009-05-25 07:48:43,0
3,39.991727,116.330508,39.98391696977997,116.3644588585819,2009-07-02 12:05:21,0
20,39.9794883333333,116.305141666667,39.98391696977997,116.3644588585819,2011-08-31 04:15:56,0
30,40.005755,116.324332,39.98391696977997,116.3644588585819,2009-06-25 15:38:42,0
112,39.9703233,116.3094066,39.98391696977997,116.3644588585819,2008-07-10 14:50:31,0
65,39.9742466666667,116.30137,39.98391696977997,116.3644588585819,2011-09-07 12:16:28,0
24,40.073889,116.234443,39.98391696977997,116.3644588585819,2009-05-19 04:51:32,0
22,40.060096,116.182454,39.98391696977997,116.3644588585819,2009-06-29 04:08:10,0
96,39.976355,116.330679,39.98391696977997,116.3644588585819,2008-07-15 02:13:06,0
128,39.9859383,116.3579666,39.98391696977997,116.3644588585819,2010-03-19 09:22:40,0
128,40.0483199,116.3271433,39.98391696977997,116.3644588585819,2009-11-06 06:26:17,0
3,39.90621,116.294977,39.98391696977997,116.3644588585819,2009-03-06 03:47:34,0
6,39.982062,116.342458,39.98391696977997,116.3644588585819,2008-12-11 08:18:30,0
167,39.991775,116.326426,39.98391696977997,116.3644588585819,2008-06-10 00:18:47,0
128,40.067005,116.1845049,39.98391696977997,116.3644588585819,2009-05-29 07:09:45,0
25,39.9816149,116.2999333,39.98391696977997,116.3644588585819,2009-01-03 10:00:29,0
144,40.042087,116.428701,39.98391696977997,116.3644588585819,2009-06-15 08:41:56,0
25,39.9879233,116.3004333,39.98391696977997,116.3644588585819,2009-06-15 13:28:12,0
167,39.971401,116.421908,39.98391696977997,116.3644588585819,2008-05-18 12:06:29,0
38,39.9938083,116.1992299,39.98391696977997,116.3644588585819,2009-07-16 05:39:38,0
30,40.009681,116.323815,39.98391696977997,116.3644588585819,2009-04-12 00:51:22,0
52,39.985093,116.352705,39.98391696977997,116.3644588585819,2008-06-04 21:17:39,0
163,39.984615082,116.298450711,39.98391696977997,116.3644588585819,2011-11-22 10:07:49,0
52,40.03036,116.40844,39.98391696977997,116.3644588585819,2008-08-20 01:58:24,0
84,39.941556,116.419503,39.98391696977997,116.3644588585819,2008-07-26 11:36:09,0
68,39.975161,116.425782,39.98391696977997,116.3644588585819,2009-04-06 08:24:49,0
25,39.9848416,116.3237233,39.98391696977997,116.3644588585819,2009-06-06 12:32:26,0
25,39.9746249,116.3005616,39.98391696977997,116.3644588585819,2009-07-03 05:34:32,0
30,39.945407,116.788872,39.98391696977997,116.3644588585819,2009-07-10 13:31:46,0
4,39.97893,116.300133,39.98391696977997,116.3644588585819,2009-05-28 11:28:50,0
115,39.972029,116.233392,39.98391696977997,116.3644588585819,2008-05-16 09:49:11,0
167,39.971241,116.422221,39.98391696977997,116.3644588585819,2008-11-20 12:26:40,0
179,39.99162,116.329125,39.98391696977997,116.3644588585819,2008-09-06 11:53:41,0
22,39.97353,116.334274,39.98391696977997,116.3644588585819,2009-06-08 07:05:26,0
41,40.23993,116.8040149,39.98391696977997,116.3644588585819,2009-05-25 05:33:18,0
28,39.922549,116.171469,39.98391696977997,116.3644588585819,2009-04-01 23:36:28,0
68,39.9698,116.419997,39.98391696977997,116.3644588585819,2008-11-02 05:32:53,0
140,39.9934483,116.39702,39.98391696977997,116.3644588585819,2009-01-09 13:34:53,0
3,40.010235,116.321923,39.98391696977997,116.3644588585819,2009-05-12 04:29:53,0
62,40.0290933,116.5562949,39.98391696977997,116.3644588585819,2008-08-05 09:10:30,0
40,39.951,116.362148,39.98391696977997,116.3644588585819,2009-05-13 15:02:34,0
35,40.013468,116.29647,39.98391696977997,116.3644588585819,2009-04-05 06:52:56,0
50,39.8652229309082,116.290786743164,39.98391696977997,116.3644588585819,2009-08-04 16:18:59,0
128,39.9793816,116.2745749,39.98391696977997,116.3644588585819,2009-01-09 09:19:24,0
42,39.9754799,116.3289933,39.98391696977997,116.3644588585819,2008-10-06 07:23:17,0
168,39.966535,116.345116,39.98391696977997,116.3644588585819,2011-08-17 11:45:12,0
153,39.708446,116.102231,39.98391696977997,116.3644588585819,2011-05-02 12:13:54,0
10,39.994681,116.327443,39.98391696977997,116.3644588585819,2008-11-07 05:26:21,0
42,39.905925,116.37146,39.98391696977997,116.3644588585819,2009-02-20 02:13:51,0
68,39.969987,116.419811,39.98391696977997,116.3644588585819,2009-08-22 14:05:12,0
153,39.984796,116.450834,39.98391696977997,116.3644588585819,2010-08-10 23:56:08,0
66,39.872113,116.234147,39.98391696977997,116.3644588585819,2009-08-21 15:14:28,0
168,39.93375,116.268619,39.98391696977997,116.3644588585819,2011-06-20 23:55:50,0
17,39.9678483,116.4132499,39.98391696977997,116.3644588585819,2009-05-28 14:22:18,0
1,40.001427,116.331286,39.98391696977997,116.3644588585819,2008-10-26 08:34:39,0
14,39.9593416,116.3406199,39.98391696977997,116.3644588585819,2009-04-09 04:55:24,0
141,39.9809266666667,116.401043333333,39.98391696977997,116.3644588585819,2011-09-10 08:31:38,0
153,40.031594,116.421743,39.98391696977997,116.3644588585819,2011-08-10 01:57:40,0
17,39.9853999,116.3459399,39.98391696977997,116.3644588585819,2009-04-02 00:18:48,0
52,39.984707,116.352506,39.98391696977997,116.3644588585819,2008-06-07 22:05:04,0
68,39.932225,116.481733,39.98391696977997,116.3644588585819,2009-09-13 06:55:35,0
141,40.010155,116.392975,39.98391696977997,116.3644588585819,2011-09-10 06:51:10,0
3,40.008176,116.321109,39.98391696977997,116.3644588585819,2009-03-14 11:04:27,0
42,40.0407916,116.5029466,39.98391696977997,116.3644588585819,2009-04-09 06:56:39,0
9,39.99943,116.336484,39.98391696977997,116.3644588585819,2008-12-14 05:26:38,0
41,40.3052366,116.6432866,39.98391696977997,116.3644588585819,2009-04-28 02:55:01,0
16,39.985433,116.306512,39.98391696977997,116.3644588585819,2008-12-15 04:45:40,0
65,39.924445,116.1713,39.98391696977997,116.3644588585819,2011-10-05 02:24:47,0
119,39.953907,116.493,39.98391696977997,116.3644588585819,2008-09-13 08:12:50,0
64,40.356042,116.01014,39.98391696977997,116.3644588585819,2008-08-24 02:46:46,0
68,39.979912,116.414193,39.98391696977997,116.3644588585819,2008-10-04 04:48:42,0
41,39.8858899,116.5422016,39.98391696977997,116.3644588585819,2009-04-24 10:09:24,0
41,39.87958,116.2699816,39.98391696977997,116.3644588585819,2009-04-03 10:50:26,0
128,40.0719549,116.2369216,39.98391696977997,116.3644588585819,2009-05-29 07:15:18,0
153,39.984886,116.33502,39.98391696977997,116.3644588585819,2010-04-11 10:27:22,0
13,39.967009,116.384063,39.98391696977997,116.3644588585819,2008-11-09 23:39:36,0
85,39.990705,116.313536,39.98391696977997,116.3644588585819,2009-03-14 05:16:26,0
126,40.003376,116.321529,39.98391696977997,116.3644588585819,2008-08-02 08:40:48,0
156,39.867026,116.487613,39.98391696977997,116.3644588585819,2009-07-11 08:11:38,0
25,39.9145199,116.4051566,39.98391696977997,116.3644588585819,2009-04-29 04:59:22,0
18,39.9871733,116.3981083,39.98391696977997,116.3644588585819,2008-11-12 15:40:01,0
140,39.9871433,116.412225,39.98391696977997,116.3644588585819,2009-07-08 23:09:04,0
41,39.8669149,116.3296599,39.98391696977997,116.3644588585819,2009-07-06 06:01:35,0
163,39.986128668,116.370803347,39.98391696977997,116.3644588585819,2012-03-06 20:26:20,0
29,39.83057,116.483232,39.98391696977997,116.3644588585819,2009-01-15 00:00:29,0
179,40.063688,116.314937,39.98391696977997,116.3644588585819,2008-09-04 09:24:11,0
153,39.98358,116.452577,39.98391696977997,116.3644588585819,2010-05-08 03:59:06,0
43,40.064682,116.56689,39.98391696977997,116.3644588585819,2009-06-23 09:55:34,0
2,39.905914,116.3612,39.98391696977997,116.3644588585819,2009-02-19 11:04:05,0
29,39.868612,116.362888,39.98391696977997,116.3644588585819,2009-03-09 09:56:16,0
153,39.927603,116.472085,39.98391696977997,116.3644588585819,2008-10-23 08:12:43,0
28,39.967801,116.101579,39.98391696977997,116.3644588585819,2009-02-04 12:50:09,0
85,39.950457,116.303162,39.98391696977997,116.3644588585819,2008-05-22 05:24:44,0
62,39.9445883,116.3499916,39.98391696977997,116.3644588585819,2008-08-12 11:23:21,0
82,40.052062,116.400063,39.98391696977997,116.3644588585819,2009-05-15 17:18:59,0
42,39.9057483,116.3489116,39.98391696977997,116.3644588585819,2009-02-13 04:05:37,0
17,39.9475466,116.37605,39.98391696977997,116.3644588585819,2008-12-17 01:47:47,0
16,39.93267,116.346618,39.98391696977997,116.3644588585819,2008-12-14 10:46:22,0
124,40.06154,116.604324,39.98391696977997,116.3644588585819,2008-10-03 09:51:13,0
65,39.96892,116.32804,39.98391696977997,116.3644588585819,2011-09-21 00:09:28,0
153,39.902884,116.451623,39.98391696977997,116.3644588585819,2009-11-28 02:17:56,0
153,40.01434,116.461123,39.98391696977997,116.3644588585819,2010-02-09 00:22:36,0
179,39.956398,116.364423,39.98391696977997,116.3644588585819,2008-08-22 06:38:28,0
41,40.0382083,116.4728483,39.98391696977997,116.3644588585819,2009-07-06 01:30:18,0
38,39.9706616,116.3032483,39.98391696977997,116.3644588585819,2009-03-21 11:15:35,0
65,39.9673866666667,116.31429,39.98391696977997,116.3644588585819,2011-09-26 00:55:11,0
65,39.903605,116.024686666667,39.98391696977997,116.3644588585819,2011-10-05 04:09:52,0
38,39.96733,116.3018233,39.98391696977997,116.3644588585819,2009-02-23 13:57:12,0
82,40.063992,116.375395,39.98391696977997,116.3644588585819,2009-03-19 00:41:03,0
35,39.979664,116.3165,39.98391696977997,116.3644588585819,2009-02-25 06:07:55,0
17,39.93098,116.2887666,39.98391696977997,116.3644588585819,2009-06-01 02:54:42,0
96,40.009067,116.317131,39.98391696977997,116.3644588585819,2008-08-28 11:24:03,0
128,40.0205966,116.4232999,39.98391696977997,116.3644588585819,2010-08-24 02:30:44,0
41,40.0169349,116.2787099,39.98391696977997,116.3644588585819,2009-04-03 23:37:09,0
10,39.962088,116.339474,39.98391696977997,116.3644588585819,2008-10-09 11:19:41,0
67,39.9426033333333,116.444108333333,39.98391696977997,116.3644588585819,2011-06-17 11:06:50,0
103,39.9268066,116.2979549,39.98391696977997,116.3644588585819,2008-09-17 23:30:16,0
15,39.945367,116.796244,39.98391696977997,116.3644588585819,2009-02-26 11:18:36,0
62,39.9861083,116.3050549,39.98391696977997,116.3644588585819,2008-12-11 04:18:40,0
35,40.013473,116.296467,39.98391696977997,116.3644588585819,2009-04-05 06:46:51,0
65,39.963775,116.310191666667,39.98391696977997,116.3644588585819,2011-10-05 15:25:51,0
68,39.987264,116.417611,39.98391696977997,116.3644588585819,2008-10-29 00:09:27,0
153,39.916864,116.471952,39.98391696977997,116.3644588585819,2008-11-08 04:32:28,0
169,39.971386,116.374444,39.98391696977997,116.3644588585819,2010-05-27 10:42:02,0
36,39.977968,116.347154,39.98391696977997,116.3644588585819,2009-04-13 06:09:08,0
141,39.9918366666667,116.331675,39.98391696977997,116.3644588585819,2011-09-11 11:25:00,0
74,39.9789316666667,116.30441,39.98391696977997,116.3644588585819,2012-04-07 01:18:37,0
7,39.976519,116.338967,39.98391696977997,116.3644588585819,2008-10-30 10:19:30,0
39,40.039064,116.326868,39.98391696977997,116.3644588585819,2009-05-09 07:09:11,0
68,39.945202,116.455291,39.98391696977997,116.3644588585819,2009-07-07 07:24:44,0
74,39.9753133333333,116.336361666667,39.98391696977997,116.3644588585819,2012-02-07 14:07:15,0
68,39.93203,116.392814,39.98391696977997,116.3644588585819,2008-10-02 04:21:31,0
140,39.9855116,116.3525033,39.98391696977997,116.3644588585819,2008-09-30 13:58:54,0
68,39.984829,116.418333,39.98391696977997,116.3644588585819,2009-05-08 11:02:10,0
167,39.895208,116.592765,39.98391696977997,116.3644588585819,2008-05-03 05:35:37,0
11,39.9393416,116.3490866,39.98391696977997,116.3644588585819,2008-11-12 00:10:08,0
126,39.9618749,116.4187999,39.98391696977997,116.3644588585819,2008-06-20 11:10:50,0
29,39.870432,116.416376,39.98391696977997,116.3644588585819,2009-03-09 09:46:56,0
10,39.839066,116.165481,39.98391696977997,116.3644588585819,2008-09-28 13:45:46,0
153,40.019341,116.452064,39.98391696977997,116.3644588585819,2011-09-29 10:28:39,0
167,39.939738,116.421146,39.98391696977997,116.3644588585819,2008-07-19 10:15:35,0
41,39.8789216,116.2701716,39.98391696977997,116.3644588585819,2009-04-07 11:30:53,0
163,39.984883985,116.456555396,39.98391696977997,116.3644588585819,2012-03-18 13:44:36,0
163,39.983121,116.450925,39.98391696977997,116.3644588585819,2010-04-10 14:28:00,0
68,39.990021,116.417906,39.98391696977997,116.3644588585819,2009-07-26 01:29:50,0
17,40.3984199,116.90857,39.98391696977997,116.3644588585819,2009-06-14 11:10:50,0
22,40.056575,116.404916,39.98391696977997,116.3644588585819,2009-07-17 18:51:28,0
65,39.9832866666667,116.329356666667,39.98391696977997,116.3644588585819,2011-09-11 13:39:20,0
41,39.9905766,116.2916466,39.98391696977997,116.3644588585819,2009-07-07 01:50:24,0
68,39.996671,116.301413,39.98391696977997,116.3644588585819,2009-07-11 13:42:11,0
37,39.9586733,116.4498833,39.98391696977997,116.3644588585819,2009-04-07 10:20:07,0
96,40.070115,116.314725,39.98391696977997,116.3644588585819,2008-08-31 12:41:12,0
30,40.000806,116.318141,39.98391696977997,116.3644588585819,2009-05-26 07:40:56,0
12,39.988755,116.315644,39.98391696977997,116.3644588585819,2008-11-11 01:30:36,0
67,39.908097,116.315651,39.98391696977997,116.3644588585819,2011-03-26 03:33:07,0
62,39.9672699,116.3979816,39.98391696977997,116.3644588585819,2008-08-29 00:30:54,0
17,40.0166966,116.3417933,39.98391696977997,116.3644588585819,2009-06-16 20:57:25,0
167,39.960671,116.662295,39.98391696977997,116.3644588585819,2008-05-03 05:17:19,0
41,39.904185,116.6097033,39.98391696977997,116.3644588585819,2009-02-17 09:53:19,0
128,39.9479933,116.4148649,39.98391696977997,116.3644588585819,2009-03-19 07:56:52,0
30,39.826662,116.283741,39.98391696977997,116.3644588585819,2009-04-12 13:26:38,0
168,40.01375,116.401518,39.98391696977997,116.3644588585819,2011-08-13 09:01:12,0
3,40.001876,116.326329,39.98391696977997,116.3644588585819,2009-04-28 05:21:46,0
17,39.8838049,116.3927366,39.98391696977997,116.3644588585819,2009-05-21 05:50:13,0
4,40.004555,116.32238,39.98391696977997,116.3644588585819,2008-10-31 03:56:33,0
153,39.989339,116.446379,39.98391696977997,116.3644588585819,2009-11-12 23:41:45,0
24,40.377289,115.895441,39.98391696977997,116.3644588585819,2009-02-27 00:22:34,0
38,39.9855883,116.2991549,39.98391696977997,116.3644588585819,2009-07-15 04:11:39,0
126,39.966217,116.351408,39.98391696977997,116.3644588585819,2008-09-04 13:42:49,0
128,40.07542,116.3276566,39.98391696977997,116.3644588585819,2010-01-15 01:02:20,0
165,39.977305,116.32727,39.98391696977997,116.3644588585819,2011-11-19 01:05:26,0
68,39.980791,116.413805,39.98391696977997,116.3644588585819,2008-10-08 10:47:34,0
50,39.980224609375,116.309814453125,39.98391696977997,116.3644588585819,2009-08-02 16:56:16,0
128,40.0743749,116.3145816,39.98391696977997,116.3644588585819,2009-11-27 01:57:37,0
41,39.74124,116.3346983,39.98391696977997,116.3644588585819,2009-02-16 05:54:11,0
7,39.966212,116.363799,39.98391696977997,116.3644588585819,2008-10-31 11:42:41,0
24,40.199747,116.187116,39.98391696977997,116.3644588585819,2009-02-13 07:56:47,0
41,39.8668983,116.2757816,39.98391696977997,116.3644588585819,2009-03-03 05:48:17,0
42,39.7430732,116.33335,39.98391696977997,116.3644588585819,2009-04-10 09:48:51,0
68,39.933937,116.303803,39.98391696977997,116.3644588585819,2009-06-19 10:48:04,0
159,39.9791233333333,116.33076,39.98391696977997,116.3644588585819,2012-04-08 23:11:50,0
85,39.887977,116.341737,39.98391696977997,116.3644588585819,2009-01-06 00:05:13,0
128,39.9837216,116.3276583,39.98391696977997,116.3644588585819,2009-10-16 11:38:58,0
4,40.007547,116.32005,39.98391696977997,116.3644588585819,2009-04-07 09:41:36,0
18,39.9214083,116.45774,39.98391696977997,116.3644588585819,2008-11-07 09:15:42,0
15,39.878172,116.201714,39.98391696977997,116.3644588585819,2009-02-26 04:28:31,0
78,39.972298,116.324623,39.98391696977997,116.3644588585819,2008-08-14 02:35:48,0
17,39.9826616,116.3474399,39.98391696977997,116.3644588585819,2009-02-10 07:11:07,0
141,39.984265,116.31033,39.98391696977997,116.3644588585819,2011-10-10 11:04:07,0
131,40.0677149,116.47595,39.98391696977997,116.3644588585819,2009-04-18 10:42:59,0
10,39.972646,116.334816,39.98391696977997,116.3644588585819,2009-02-09 01:11:05,0
126,39.985483,116.327122,39.98391696977997,116.3644588585819,2008-10-14 10:13:28,0
122,40.013358,116.449351,39.98391696977997,116.3644588585819,2009-09-02 13:35:17,0
17,39.939755,116.4188083,39.98391696977997,116.3644588585819,2009-01-21 02:22:38,0
115,39.984563,116.313532,39.98391696977997,116.3644588585819,2008-05-16 05:43:33,0
35,39.981929,116.321081,39.98391696977997,116.3644588585819,2009-04-14 08:48:36,0
50,40.02000045,116.2766571,39.98391696977997,116.3644588585819,2009-08-24 10:20:24,0
30,39.966245,116.301003,39.98391696977997,116.3644588585819,2009-03-14 05:22:47,0
50,39.9243583666667,116.38142395,39.98391696977997,116.3644588585819,2009-08-21 07:45:29,0
163,39.987036,116.396166,39.98391696977997,116.3644588585819,2011-05-07 04:52:03,0
17,39.9854583,116.3374883,39.98391696977997,116.3644588585819,2009-06-07 04:32:03,0
126,39.979844,116.327289,39.98391696977997,116.3644588585819,2008-11-24 01:59:36,0
65,39.9779916666667,116.329165,39.98391696977997,116.3644588585819,2011-09-02 10:46:23,0
39,39.990855,116.310082,39.98391696977997,116.3644588585819,2009-03-21 05:55:16,0
22,39.973528,116.333536,39.98391696977997,116.3644588585819,2009-07-17 00:06:37,0
30,39.987215,116.326945,39.98391696977997,116.3644588585819,2009-02-07 05:50:58,0
17,40.0812083,116.3016416,39.98391696977997,116.3644588585819,2008-12-27 13:29:07,0
25,40.0443599,116.299445,39.98391696977997,116.3644588585819,2009-04-15 02:00:24,0
167,39.975221,116.330915,39.98391696977997,116.3644588585819,2008-05-30 12:48:27,0
44,40.003196,116.325181,39.98391696977997,116.3644588585819,2009-04-09 01:12:39,0
16,39.974886,116.319234,39.98391696977997,116.3644588585819,2008-10-31 03:46:59,0
14,39.966055,116.3311933,39.98391696977997,116.3644588585819,2008-11-11 04:46:49,0
82,40.052433,116.400322,39.98391696977997,116.3644588585819,2009-04-24 13:49:04,0
128,39.9753833,116.33293,39.98391696977997,116.3644588585819,2008-07-29 02:24:08,0
30,40.009407,116.321519,39.98391696977997,116.3644588585819,2009-03-10 10:20:03,0
17,39.8678383,116.3588849,39.98391696977997,116.3644588585819,2009-04-08 02:11:00,0
17,39.9718483,116.4115683,39.98391696977997,116.3644588585819,2009-05-21 08:46:12,0
30,39.870774,116.362904,39.98391696977997,116.3644588585819,2009-02-07 05:06:27,0
141,39.9780966666667,116.30922,39.98391696977997,116.3644588585819,2011-08-30 00:44:39,0
128,39.9755516,116.3302733,39.98391696977997,116.3644588585819,2009-08-30 03:18:17,0
30,39.93656,116.329707,39.98391696977997,116.3644588585819,2009-07-24 11:01:12,0
17,39.9673933,116.4043083,39.98391696977997,116.3644588585819,2009-04-14 08:11:41,0
52,39.975178,116.332883,39.98391696977997,116.3644588585819,2008-05-31 03:51:24,0
2,39.911506,116.324693,39.98391696977997,116.3644588585819,2008-11-08 07:00:13,0
37,39.958445,116.2690916,39.98391696977997,116.3644588585819,2009-04-16 23:27:29,0
5,39.99989,116.327432,39.98391696977997,116.3644588585819,2008-11-26 02:35:00,0
141,40.2040366666667,116.220856666667,39.98391696977997,116.3644588585819,2011-10-23 01:42:41,0
46,40.021412,116.349798,39.98391696977997,116.3644588585819,2010-05-11 10:55:15,0
28,39.960638,116.104298,39.98391696977997,116.3644588585819,2009-02-02 22:32:43,0
41,39.9312916,116.2687566,39.98391696977997,116.3644588585819,2009-06-24 11:07:20,0
153,39.9389466,116.3039983,39.98391696977997,116.3644588585819,2008-05-01 03:37:53,0
52,39.999422,116.375416,39.98391696977997,116.3644588585819,2008-07-24 09:42:50,0
22,40.057301,116.404545,39.98391696977997,116.3644588585819,2009-07-11 14:23:31,0
65,39.976430325,116.332889319,39.98391696977997,116.3644588585819,2011-08-11 01:48:55,0
9,40.00276,116.343844,39.98391696977997,116.3644588585819,2008-11-14 11:39:34,0
26,39.865001,116.168581,39.98391696977997,116.3644588585819,2009-01-19 03:29:36,0
2,39.926277,116.337654,39.98391696977997,116.3644588585819,2008-12-06 04:10:10,0
68,39.906499,116.276014,39.98391696977997,116.3644588585819,2009-07-05 13:00:57,0
153,39.983488,116.464597,39.98391696977997,116.3644588585819,2010-05-21 11:03:43,0
141,40.357915,115.99768,39.98391696977997,116.3644588585819,2011-10-23 02:24:46,0
35,39.977922,116.300554,39.98391696977997,116.3644588585819,2009-02-27 05:42:53,0
7,40.036049,116.262365,39.98391696977997,116.3644588585819,2008-11-11 03:54:06,0
65,39.9842966666667,116.321331666667,39.98391696977997,116.3644588585819,2011-09-18 08:27:26,0
153,39.985314,116.451812,39.98391696977997,116.3644588585819,2011-09-05 09:48:20,0
41,39.9550416,116.3096249,39.98391696977997,116.3644588585819,2009-03-16 02:24:29,0
65,39.9648033333333,116.319668333333,39.98391696977997,116.3644588585819,2011-10-24 01:23:56,0
43,39.888077,116.679434,39.98391696977997,116.3644588585819,2009-06-23 00:55:41,0
30,39.999652,116.321172,39.98391696977997,116.3644588585819,2009-01-21 01:04:56,0
52,39.991913,116.327235,39.98391696977997,116.3644588585819,2008-07-24 06:17:25,0
50,39.9393005333333,116.3087616,39.98391696977997,116.3644588585819,2009-08-21 10:38:42,0
13,39.960785,116.416346,39.98391696977997,116.3644588585819,2009-01-17 10:00:52,0
58,39.9751466666667,116.313563333333,39.98391696977997,116.3644588585819,2011-08-30 00:36:28,0
83,39.9441316,116.3456683,39.98391696977997,116.3644588585819,2009-02-21 17:10:19,0
112,39.9868816,116.3907566,39.98391696977997,116.3644588585819,2008-05-30 12:37:14,0
17,40.0428333,116.4055066,39.98391696977997,116.3644588585819,2009-04-09 10:43:21,0
31,40.10182,116.580316,39.98391696977997,116.3644588585819,2009-01-23 22:28:22,0
62,40.0892133,116.2766683,39.98391696977997,116.3644588585819,2008-11-16 08:19:45,0
95,39.975375,116.327936666667,39.98391696977997,116.3644588585819,2011-05-20 16:41:05,0
85,39.966027,116.315882,39.98391696977997,116.3644588585819,2008-07-22 11:12:21,0
92,39.9669266,116.3797383,39.98391696977997,116.3644588585819,2008-01-18 13:43:00,0
16,39.966548,116.338548,39.98391696977997,116.3644588585819,2008-11-11 02:04:26,0
17,39.9127733,116.3598816,39.98391696977997,116.3644588585819,2009-06-15 03:46:49,0
35,39.99035,116.330045,39.98391696977997,116.3644588585819,2009-03-07 13:08:26,0
153,39.990518,116.463181,39.98391696977997,116.3644588585819,2010-10-16 04:23:07,0
96,40.008108,116.319299,39.98391696977997,116.3644588585819,2008-10-27 17:32:28,0
22,39.973117,116.332474,39.98391696977997,116.3644588585819,2009-07-07 04:56:35,0
37,39.9582699,116.4189983,39.98391696977997,116.3644588585819,2009-07-21 05:34:26,0
101,39.8080716,116.1301449,39.98391696977997,116.3644588585819,2007-12-08 07:46:47,0
153,39.998593,116.387124,39.98391696977997,116.3644588585819,2008-09-06 10:52:46,0
68,39.995997,116.417272,39.98391696977997,116.3644588585819,2008-12-01 11:52:08,0
4,40.009678,116.320408,39.98391696977997,116.3644588585819,2009-03-01 07:57:11,0
10,39.852318,116.314352,39.98391696977997,116.3644588585819,2007-09-10 08:43:44,0
153,39.923052,116.472021,39.98391696977997,116.3644588585819,2008-08-24 07:08:16,0
163,39.95935,116.460485,39.98391696977997,116.3644588585819,2010-09-04 03:33:28,0
153,39.946565,116.387655,39.98391696977997,116.3644588585819,2010-09-09 13:48:00,0
128,39.966395,116.36116,39.98391696977997,116.3644588585819,2010-05-19 09:37:48,0
37,39.9122766,116.3504149,39.98391696977997,116.3644588585819,2009-04-07 07:08:31,0
50,39.9058799743652,116.326110839844,39.98391696977997,116.3644588585819,2009-08-06 19:21:42,0
17,40.0325399,116.3501183,39.98391696977997,116.3644588585819,2009-05-22 11:06:08,0
30,40.009488,116.320363,39.98391696977997,116.3644588585819,2009-01-21 05:02:24,0
68,39.936194,116.420792,39.98391696977997,116.3644588585819,2009-01-09 06:26:07,0
4,39.965966,116.328209,39.98391696977997,116.3644588585819,2009-07-05 06:16:47,0
5,40.000514,116.326985,39.98391696977997,116.3644588585819,2009-01-14 05:34:19,0
10,40.255564,116.211421,39.98391696977997,116.3644588585819,2008-11-08 10:02:46,0
153,39.867035,116.4884549,39.98391696977997,116.3644588585819,2008-06-20 04:06:08,0
74,39.975165,116.311366666667,39.98391696977997,116.3644588585819,2012-02-20 00:15:05,0
17,40.0003349,116.3756933,39.98391696977997,116.3644588585819,2009-03-27 00:32:04,0
18,39.93189,116.383365,39.98391696977997,116.3644588585819,2008-11-06 09:31:20,0
30,39.878913,116.201708,39.98391696977997,116.3644588585819,2009-04-13 08:27:29,0
167,39.990696,116.309571,39.98391696977997,116.3644588585819,2008-10-19 05:30:30,0
103,39.9540316,116.3493516,39.98391696977997,116.3644588585819,2008-09-09 05:08:34,0
141,39.9890466666667,116.189765,39.98391696977997,116.3644588585819,2011-10-22 04:28:02,0
16,39.92567,116.154436,39.98391696977997,116.3644588585819,2008-11-04 23:47:24,0
144,40.041913,116.42812,39.98391696977997,116.3644588585819,2009-07-23 00:49:28,0
50,39.9058952333333,116.638526916667,39.98391696977997,116.3644588585819,2009-08-07 06:59:19,0
128,40.054175,116.3224799,39.98391696977997,116.3644588585819,2009-05-01 12:03:08,0
68,39.987247,116.417559,39.98391696977997,116.3644588585819,2009-03-05 23:48:36,0
30,39.989041,116.326851,39.98391696977997,116.3644588585819,2009-04-09 14:19:21,0
30,39.951764,116.800025,39.98391696977997,116.3644588585819,2009-06-07 01:52:55,0
153,39.975407,116.445001,39.98391696977997,116.3644588585819,2011-03-29 23:57:10,0
153,39.985272,116.457389,39.98391696977997,116.3644588585819,2011-09-16 11:27:48,0
142,39.975598,116.331714,39.98391696977997,116.3644588585819,2010-06-03 02:07:02,0
113,40.052633,116.400642,39.98391696977997,116.3644588585819,2010-05-10 21:50:59,0
24,40.038974,116.325204,39.98391696977997,116.3644588585819,2009-05-24 16:31:53,0
126,39.97132,116.419953,39.98391696977997,116.3644588585819,2009-01-22 12:25:11,0
153,39.907522,116.456222,39.98391696977997,116.3644588585819,2011-06-17 09:20:37,0
37,39.92047,116.4415483,39.98391696977997,116.3644588585819,2009-01-21 02:14:21,0
35,40.030597,116.360028,39.98391696977997,116.3644588585819,2009-02-22 07:23:39,0
8,39.97695,116.330895,39.98391696977997,116.3644588585819,2008-12-12 09:10:44,0
128,40.3159316,116.6242083,39.98391696977997,116.3644588585819,2009-03-28 02:54:16,0
153,39.915097,116.471527,39.98391696977997,116.3644588585819,2008-10-08 23:59:57,0
96,39.98145,116.329104,39.98391696977997,116.3644588585819,2008-07-23 10:10:51,0
41,39.8951383,116.2681733,39.98391696977997,116.3644588585819,2009-06-30 05:22:02,0
153,39.987266,116.470253,39.98391696977997,116.3644588585819,2010-10-16 04:25:13,0
153,39.863124,116.454591,39.98391696977997,116.3644588585819,2009-07-18 10:41:50,0
18,39.9449733,116.3380066,39.98391696977997,116.3644588585819,2008-11-05 12:04:15,0
11,39.9848066,116.327185,39.98391696977997,116.3644588585819,2008-10-11 04:44:34,0
67,39.99325,116.331546666667,39.98391696977997,116.3644588585819,2011-04-23 15:06:54,0
167,39.96742,116.401557,39.98391696977997,116.3644588585819,2008-05-08 10:01:18,0
3,40.012207,116.321676,39.98391696977997,116.3644588585819,2008-12-02 17:17:21,0
7,39.812216,116.137922,39.98391696977997,116.3644588585819,2008-10-28 04:58:57,0
126,39.946148,116.411047,39.98391696977997,116.3644588585819,2009-01-26 07:45:30,0
12,39.992175,116.326394,39.98391696977997,116.3644588585819,2008-11-18 11:26:13,0
128,39.9830899,116.4881833,39.98391696977997,116.3644588585819,2009-11-20 08:02:40,0
24,39.937861,116.189478,39.98391696977997,116.3644588585819,2009-05-21 05:56:17,0
24,40.013921,116.311743,39.98391696977997,116.3644588585819,2009-05-24 06:30:58,0
17,40.9215299,117.3156716,39.98391696977997,116.3644588585819,2009-01-27 23:55:57,0
29,39.867228,116.356481,39.98391696977997,116.3644588585819,2009-03-11 23:06:47,0
64,40.35622,116.01055,39.98391696977997,116.3644588585819,2008-08-24 03:19:06,0
62,39.999185,116.3181799,39.98391696977997,116.3644588585819,2008-09-20 08:36:26,0
153,40.501717,117.150718,39.98391696977997,116.3644588585819,2010-08-08 10:10:28,0
167,39.865823,116.489856,39.98391696977997,116.3644588585819,2008-06-20 06:35:09,0
141,40.3602083333333,116.014061666667,39.98391696977997,116.3644588585819,2011-10-23 03:08:46,0
41,39.8591433,116.2563833,39.98391696977997,116.3644588585819,2009-06-27 02:16:17,0
128,40.0751483,116.2471133,39.98391696977997,116.3644588585819,2010-10-30 02:59:03,0
84,39.950323,116.349717,39.98391696977997,116.3644588585819,2008-07-23 14:51:36,0
68,39.969411,116.420025,39.98391696977997,116.3644588585819,2009-01-09 05:57:05,0
41,39.8666683,116.3447616,39.98391696977997,116.3644588585819,2009-02-19 00:48:40,0
30,39.896364,116.265004,39.98391696977997,116.3644588585819,2009-02-21 04:20:56,0
128,40.4153633,116.3354583,39.98391696977997,116.3644588585819,2009-10-31 05:31:25,0
41,39.9055666,116.4554599,39.98391696977997,116.3644588585819,2009-06-11 02:58:47,0
153,39.913746,116.472051,39.98391696977997,116.3644588585819,2008-07-16 11:40:45,0
68,39.996685,116.395242,39.98391696977997,116.3644588585819,2008-10-04 11:56:45,0
13,39.956004,116.42087,39.98391696977997,116.3644588585819,2008-10-17 10:14:26,0
141,39.9986633333333,116.388156666667,39.98391696977997,116.3644588585819,2011-09-10 06:03:56,0
4,40.004788,116.315716,39.98391696977997,116.3644588585819,2008-11-06 04:20:18,0
89,39.9870366,116.4508283,39.98391696977997,116.3644588585819,2008-05-17 07:32:46,0
20,39.9747483333333,116.306296666667,39.98391696977997,116.3644588585819,2011-09-12 06:40:15,0
50,39.9098968505859,116.404960632324,39.98391696977997,116.3644588585819,2009-08-22 17:37:45,0
128,40.4473933,115.875,39.98391696977997,116.3644588585819,2009-01-01 07:13:28,0
41,39.9231333,116.2784699,39.98391696977997,116.3644588585819,2009-06-23 11:16:19,0
62,40.0364466,116.33202,39.98391696977997,116.3644588585819,2008-09-13 06:44:42,0
30,39.949069,116.802858,39.98391696977997,116.3644588585819,2009-02-04 12:29:47,0
17,39.9844749,116.3230316,39.98391696977997,116.3644588585819,2009-05-24 23:48:11,0
68,39.969246,116.419898,39.98391696977997,116.3644588585819,2008-12-08 00:33:11,0
153,39.981213,116.449789,39.98391696977997,116.3644588585819,2011-09-27 06:59:34,0
26,40.025068,116.309592,39.98391696977997,116.3644588585819,2009-01-15 12:46:53,0
153,40.223728,116.201596,39.98391696977997,116.3644588585819,2009-07-09 02:51:03,0
153,39.983721,116.450651,39.98391696977997,116.3644588585819,2010-05-23 23:50:54,0
128,40.0197133,116.3788066,39.98391696977997,116.3644588585819,2008-07-06 03:14:54,0
122,39.962526,116.396376,39.98391696977997,116.3644588585819,2009-05-24 16:32:57,0
85,39.980817,116.329161,39.98391696977997,116.3644588585819,2008-11-06 00:23:19,0
37,39.8653533,116.4328633,39.98391696977997,116.3644588585819,2009-07-15 03:51:56,0
41,39.8705183,116.2647266,39.98391696977997,116.3644588585819,2009-06-06 13:49:22,0
36,40.029172,116.259246,39.98391696977997,116.3644588585819,2009-04-18 00:54:58,0
7,40.090633,116.115266,39.98391696977997,116.3644588585819,2008-11-04 04:20:17,0
38,39.9670133,116.3913783,39.98391696977997,116.3644588585819,2009-07-10 07:39:57,0
163,40.503533,117.139074,39.98391696977997,116.3644588585819,2010-08-06 09:31:58,0
67,39.5308916666667,116.667493333333,39.98391696977997,116.3644588585819,2011-05-20 14:35:06,0
89,39.9882116,116.452725,39.98391696977997,116.3644588585819,2008-04-30 12:51:23,0
24,39.890267,116.235214,39.98391696977997,116.3644588585819,2009-05-16 05:03:33,0
128,40.0378016,116.3349466,39.98391696977997,116.3644588585819,2009-05-03 09:02:55,0
40,39.951418,116.361868,39.98391696977997,116.3644588585819,2009-03-25 15:06:43,0
179,39.991546,116.333987,39.98391696977997,116.3644588585819,2008-08-22 06:06:50,0
58,39.975395,116.32346,39.98391696977997,116.3644588585819,2011-08-29 10:37:33,0
84,39.991886,116.201294,39.98391696977997,116.3644588585819,2009-09-06 06:15:27,0
4,39.968806,116.313936,39.98391696977997,116.3644588585819,2009-02-24 10:37:31,0
30,40.004678,116.318817,39.98391696977997,116.3644588585819,2009-03-05 05:49:47,0
62,39.9916466,116.3236999,39.98391696977997,116.3644588585819,2008-12-04 06:08:04,0
10,39.862658,116.374488,39.98391696977997,116.3644588585819,2009-02-13 11:22:40,0
153,39.996872,116.514848,39.98391696977997,116.3644588585819,2009-07-19 03:11:50,0
20,39.9919716666667,116.326656666667,39.98391696977997,116.3644588585819,2011-11-05 05:12:46,0
66,39.899093,116.258558,39.98391696977997,116.3644588585819,2009-08-22 12:59:15,0
36,39.898539,116.342271,39.98391696977997,116.3644588585819,2009-07-07 02:58:38,0
68,39.941025,116.313372,39.98391696977997,116.3644588585819,2009-07-12 09:20:35,0
140,39.9857183,116.3532716,39.98391696977997,116.3644588585819,2009-05-19 18:16:36,0
25,39.9478149,116.4025999,39.98391696977997,116.3644588585819,2009-05-25 00:48:25,0
153,40.064308,116.337537,39.98391696977997,116.3644588585819,2010-02-11 06:30:16,0
128,40.0731716,116.3067349,39.98391696977997,116.3644588585819,2009-10-31 10:03:57,0
65,39.97672,116.329423333333,39.98391696977997,116.3644588585819,2011-09-15 12:34:25,0
65,39.9649516666667,116.325401666667,39.98391696977997,116.3644588585819,2011-09-29 14:18:13,0
0,40.009741,116.315217,39.98391696977997,116.3644588585819,2009-04-03 15:20:08,0
17,39.8950366,116.2061583,39.98391696977997,116.3644588585819,2008-11-17 03:47:18,0
153,39.915395,116.455172,39.98391696977997,116.3644588585819,2010-04-23 02:53:17,0
153,39.974518,116.477578,39.98391696977997,116.3644588585819,2009-07-20 01:55:55,0
11,39.9852899,116.3530149,39.98391696977997,116.3644588585819,2008-12-08 12:21:45,0
95,39.9757483333333,116.312206666667,39.98391696977997,116.3644588585819,2011-05-25 16:20:05,0
30,39.930545,116.744749,39.98391696977997,116.3644588585819,2009-03-14 00:57:27,0
34,40.0081649,116.3461416,39.98391696977997,116.3644588585819,2009-04-06 03:46:03,0
15,40.031752,116.314117,39.98391696977997,116.3644588585819,2008-11-05 04:12:51,0
84,39.981032,116.327643,39.98391696977997,116.3644588585819,2008-12-01 19:55:21,0
30,39.929446,116.268755,39.98391696977997,116.3644588585819,2009-04-13 08:17:53,0
4,40.009705,116.323422,39.98391696977997,116.3644588585819,2009-06-30 14:05:09,0
26,40.030036,116.314734,39.98391696977997,116.3644588585819,2009-02-20 07:07:58,0
35,39.981779,116.321198,39.98391696977997,116.3644588585819,2009-04-08 09:10:35,0
128,40.0744916,116.3280133,39.98391696977997,116.3644588585819,2008-10-21 01:37:43,0
153,39.971963,116.441838,39.98391696977997,116.3644588585819,2010-11-26 14:55:30,0
130,39.971711,116.288657,39.98391696977997,116.3644588585819,2009-07-12 22:07:56,0
41,39.8883416,116.2678733,39.98391696977997,116.3644588585819,2009-06-24 11:13:40,0
70,39.972544,116.348299,39.98391696977997,116.3644588585819,2008-09-28 00:05:43,0
153,39.952645,116.487463,39.98391696977997,116.3644588585819,2009-07-19 02:35:12,0
68,39.975464,116.315647,39.98391696977997,116.3644588585819,2009-08-17 14:06:35,0
42,39.7567283,116.3300283,39.98391696977997,116.3644588585819,2009-03-26 10:24:50,0
0,40.005178,116.324101,39.98391696977997,116.3644588585819,2009-06-19 11:22:31,0
119,39.940485,116.427434,39.98391696977997,116.3644588585819,2008-09-07 10:24:57,0
3,39.995383,116.327865,39.98391696977997,116.3644588585819,2009-06-19 07:38:00,0
30,39.948597,116.798203,39.98391696977997,116.3644588585819,2009-04-26 06:19:24,0
84,39.966327,116.331676,39.98391696977997,116.3644588585819,2008-07-23 14:59:16,0
85,39.980915,116.328168,39.98391696977997,116.3644588585819,2008-05-30 11:58:19,0
122,39.983873,116.327232,39.98391696977997,116.3644588585819,2009-09-02 13:21:37,0
26,40.025422,116.308627,39.98391696977997,116.3644588585819,2009-02-18 16:14:03,0
131,39.9184266,116.3934099,39.98391696977997,116.3644588585819,2009-08-02 16:54:35,0
66,39.871933,116.23674,39.98391696977997,116.3644588585819,2009-08-21 13:58:52,0
39,40.00501,116.410477,39.98391696977997,116.3644588585819,2009-06-12 12:49:25,0
85,39.932077,116.431336,39.98391696977997,116.3644588585819,2008-07-22 00:28:31,0
128,39.9754516,116.3334449,39.98391696977997,116.3644588585819,2009-06-04 10:34:23,0
41,39.8743483,116.4292116,39.98391696977997,116.3644588585819,2009-06-15 23:07:16,0
30,40.007952,116.320224,39.98391696977997,116.3644588585819,2009-04-07 09:14:07,0
95,39.9752716666667,116.326005,39.98391696977997,116.3644588585819,2011-05-07 17:02:16,0
0,39.994483,116.309274,39.98391696977997,116.3644588585819,2009-05-01 07:13:39,0
35,39.990332,116.330263,39.98391696977997,116.3644588585819,2009-03-17 12:49:43,0
153,39.987188,116.482263,39.98391696977997,116.3644588585819,2010-08-22 03:54:30,0
167,40.000157,116.324428,39.98391696977997,116.3644588585819,2008-06-22 01:30:49,0
153,39.98627,116.449131,39.98391696977997,116.3644588585819,2010-04-22 02:49:14,0
43,39.887268,116.679398,39.98391696977997,116.3644588585819,2009-06-18 05:08:07,0
5,39.976286,116.337413,39.98391696977997,116.3644588585819,2009-01-16 16:49:42,0
141,39.94057,116.347276666667,39.98391696977997,116.3644588585819,2011-09-25 11:35:56,0
153,39.895139,116.455301,39.98391696977997,116.3644588585819,2010-07-11 05:41:15,0
126,39.991145,116.331433,39.98391696977997,116.3644588585819,2008-10-18 05:21:55,0
144,40.0226249,116.43089,39.98391696977997,116.3644588585819,2009-03-12 09:59:58,0
128,40.0753183,116.3278949,39.98391696977997,116.3644588585819,2008-10-17 01:30:10,0
52,40.000324,116.37889,39.98391696977997,116.3644588585819,2008-07-21 19:06:06,0
128,39.9398866,116.4283,39.98391696977997,116.3644588585819,2010-04-20 10:13:53,0
64,39.975163,116.320164,39.98391696977997,116.3644588585819,2008-08-25 10:10:55,0
124,39.892958,116.368504,39.98391696977997,116.3644588585819,2008-10-06 00:45:35,0
68,39.985758,116.368091,39.98391696977997,116.3644588585819,2009-08-17 14:19:47,0
144,40.027272,116.432985,39.98391696977997,116.3644588585819,2009-07-20 19:33:42,0
1,39.978314,116.326662,39.98391696977997,116.3644588585819,2008-11-17 04:26:23,0
22,39.973526,116.33456,39.98391696977997,116.3644588585819,2009-06-16 06:05:50,0
68,39.910696,116.314736,39.98391696977997,116.3644588585819,2009-04-12 01:57:09,0
153,39.979505,116.448502,39.98391696977997,116.3644588585819,2011-01-07 12:46:07,0
153,39.992277,116.416546,39.98391696977997,116.3644588585819,2011-06-19 09:45:00,0
167,40.005751,116.320707,39.98391696977997,116.3644588585819,2009-01-16 17:03:29,0
40,39.967949,116.303382,39.98391696977997,116.3644588585819,2009-02-20 08:26:15,0
19,39.8965533,116.4130133,39.98391696977997,116.3644588585819,2008-12-10 05:34:14,0
23,39.972775,116.300188333333,39.98391696977997,116.3644588585819,2009-01-11 06:45:28,0
144,40.027443,116.432977,39.98391696977997,116.3644588585819,2009-07-17 20:47:40,0
44,39.974434,116.332083,39.98391696977997,116.3644588585819,2009-04-12 23:58:04,0
163,39.905548346,116.45480106,39.98391696977997,116.3644588585819,2012-03-02 19:56:21,0
128,40.0703516,116.3104149,39.98391696977997,116.3644588585819,2009-12-16 12:42:37,0
41,40.4083549,116.7820816,39.98391696977997,116.3644588585819,2009-04-07 01:10:01,0
128,39.9102016,116.3882883,39.98391696977997,116.3644588585819,2009-10-18 07:32:46,0
50,39.9269332885742,116.268821716309,39.98391696977997,116.3644588585819,2009-08-20 14:04:09,0
20,39.974785,116.315668333333,39.98391696977997,116.3644588585819,2011-09-09 15:49:48,0
52,39.985012,116.352654,39.98391696977997,116.3644588585819,2008-06-08 06:04:24,0
62,39.9848466,116.3066416,39.98391696977997,116.3644588585819,2008-12-12 08:26:03,0
128,40.0656933,116.3138583,39.98391696977997,116.3644588585819,2009-06-19 11:56:13,0
68,39.968913,116.419536,39.98391696977997,116.3644588585819,2008-09-17 05:55:00,0
126,40.180528,116.394724,39.98391696977997,116.3644588585819,2008-10-12 01:55:36,0
30,40.001852,116.324388,39.98391696977997,116.3644588585819,2009-02-12 04:25:35,0
163,39.914104476,116.447013948,39.98391696977997,116.3644588585819,2012-02-24 21:27:53,0
94,39.9555833333333,116.369833333333,39.98391696977997,116.3644588585819,2007-08-03 13:42:13,0
144,40.5538932,116.6744316,39.98391696977997,116.3644588585819,2008-10-10 23:49:18,0
11,39.933865,116.366675,39.98391696977997,116.3644588585819,2008-10-01 11:20:47,0
17,39.9225183,116.3432933,39.98391696977997,116.3644588585819,2008-12-22 03:03:39,0
153,39.931958,116.389155,39.98391696977997,116.3644588585819,2011-01-10 09:48:43,0
128,39.9754516,116.3325349,39.98391696977997,116.3644588585819,2009-06-04 10:33:27,0
33,39.969752,116.333379,39.98391696977997,116.3644588585819,2009-01-09 05:27:26,0
64,39.9908,116.301279,39.98391696977997,116.3644588585819,2008-08-16 23:55:17,0
41,40.0344766,116.589725,39.98391696977997,116.3644588585819,2009-04-28 08:36:36,0
0,40.000364,116.27631,39.98391696977997,116.3644588585819,2009-04-04 10:03:44,0
163,39.938495,116.455594,39.98391696977997,116.3644588585819,2011-05-14 07:30:23,0
154,39.9751,116.351366666667,39.98391696977997,116.3644588585819,2007-05-15 14:33:02,0
128,39.9759283,116.3290166,39.98391696977997,116.3644588585819,2010-12-17 10:25:37,0
23,39.9495316666667,116.311983333333,39.98391696977997,116.3644588585819,2009-01-11 08:09:28,0
22,39.972833,116.331021,39.98391696977997,116.3644588585819,2009-07-07 05:08:50,0
68,39.931013,116.497172,39.98391696977997,116.3644588585819,2009-05-19 06:33:41,0
41,40.0126949,116.2811516,39.98391696977997,116.3644588585819,2009-03-11 10:35:29,0
68,39.96336,116.411749,39.98391696977997,116.3644588585819,2009-04-28 06:02:28,0
128,40.0743816,116.3282599,39.98391696977997,116.3644588585819,2010-08-30 13:49:20,0
17,39.9676466,116.4307383,39.98391696977997,116.3644588585819,2008-12-15 05:36:51,0
50,39.8706550598145,116.368385314941,39.98391696977997,116.3644588585819,2009-08-06 15:22:01,0
144,40.027576,116.433524,39.98391696977997,116.3644588585819,2009-07-15 21:40:08,0
34,39.9289883,116.3498083,39.98391696977997,116.3644588585819,2009-03-12 04:51:45,0
167,39.981593,116.327101,39.98391696977997,116.3644588585819,2008-11-25 01:55:30,0
39,40.039212,116.320886,39.98391696977997,116.3644588585819,2009-06-10 03:56:51,0
20,39.9747266666667,116.303091666667,39.98391696977997,116.3644588585819,2011-09-14 01:52:08,0
144,40.670534,117.265054,39.98391696977997,116.3644588585819,2009-08-09 03:29:54,0
41,39.9060999,116.2207766,39.98391696977997,116.3644588585819,2009-05-15 09:34:40,0
119,40.060419,116.419382,39.98391696977997,116.3644588585819,2008-09-07 08:44:13,0
144,40.027477,116.43256,39.98391696977997,116.3644588585819,2009-06-27 03:04:43,0
168,39.984491,116.372873,39.98391696977997,116.3644588585819,2011-05-30 23:22:28,0
67,39.9750633333333,116.326398333333,39.98391696977997,116.3644588585819,2011-05-03 14:23:45,0
17,39.9851816,116.3314283,39.98391696977997,116.3644588585819,2009-03-20 12:05:51,0
37,39.9817783,116.3142616,39.98391696977997,116.3644588585819,2009-03-27 03:03:01,0
85,39.863974,116.346588,39.98391696977997,116.3644588585819,2008-05-22 06:31:40,0
4,40.010836,116.321883,39.98391696977997,116.3644588585819,2009-04-03 02:31:13,0
144,40.0313633,116.41231,39.98391696977997,116.3644588585819,2008-10-01 03:26:44,0
35,39.981824,116.326808,39.98391696977997,116.3644588585819,2009-04-24 07:12:46,0
30,40.000983,116.327096,39.98391696977997,116.3644588585819,2009-05-05 01:26:47,0
128,39.9860116,116.3651983,39.98391696977997,116.3644588585819,2008-08-05 12:55:11,0
153,40.026107,116.343974,39.98391696977997,116.3644588585819,2009-07-09 10:43:20,0
126,39.991726,116.328615,39.98391696977997,116.3644588585819,2008-11-27 14:39:21,0
68,39.978252,116.418002,39.98391696977997,116.3644588585819,2009-03-25 12:17:08,0
62,40.0079383,116.3022766,39.98391696977997,116.3644588585819,2008-08-07 07:03:25,0
23,39.973606,116.311629,39.98391696977997,116.3644588585819,2009-02-14 09:37:04,0
41,39.9680616,116.4663866,39.98391696977997,116.3644588585819,2009-02-17 00:25:27,0
13,39.960048,116.418973,39.98391696977997,116.3644588585819,2009-01-21 09:20:48,0
22,40.058255,116.403929,39.98391696977997,116.3644588585819,2009-07-19 11:17:08,0
28,39.967778,116.101497,39.98391696977997,116.3644588585819,2009-02-05 09:13:20,0
30,40.00817,116.324057,39.98391696977997,116.3644588585819,2009-03-09 04:00:30,0
167,39.998592,116.326153,39.98391696977997,116.3644588585819,2008-08-03 13:16:27,0
17,39.98524,116.3434649,39.98391696977997,116.3644588585819,2009-02-15 08:18:23,0
25,40.3604066,116.6113799,39.98391696977997,116.3644588585819,2009-04-18 01:47:34,0
52,39.984027,116.300233,39.98391696977997,116.3644588585819,2008-06-05 09:25:27,0
30,39.907335,116.613452,39.98391696977997,116.3644588585819,2009-03-06 13:16:45,0
153,39.91903,116.451205,39.98391696977997,116.3644588585819,2008-06-16 11:07:39,0
13,39.960632,116.405989,39.98391696977997,116.3644588585819,2008-10-20 23:28:32,0
128,40.1516516,116.2915116,39.98391696977997,116.3644588585819,2008-05-11 07:18:41,0
74,39.9858266666667,116.348301666667,39.98391696977997,116.3644588585819,2012-01-07 04:37:43,0
65,39.9606583333333,116.328463333333,39.98391696977997,116.3644588585819,2011-09-18 09:22:35,0
128,39.8879433,116.3514333,39.98391696977997,116.3644588585819,2010-09-22 09:08:00,0
167,39.968274,116.418383,39.98391696977997,116.3644588585819,2008-07-19 13:23:59,0
84,39.934453,116.389957,39.98391696977997,116.3644588585819,2009-08-19 12:52:31,0
13,39.966913,116.384228,39.98391696977997,116.3644588585819,2008-11-06 09:35:32,0
153,39.956988,116.400644,39.98391696977997,116.3644588585819,2010-04-10 11:04:42,0
3,39.820644,116.281899,39.98391696977997,116.3644588585819,2008-12-04 01:00:02,0
33,39.976069,116.334019,39.98391696977997,116.3644588585819,2009-01-09 13:33:27,0
65,39.98534,116.350581666667,39.98391696977997,116.3644588585819,2011-08-28 07:27:14,0
153,39.972287,116.4414,39.98391696977997,116.3644588585819,2011-07-21 09:51:03,0
153,39.931248,116.47233,39.98391696977997,116.3644588585819,2009-07-02 07:43:02,0
17,39.9314483,116.4284266,39.98391696977997,116.3644588585819,2009-02-06 06:24:43,0
68,39.941527,116.419235,39.98391696977997,116.3644588585819,2009-08-18 01:55:43,0
25,39.984635,116.3100266,39.98391696977997,116.3644588585819,2009-06-05 04:29:19,0
14,39.9066133,116.3043049,39.98391696977997,116.3644588585819,2008-12-06 07:31:53,0
122,39.947466,116.401629,39.98391696977997,116.3644588585819,2009-05-16 17:28:17,0
42,39.7444733,116.3330566,39.98391696977997,116.3644588585819,2009-03-20 07:59:03,0
4,39.999905,116.327296,39.98391696977997,116.3644588585819,2008-10-26 14:22:47,0
153,40.011352,116.461122,39.98391696977997,116.3644588585819,2011-09-05 09:27:11,0
67,39.98362,116.483267,39.98391696977997,116.3644588585819,2011-03-05 01:41:50,0
65,39.944223624,116.297935093,39.98391696977997,116.3644588585819,2011-08-13 18:08:17,0
15,39.999942,116.326682,39.98391696977997,116.3644588585819,2009-02-27 15:20:21,0
36,39.978858,116.338715,39.98391696977997,116.3644588585819,2009-03-05 11:41:48,0
41,39.9041866,116.3554166,39.98391696977997,116.3644588585819,2009-06-23 05:22:40,0
62,39.9880783,116.3052149,39.98391696977997,116.3644588585819,2008-09-21 02:02:50,0
140,39.98765,116.4071683,39.98391696977997,116.3644588585819,2009-07-17 21:18:13,0
20,39.9805033333333,116.307428333333,39.98391696977997,116.3644588585819,2011-08-27 06:59:21,0
24,40.039181,116.320056,39.98391696977997,116.3644588585819,2009-02-16 10:52:51,0
128,39.9977166,116.3657533,39.98391696977997,116.3644588585819,2009-07-25 01:58:43,0
15,39.991652,116.323759,39.98391696977997,116.3644588585819,2008-11-12 03:13:50,0
125,40.006952,116.321994,39.98391696977997,116.3644588585819,2008-05-23 15:02:28,0
17,39.9476383,116.3887366,39.98391696977997,116.3644588585819,2009-07-03 05:20:45,0
10,39.985593,116.343435,39.98391696977997,116.3644588585819,2008-09-16 23:50:38,0
14,39.9854816,116.3395816,39.98391696977997,116.3644588585819,2009-02-06 01:23:18,0
62,39.9873249,116.3031916,39.98391696977997,116.3644588585819,2008-09-12 10:41:02,0
140,39.993955,116.41067,39.98391696977997,116.3644588585819,2009-07-04 23:11:20,0
126,39.972599,116.312514,39.98391696977997,116.3644588585819,2008-12-15 09:35:51,0
52,39.999328,116.379414,39.98391696977997,116.3644588585819,2008-10-05 19:20:42,0
119,39.963331,116.486883,39.98391696977997,116.3644588585819,2008-09-02 04:36:15,0
26,39.886613,116.424143,39.98391696977997,116.3644588585819,2009-03-22 02:43:29,0
68,39.970076,116.418583,39.98391696977997,116.3644588585819,2008-10-11 15:11:20,0
17,39.9848433,116.3299933,39.98391696977997,116.3644588585819,2009-01-19 14:28:21,0
74,39.9749516666667,116.317731666667,39.98391696977997,116.3644588585819,2012-03-15 00:38:24,0
10,39.723071,116.320416,39.98391696977997,116.3644588585819,2008-06-18 02:53:00,0
128,39.97449,116.3079583,39.98391696977997,116.3644588585819,2009-03-26 12:50:05,0
65,39.983204542,116.303156047,39.98391696977997,116.3644588585819,2011-08-20 11:28:37,0
42,39.911785,116.4525216,39.98391696977997,116.3644588585819,2009-03-23 11:16:30,0
10,39.975545,116.347976,39.98391696977997,116.3644588585819,2008-09-19 01:04:59,0
142,39.763506,116.031478,39.98391696977997,116.3644588585819,2010-06-27 01:33:26,0
168,39.984486,116.317537,39.98391696977997,116.3644588585819,2011-07-10 00:02:13,0
38,39.860155,116.4090133,39.98391696977997,116.3644588585819,2009-03-16 00:24:44,0
3,40.00039,116.326548,39.98391696977997,116.3644588585819,2009-06-11 02:52:55,0
62,39.9813399,116.3521549,39.98391696977997,116.3644588585819,2008-08-20 04:52:38,0
6,39.964059,116.347008,39.98391696977997,116.3644588585819,2008-10-24 11:00:18,0
153,39.868959,116.454853,39.98391696977997,116.3644588585819,2011-04-04 05:53:34,0
153,39.925068,116.410999,39.98391696977997,116.3644588585819,2011-06-01 07:43:14,0
22,39.975146,116.332445,39.98391696977997,116.3644588585819,2009-04-29 00:24:41,0
14,39.96482,116.3639449,39.98391696977997,116.3644588585819,2008-10-27 00:15:55,0
128,40.3941799,116.5793682,39.98391696977997,116.3644588585819,2009-03-28 05:00:40,0
68,40.034686,116.301594,39.98391696977997,116.3644588585819,2009-08-15 09:16:57,0
30,39.991567,116.370377,39.98391696977997,116.3644588585819,2009-01-17 11:59:59,0
36,39.80758,116.191204,39.98391696977997,116.3644588585819,2009-07-09 11:28:36,0
41,39.8814633,116.2586483,39.98391696977997,116.3644588585819,2009-05-02 09:16:55,0
30,39.916816,116.630714,39.98391696977997,116.3644588585819,2009-01-31 04:45:20,0
38,39.9685233,116.3021333,39.98391696977997,116.3644588585819,2009-03-09 09:17:10,0
41,39.8111216,116.2566649,39.98391696977997,116.3644588585819,2009-05-09 03:08:20,0
125,39.906375,116.329048,39.98391696977997,116.3644588585819,2008-08-27 08:51:48,0
115,39.9602916,116.5220316,39.98391696977997,116.3644588585819,2008-06-11 10:54:28,0
50,39.9935607910156,116.19921875,39.98391696977997,116.3644588585819,2009-08-18 17:04:42,0
0,40.009219,116.296861,39.98391696977997,116.3644588585819,2008-11-04 02:01:28,0
42,40.0085516,116.3201616,39.98391696977997,116.3644588585819,2008-10-04 10:07:27,0
73,39.9770466,116.3350333,39.98391696977997,116.3644588585819,2008-07-16 11:04:12,0
128,40.0694999,116.3209133,39.98391696977997,116.3644588585819,2009-07-06 22:32:54,0
17,39.9932716,116.347035,39.98391696977997,116.3644588585819,2009-06-29 14:38:51,0
128,40.1810683,116.3583516,39.98391696977997,116.3644588585819,2009-12-19 07:23:23,0
62,39.9826383,116.3103099,39.98391696977997,116.3644588585819,2008-11-13 01:31:58,0
75,39.9745933333333,116.33124,39.98391696977997,116.3644588585819,2011-09-02 11:42:32,0
41,39.8699066,116.4161966,39.98391696977997,116.3644588585819,2009-07-10 01:05:09,0
65,39.98048,116.327455,39.98391696977997,116.3644588585819,2011-08-28 07:22:03,0
62,39.9806233,116.3619816,39.98391696977997,116.3644588585819,2008-09-07 00:17:30,0
41,39.8644416,116.2491316,39.98391696977997,116.3644588585819,2009-06-16 10:17:17,0
114,39.945753,116.263292,39.98391696977997,116.3644588585819,2010-05-10 13:36:28,0
42,39.8645499,116.5608533,39.98391696977997,116.3644588585819,2009-03-10 05:56:13,0
52,39.986009,116.350348,39.98391696977997,116.3644588585819,2008-05-21 03:22:52,0
7,39.924715,116.173107,39.98391696977997,116.3644588585819,2008-11-08 08:33:48,0
144,39.9757449,116.3274716,39.98391696977997,116.3644588585819,2009-02-08 05:46:08,0
96,39.968414,116.314212,39.98391696977997,116.3644588585819,2008-10-27 07:20:16,0
103,39.9266866,116.3203499,39.98391696977997,116.3644588585819,2008-09-04 08:43:10,0
128,39.9868666,116.39742,39.98391696977997,116.3644588585819,2009-10-23 10:37:51,0
167,39.987226,116.459012,39.98391696977997,116.3644588585819,2008-05-31 05:52:14,0
126,40.006804,116.320867,39.98391696977997,116.3644588585819,2008-08-02 16:10:09,0
22,40.057173,116.404383,39.98391696977997,116.3644588585819,2009-07-18 18:56:08,0
128,40.005375,116.3279016,39.98391696977997,116.3644588585819,2009-01-13 23:49:50,0
24,40.176302,116.544519,39.98391696977997,116.3644588585819,2009-05-19 09:12:27,0
43,39.799328,116.510776,39.98391696977997,116.3644588585819,2009-06-15 02:07:14,0
167,39.99177,116.326581,39.98391696977997,116.3644588585819,2008-09-29 12:27:28,0
141,40.01267,116.38959,39.98391696977997,116.3644588585819,2011-09-10 07:01:24,0
25,40.0327033,116.3050583,39.98391696977997,116.3644588585819,2009-04-27 13:11:52,0
30,40.007102,116.324202,39.98391696977997,116.3644588585819,2009-02-15 09:37:07,0
163,39.988366852,116.431055224,39.98391696977997,116.3644588585819,2012-07-26 08:05:59,0
128,40.1191,116.261875,39.98391696977997,116.3644588585819,2008-06-06 23:22:44,0
25,39.9877449,116.3041433,39.98391696977997,116.3644588585819,2009-03-15 11:51:15,0
163,39.619408,116.291732,39.98391696977997,116.3644588585819,2011-04-04 03:57:01,0
44,39.972337,116.33387,39.98391696977997,116.3644588585819,2009-02-19 08:12:34,0
163,39.925776,116.349928,39.98391696977997,116.3644588585819,2011-02-08 09:07:01,0
141,39.975295,116.333388333333,39.98391696977997,116.3644588585819,2011-10-09 00:53:00,0
52,39.984383,116.321077,39.98391696977997,116.3644588585819,2008-07-27 09:26:27,0
14,39.9615416,116.3572633,39.98391696977997,116.3644588585819,2008-10-20 10:15:38,0
140,39.9856383,116.3441283,39.98391696977997,116.3644588585819,2008-09-24 02:19:03,0
41,39.89215,116.4910683,39.98391696977997,116.3644588585819,2009-03-30 00:57:49,0
18,39.9229449,116.3991666,39.98391696977997,116.3644588585819,2008-11-07 00:26:09,0
35,39.981601,116.321251,39.98391696977997,116.3644588585819,2009-03-09 23:52:56,0
30,40.0099,116.315399,39.98391696977997,116.3644588585819,2009-06-04 04:40:38,0
4,39.938713,116.343811,39.98391696977997,116.3644588585819,2009-03-21 12:58:24,0
32,39.973921,116.33367,39.98391696977997,116.3644588585819,2008-12-18 11:52:29,0
126,39.986871,116.382422,39.98391696977997,116.3644588585819,2008-11-03 10:38:57,0
3,39.989472,116.34733,39.98391696977997,116.3644588585819,2008-11-15 10:13:53,0
38,39.9957166,116.1974199,39.98391696977997,116.3644588585819,2009-07-15 01:26:38,0
128,40.0769333,116.3266733,39.98391696977997,116.3644588585819,2009-02-20 14:35:48,0
15,39.86622,116.453691,39.98391696977997,116.3644588585819,2009-03-01 07:18:59,0
128,39.9670416,116.3328983,39.98391696977997,116.3644588585819,2009-03-09 09:24:46,0
65,39.9540983333333,116.35522,39.98391696977997,116.3644588585819,2011-10-16 01:14:17,0
15,39.832369,116.286216,39.98391696977997,116.3644588585819,2009-02-26 08:09:41,0
20,39.9770783333333,116.330791666667,39.98391696977997,116.3644588585819,2011-08-28 22:35:00,0
153,39.907258103,116.456071903,39.98391696977997,116.3644588585819,2012-04-03 20:05:05,0
167,39.967297,116.391655,39.98391696977997,116.3644588585819,2008-05-22 15:46:49,0
68,39.976048,116.419199,39.98391696977997,116.3644588585819,2009-07-22 15:32:15,0
64,39.97517,116.331288,39.98391696977997,116.3644588585819,2008-08-29 01:05:09,0
1,40.070918,116.299309,39.98391696977997,116.3644588585819,2008-11-01 04:16:33,0
42,39.6905516,116.3236616,39.98391696977997,116.3644588585819,2009-04-03 05:45:42,0
165,39.9916583333333,116.327726666667,39.98391696977997,116.3644588585819,2011-11-19 02:15:51,0
153,39.967486,116.344282,39.98391696977997,116.3644588585819,2008-10-01 12:19:17,0
41,39.8641933,116.2748199,39.98391696977997,116.3644588585819,2009-05-02 04:25:32,0
128,39.966405,116.33101,39.98391696977997,116.3644588585819,2009-03-14 09:19:13,0
52,39.984247,116.325687,39.98391696977997,116.3644588585819,2008-06-02 06:35:26,0
30,39.947665,116.786232,39.98391696977997,116.3644588585819,2009-03-14 10:12:19,0
179,39.992403,116.3237,39.98391696977997,116.3644588585819,2008-09-04 10:11:17,0
155,40.065974,116.404982,39.98391696977997,116.3644588585819,2009-08-01 03:44:05,0
34,39.9851733,116.3306299,39.98391696977997,116.3644588585819,2009-03-10 01:13:40,0
3,39.992542,116.326453,39.98391696977997,116.3644588585819,2008-12-28 10:35:13,0
41,39.7192283,116.0934233,39.98391696977997,116.3644588585819,2009-05-05 13:27:41,0
28,39.926198,116.304431,39.98391696977997,116.3644588585819,2009-04-21 23:24:46,0
144,40.0267633,116.4516966,39.98391696977997,116.3644588585819,2008-05-20 12:09:56,0
115,39.985125,116.3302566,39.98391696977997,116.3644588585819,2008-04-25 12:16:45,0
38,39.9676516,116.3091566,39.98391696977997,116.3644588585819,2009-04-15 08:47:45,0
68,39.99029,116.417985,39.98391696977997,116.3644588585819,2009-05-29 05:35:00,0
85,39.898496,116.342061,39.98391696977997,116.3644588585819,2008-11-05 04:15:48,0
128,39.9225966,116.3032016,39.98391696977997,116.3644588585819,2009-06-24 10:26:32,0
128,39.8955266,116.3182949,39.98391696977997,116.3644588585819,2010-08-05 08:11:22,0
68,39.99707,116.416376,39.98391696977997,116.3644588585819,2008-12-05 18:53:12,0
68,39.958118,116.412215,39.98391696977997,116.3644588585819,2009-05-20 10:22:53,0
25,39.977395,116.3104766,39.98391696977997,116.3644588585819,2009-01-09 00:33:43,0
29,39.878109,116.414858,39.98391696977997,116.3644588585819,2009-03-06 01:04:22,0
29,39.974788,116.344344,39.98391696977997,116.3644588585819,2009-01-13 09:28:29,0
167,39.985524,116.349228,39.98391696977997,116.3644588585819,2008-05-30 07:06:38,0
13,39.966751,116.386913,39.98391696977997,116.3644588585819,2008-10-23 10:43:34,0
168,40.004474,116.248192,39.98391696977997,116.3644588585819,2011-08-13 02:52:57,0
22,39.973209,116.333754,39.98391696977997,116.3644588585819,2009-07-09 09:34:25,0
85,39.899122,116.340484,39.98391696977997,116.3644588585819,2008-11-17 12:53:04,0
8,39.963462,116.365309,39.98391696977997,116.3644588585819,2008-12-05 12:01:50,0
30,40.003473,116.32487,39.98391696977997,116.3644588585819,2009-06-26 04:03:10,0
9,39.997332,116.330889,39.98391696977997,116.3644588585819,2008-11-12 11:20:25,0
4,40.002194,116.328692,39.98391696977997,116.3644588585819,2009-07-13 07:12:48,0
140,39.9615783,116.4309133,39.98391696977997,116.3644588585819,2009-06-23 16:32:13,0
37,39.9740633,116.2548516,39.98391696977997,116.3644588585819,2009-01-21 23:27:01,0
140,39.9753133,116.3283666,39.98391696977997,116.3644588585819,2009-02-20 16:45:26,0
11,39.9850733,116.3543399,39.98391696977997,116.3644588585819,2008-10-09 11:38:27,0
17,40.0067116,116.3515649,39.98391696977997,116.3644588585819,2009-07-03 07:00:12,0
153,39.892359,116.427982,39.98391696977997,116.3644588585819,2009-10-02 05:28:53,0
9,39.999307,116.333981,39.98391696977997,116.3644588585819,2008-12-12 00:26:45,0
64,39.936878,116.328284,39.98391696977997,116.3644588585819,2008-08-21 11:25:08,0
44,39.9783,116.328744,39.98391696977997,116.3644588585819,2009-02-15 10:14:19,0
165,39.97769,116.302415,39.98391696977997,116.3644588585819,2011-11-19 05:55:11,0
128,40.0759116,116.3275033,39.98391696977997,116.3644588585819,2010-05-09 13:57:38,0
58,40.0332733333333,116.313523333333,39.98391696977997,116.3644588585819,2011-03-10 01:39:08,0
41,39.8646966,116.2620766,39.98391696977997,116.3644588585819,2009-05-13 10:57:00,0
96,40.007854,116.319256,39.98391696977997,116.3644588585819,2008-10-28 13:35:53,0
17,40.0067549,116.3462166,39.98391696977997,116.3644588585819,2009-03-21 06:04:58,0
39,39.982135,116.363291,39.98391696977997,116.3644588585819,2009-04-14 13:07:11,0
35,39.974552,116.343249,39.98391696977997,116.3644588585819,2009-03-13 00:52:23,0
65,39.9720266666667,116.312693333333,39.98391696977997,116.3644588585819,2011-10-19 00:56:56,0
163,39.965126,116.434565,39.98391696977997,116.3644588585819,2010-12-11 07:49:38,0
30,39.932904,116.268815,39.98391696977997,116.3644588585819,2009-04-13 13:38:52,0
167,39.939627,116.304776,39.98391696977997,116.3644588585819,2008-11-04 13:25:00,0
41,39.9025083,116.259515,39.98391696977997,116.3644588585819,2009-06-10 22:37:38,0
167,39.993823,116.326948,39.98391696977997,116.3644588585819,2008-10-14 10:21:48,0
84,39.934717,116.43007,39.98391696977997,116.3644588585819,2008-10-14 01:46:14,0
85,39.980913,116.329211,39.98391696977997,116.3644588585819,2008-11-09 15:03:52,0
28,39.966906,116.314452,39.98391696977997,116.3644588585819,2009-04-16 09:29:06,0
13,39.966699,116.383303,39.98391696977997,116.3644588585819,2009-02-19 09:37:09,0
34,39.9853849,116.3340966,39.98391696977997,116.3644588585819,2009-03-10 01:10:48,0
179,40.083996,116.313597,39.98391696977997,116.3644588585819,2008-09-07 07:45:44,0
17,39.9829066,116.4513749,39.98391696977997,116.3644588585819,2009-06-05 04:52:24,0
7,39.518644,116.704331,39.98391696977997,116.3644588585819,2008-12-06 08:37:20,0
141,39.9752716666667,116.339553333333,39.98391696977997,116.3644588585819,2011-10-22 09:28:39,0
3,39.9859,116.310392,39.98391696977997,116.3644588585819,2009-01-01 09:20:55,0
96,40.008056,116.319445,39.98391696977997,116.3644588585819,2008-12-02 03:29:09,0
24,40.160103,116.624131,39.98391696977997,116.3644588585819,2009-03-25 04:16:20,0
52,39.975151,116.353212,39.98391696977997,116.3644588585819,2008-08-21 23:54:15,0
41,39.7095683,116.3324033,39.98391696977997,116.3644588585819,2009-05-04 07:44:34,0
52,39.954111,116.348876,39.98391696977997,116.3644588585819,2008-05-31 09:40:20,0
68,39.997268,116.416217,39.98391696977997,116.3644588585819,2008-12-06 05:04:21,0
34,39.9991916,116.3586749,39.98391696977997,116.3644588585819,2009-03-18 09:35:45,0
85,39.950943,116.326745,39.98391696977997,116.3644588585819,2009-03-06 08:46:02,0
62,39.9723616,116.3124099,39.98391696977997,116.3644588585819,2008-07-31 12:38:23,0
81,39.985155,116.327192,39.98391696977997,116.3644588585819,2008-05-30 14:30:42,0
30,40.005556,116.317692,39.98391696977997,116.3644588585819,2009-02-07 07:37:53,0
92,40.0077899,116.4097349,39.98391696977997,116.3644588585819,2008-07-18 08:35:47,0
179,40.089443,116.303467,39.98391696977997,116.3644588585819,2008-10-01 04:05:37,0
70,39.96677,116.362682,39.98391696977997,116.3644588585819,2008-09-27 23:59:56,0
4,39.923772,116.303162,39.98391696977997,116.3644588585819,2009-07-23 06:19:44,0
153,39.999693191,116.457932026,39.98391696977997,116.3644588585819,2011-11-21 17:59:48,0
104,39.9808466,116.3075516,39.98391696977997,116.3644588585819,2008-05-28 19:12:52,0
141,39.9774866666667,116.332191666667,39.98391696977997,116.3644588585819,2011-09-09 12:28:28,0
3,40.010267,116.323523,39.98391696977997,116.3644588585819,2009-03-09 17:47:46,0
35,39.990794,116.329986,39.98391696977997,116.3644588585819,2009-03-12 11:20:55,0
62,39.9862849,116.3098716,39.98391696977997,116.3644588585819,2008-08-02 12:38:37,0
67,39.9428933333333,116.44413,39.98391696977997,116.3644588585819,2011-06-17 11:06:20,0
85,39.9006716,116.3387549,39.98391696977997,116.3644588585819,2008-09-02 22:21:03,0
84,39.941225,116.427598,39.98391696977997,116.3644588585819,2009-09-08 00:09:38,0
153,39.974082,116.466537,39.98391696977997,116.3644588585819,2008-11-27 04:23:03,0
84,39.976411,116.330804,39.98391696977997,116.3644588585819,2008-09-13 11:44:13,0
14,39.9661083,116.3357999,39.98391696977997,116.3644588585819,2009-03-11 11:20:58,0
0,40.007582,116.319941,39.98391696977997,116.3644588585819,2009-06-09 17:40:21,0
179,39.960033,116.437607,39.98391696977997,116.3644588585819,2008-11-29 03:05:55,0
41,39.9067583,116.5143949,39.98391696977997,116.3644588585819,2009-02-17 09:45:50,0
19,39.8971516,116.3940666,39.98391696977997,116.3644588585819,2008-11-23 11:17:22,0
44,39.983814,116.314009,39.98391696977997,116.3644588585819,2009-07-09 08:28:11,0
167,40.002853,116.321546,39.98391696977997,116.3644588585819,2008-06-05 13:08:27,0
2,40.000806,116.367972,39.98391696977997,116.3644588585819,2008-11-09 05:32:48,0
74,39.9749033333333,116.320123333333,39.98391696977997,116.3644588585819,2012-02-16 00:52:19,0
41,39.8536316,116.2770633,39.98391696977997,116.3644588585819,2009-04-26 02:16:19,0
13,39.954718,116.422999,39.98391696977997,116.3644588585819,2008-10-16 17:48:29,0
153,39.966914,116.37922,39.98391696977997,116.3644588585819,2008-10-18 02:27:41,0
153,39.829265,116.310371,39.98391696977997,116.3644588585819,2011-05-21 03:46:44,0
30,39.948861,116.7929,39.98391696977997,116.3644588585819,2009-07-11 13:01:39,0
68,39.965825,116.418736,39.98391696977997,116.3644588585819,2009-05-31 02:53:37,0
0,40.010499,116.29695,39.98391696977997,116.3644588585819,2008-11-04 00:08:28,0
28,39.950691,116.31818,39.98391696977997,116.3644588585819,2009-02-16 09:02:11,0
14,40.0220266,116.4519716,39.98391696977997,116.3644588585819,2008-10-21 02:06:44,0
23,39.973445,116.333497,39.98391696977997,116.3644588585819,2009-02-15 06:54:15,0
167,39.97524,116.331186,39.98391696977997,116.3644588585819,2008-06-01 13:12:56,0
144,40.0378733,116.3356616,39.98391696977997,116.3644588585819,2008-11-16 08:07:23,0
7,39.9748,116.338878,39.98391696977997,116.3644588585819,2008-10-29 11:54:03,0
25,39.980225,116.3505983,39.98391696977997,116.3644588585819,2009-06-11 09:38:31,0
20,39.9754266666667,116.329063333333,39.98391696977997,116.3644588585819,2011-09-01 14:59:17,0
125,39.997415,116.3312716,39.98391696977997,116.3644588585819,2008-07-19 11:20:24,0
41,39.8662899,116.2577633,39.98391696977997,116.3644588585819,2009-03-12 22:04:35,0
82,40.053061,116.399538,39.98391696977997,116.3644588585819,2009-03-27 15:36:48,0
35,39.981821,116.321114,39.98391696977997,116.3644588585819,2009-04-17 07:28:16,0
179,40.08822,116.305791,39.98391696977997,116.3644588585819,2008-09-06 14:37:37,0
24,40.059325,116.294486,39.98391696977997,116.3644588585819,2009-03-17 09:25:00,0
102,39.9847583333333,116.334573333333,39.98391696977997,116.3644588585819,2011-10-23 16:44:59,0
16,39.9225,116.362106,39.98391696977997,116.3644588585819,2008-10-25 10:03:02,0
34,39.8865499,116.2680733,39.98391696977997,116.3644588585819,2009-04-17 08:27:37,0
50,39.9589042666667,116.297866816667,39.98391696977997,116.3644588585819,2009-08-19 06:27:31,0
169,39.985591,116.352506,39.98391696977997,116.3644588585819,2010-05-21 10:33:30,0
24,40.038985,116.325189,39.98391696977997,116.3644588585819,2009-05-24 13:44:18,0
65,39.967685,116.40546,39.98391696977997,116.3644588585819,2011-08-30 12:57:02,0
128,39.9973699,116.4036283,39.98391696977997,116.3644588585819,2009-06-27 10:36:39,0
84,39.578215,116.02048,39.98391696977997,116.3644588585819,2008-09-25 09:54:36,0
153,40.014079,116.28217,39.98391696977997,116.3644588585819,2011-04-24 07:06:08,0
41,39.9218133,116.26926,39.98391696977997,116.3644588585819,2009-05-06 06:37:19,0
30,40.009149,116.323997,39.98391696977997,116.3644588585819,2009-05-04 02:52:33,0
163,39.910775,116.47173,39.98391696977997,116.3644588585819,2009-04-10 12:46:49,0
68,39.975938,116.311036,39.98391696977997,116.3644588585819,2008-10-11 13:32:32,0
85,39.923217,116.271911,39.98391696977997,116.3644588585819,2008-05-17 06:52:38,0
0,39.990121,116.326497,39.98391696977997,116.3644588585819,2009-06-23 09:24:38,0
50,39.93325805,116.303771966667,39.98391696977997,116.3644588585819,2009-08-04 04:00:33,0
153,39.965681,116.467035,39.98391696977997,116.3644588585819,2009-10-08 04:05:21,0
119,39.953495,116.494474,39.98391696977997,116.3644588585819,2008-08-01 23:16:47,0
12,39.979595,116.311989,39.98391696977997,116.3644588585819,2008-11-24 11:22:32,0
153,40.031028006,116.430247864,39.98391696977997,116.3644588585819,2011-10-18 17:16:11,0
68,39.969156,116.419559,39.98391696977997,116.3644588585819,2008-09-16 05:03:58,0
17,39.9269416,116.3474416,39.98391696977997,116.3644588585819,2009-03-18 02:27:33,0
128,40.3618483,115.9692033,39.98391696977997,116.3644588585819,2008-05-18 06:28:34,0
30,39.908808,116.579761,39.98391696977997,116.3644588585819,2009-02-05 11:04:22,0
16,39.97378,116.327282,39.98391696977997,116.3644588585819,2008-11-12 06:34:40,0
62,39.9324199,116.3969066,39.98391696977997,116.3644588585819,2008-09-04 04:09:33,0
128,39.94275,116.4602616,39.98391696977997,116.3644588585819,2009-08-23 12:37:50,0
81,40.001254,116.324613,39.98391696977997,116.3644588585819,2008-05-23 14:07:53,0
30,39.956107,116.282592,39.98391696977997,116.3644588585819,2009-02-14 09:30:00,0
30,40.008934,116.324173,39.98391696977997,116.3644588585819,2009-04-22 10:20:51,0
65,39.9757733333333,116.333741666667,39.98391696977997,116.3644588585819,2011-08-28 14:10:29,0
126,39.9952,116.326546,39.98391696977997,116.3644588585819,2008-10-26 11:42:27,0
30,40.007195,116.321039,39.98391696977997,116.3644588585819,2009-04-24 03:55:52,0
153,39.925594,116.441717,39.98391696977997,116.3644588585819,2011-03-11 13:57:40,0
4,40.004843,116.324497,39.98391696977997,116.3644588585819,2009-06-05 10:04:36,0
41,39.6872499,116.3093233,39.98391696977997,116.3644588585819,2009-05-30 06:25:58,0
153,40.003946,116.461417,39.98391696977997,116.3644588585819,2011-09-19 09:51:49,0
17,39.94247,116.3498433,39.98391696977997,116.3644588585819,2009-05-31 02:22:45,0
50,39.8874893166667,116.309364316667,39.98391696977997,116.3644588585819,2009-08-20 06:43:37,0
84,40.081347,116.589166,39.98391696977997,116.3644588585819,2008-08-26 02:25:45,0
39,39.901575,116.455482,39.98391696977997,116.3644588585819,2009-05-20 04:21:58,0
10,39.51464,116.693647,39.98391696977997,116.3644588585819,2007-08-28 17:46:19,0
65,39.979618342,116.304324775,39.98391696977997,116.3644588585819,2011-08-20 12:05:07,0
131,39.98548,116.3409283,39.98391696977997,116.3644588585819,2009-07-02 08:27:37,0
41,39.8647766,116.2838766,39.98391696977997,116.3644588585819,2009-06-30 03:44:51,0
153,39.967977,116.418632,39.98391696977997,116.3644588585819,2009-05-16 07:27:39,0
153,39.926934,116.471147,39.98391696977997,116.3644588585819,2009-06-21 09:03:45,0
85,39.984267,116.332199,39.98391696977997,116.3644588585819,2009-09-17 14:18:26,0
153,39.9086866,116.4721583,39.98391696977997,116.3644588585819,2008-05-27 11:28:08,0
35,39.974903,116.34329,39.98391696977997,116.3644588585819,2009-03-02 02:08:00,0
85,39.980793,116.329525,39.98391696977997,116.3644588585819,2008-11-05 12:42:25,0
25,39.9914983,116.3062683,39.98391696977997,116.3644588585819,2009-07-07 07:31:07,0
153,39.967410202,116.447348775,39.98391696977997,116.3644588585819,2012-01-02 13:19:38,0
68,39.995056,116.42013,39.98391696977997,116.3644588585819,2008-10-30 02:37:06,0
153,39.959081,116.444431,39.98391696977997,116.3644588585819,2010-05-14 10:09:31,0
52,39.984814,116.352553,39.98391696977997,116.3644588585819,2008-05-30 11:37:45,0
153,39.944194,116.455359,39.98391696977997,116.3644588585819,2008-09-16 10:20:51,0
26,39.969306,116.30683,39.98391696977997,116.3644588585819,2009-04-11 02:28:30,0
153,39.981946,116.467407,39.98391696977997,116.3644588585819,2009-07-13 09:33:34,0
167,40.010145,116.31996,39.98391696977997,116.3644588585819,2009-01-25 03:04:24,0
15,39.762643,116.297104,39.98391696977997,116.3644588585819,2009-02-26 05:29:38,0
41,39.8696166,116.873215,39.98391696977997,116.3644588585819,2009-05-09 07:42:39,0
41,39.8502533,116.261325,39.98391696977997,116.3644588585819,2009-07-08 05:38:50,0
30,40.009626,116.314685,39.98391696977997,116.3644588585819,2009-02-16 00:31:35,0
36,39.96627,116.364878,39.98391696977997,116.3644588585819,2009-02-20 02:23:55,0
44,40.007851,116.324216,39.98391696977997,116.3644588585819,2009-04-02 01:18:10,0
41,39.92239,116.2930799,39.98391696977997,116.3644588585819,2009-02-17 01:15:39,0
30,40.00871,116.317682,39.98391696977997,116.3644588585819,2009-03-11 05:25:53,0
38,39.9680383,116.3112533,39.98391696977997,116.3644588585819,2009-04-07 14:39:25,0
50,39.8707962,116.297676083333,39.98391696977997,116.3644588585819,2009-08-04 08:05:05,0
4,39.958795,116.298223,39.98391696977997,116.3644588585819,2009-03-03 11:02:25,0
96,40.007342,116.320479,39.98391696977997,116.3644588585819,2008-10-28 11:42:48,0
88,39.8636949,116.3993483,39.98391696977997,116.3644588585819,2008-10-04 22:55:50,0
167,39.918533,116.636188,39.98391696977997,116.3644588585819,2008-05-03 05:23:07,0
17,39.9857966,116.3450633,39.98391696977997,116.3644588585819,2009-04-12 01:54:42,0
168,40.016522,116.307342,39.98391696977997,116.3644588585819,2011-07-05 11:08:59,0
65,39.96448,116.31735,39.98391696977997,116.3644588585819,2011-10-24 01:24:54,0
39,39.890249,116.453723,39.98391696977997,116.3644588585819,2009-06-03 11:16:45,0
82,40.052666,116.399636,39.98391696977997,116.3644588585819,2009-04-01 14:49:40,0
36,39.927016,116.347102,39.98391696977997,116.3644588585819,2009-07-09 05:04:31,0
126,39.9676616,116.3473066,39.98391696977997,116.3644588585819,2008-05-21 13:40:51,0
4,40.219644,116.251762,39.98391696977997,116.3644588585819,2009-01-17 04:24:53,0
17,39.9752549,116.3390283,39.98391696977997,116.3644588585819,2009-02-03 00:23:01,0
144,40.0273616,116.43471,39.98391696977997,116.3644588585819,2009-02-12 11:05:33,0
43,39.952162,116.311167,39.98391696977997,116.3644588585819,2009-02-19 10:09:13,0
69,39.918054,116.300459,39.98391696977997,116.3644588585819,2008-05-27 12:05:05,0
68,39.931553,116.483352,39.98391696977997,116.3644588585819,2009-08-29 10:15:18,0
25,40.0505283,116.29239,39.98391696977997,116.3644588585819,2009-04-07 06:32:43,0
34,39.93464,116.3269533,39.98391696977997,116.3644588585819,2009-07-18 02:44:19,0
147,39.982232,116.34774,39.98391696977997,116.3644588585819,2011-03-01 21:51:55,0
17,39.9007016,116.1814616,39.98391696977997,116.3644588585819,2009-02-25 07:36:01,0
179,40.072133,116.30925,39.98391696977997,116.3644588585819,2008-10-14 12:09:32,0
115,39.98667,116.5042983,39.98391696977997,116.3644588585819,2008-06-20 10:50:53,0
140,40.3678349,116.8335483,39.98391696977997,116.3644588585819,2008-08-31 03:23:42,0
25,39.9864516,116.3042016,39.98391696977997,116.3644588585819,2009-04-10 11:50:40,0
12,39.98711,116.3211,39.98391696977997,116.3644588585819,2008-12-15 01:41:39,0
39,40.072962,116.41038,39.98391696977997,116.3644588585819,2009-06-01 11:51:01,0
14,39.9667499,116.3778116,39.98391696977997,116.3644588585819,2008-12-24 09:55:02,0
13,39.968,116.410208,39.98391696977997,116.3644588585819,2008-11-16 23:35:55,0
15,39.975528,116.337406,39.98391696977997,116.3644588585819,2008-11-13 12:32:59,0
167,39.990347,116.331882,39.98391696977997,116.3644588585819,2008-06-01 05:09:11,0
46,39.985174,116.345358,39.98391696977997,116.3644588585819,2010-06-01 11:15:42,0
179,40.007815,116.319423,39.98391696977997,116.3644588585819,2008-11-29 08:12:46,0
85,39.864725,116.346717,39.98391696977997,116.3644588585819,2008-12-04 23:52:08,0
36,39.975172,116.375375,39.98391696977997,116.3644588585819,2009-02-20 07:39:54,0
36,39.959592,116.43243,39.98391696977997,116.3644588585819,2009-07-09 06:43:48,0
67,39.8653185367584,116.487693786621,39.98391696977997,116.3644588585819,2010-12-24 21:10:24,0
22,39.971699,116.305812,39.98391696977997,116.3644588585819,2009-04-27 13:44:33,0
153,39.980141,116.449378,39.98391696977997,116.3644588585819,2010-04-28 11:13:28,0
129,39.918329,116.301267,39.98391696977997,116.3644588585819,2008-05-27 13:50:41,0
14,40.1457866,116.5390883,39.98391696977997,116.3644588585819,2009-03-05 23:14:38,0
3,40.079427,116.586253,39.98391696977997,116.3644588585819,2009-04-29 14:48:10,0
140,39.8855699,116.4138666,39.98391696977997,116.3644588585819,2008-09-15 06:27:27,0
168,39.906289,116.287736,39.98391696977997,116.3644588585819,2011-07-13 01:55:39,0
113,40.052705,116.400717,39.98391696977997,116.3644588585819,2010-05-10 20:01:14,0
140,39.9200416,116.3501733,39.98391696977997,116.3644588585819,2009-07-08 21:53:02,0
84,39.916411,116.308553,39.98391696977997,116.3644588585819,2009-04-05 07:30:09,0
29,39.847608,116.465082,39.98391696977997,116.3644588585819,2009-03-12 23:57:21,0
179,40.002548,116.33346,39.98391696977997,116.3644588585819,2008-10-19 03:23:21,0
68,39.983931,116.298738,39.98391696977997,116.3644588585819,2009-08-14 18:13:30,0
16,39.978812,116.315093,39.98391696977997,116.3644588585819,2008-11-24 06:25:08,0
156,39.867219,116.491842,39.98391696977997,116.3644588585819,2009-07-11 08:40:13,0
179,40.085817,116.31292,39.98391696977997,116.3644588585819,2008-08-21 09:06:48,0
46,40.014201,116.345847,39.98391696977997,116.3644588585819,2010-05-26 01:26:47,0
20,39.97692,116.330855,39.98391696977997,116.3644588585819,2011-10-25 14:33:38,0
17,39.9551866,116.4122999,39.98391696977997,116.3644588585819,2009-04-13 13:13:10,0
153,40.019053,116.52435,39.98391696977997,116.3644588585819,2009-04-19 01:49:41,0
168,40.008728,116.401536,39.98391696977997,116.3644588585819,2011-08-05 22:44:43,0
84,39.979671,116.327323,39.98391696977997,116.3644588585819,2009-07-24 12:32:01,0
30,39.891064,116.268139,39.98391696977997,116.3644588585819,2009-06-28 14:09:14,0
128,39.9886166,116.1980249,39.98391696977997,116.3644588585819,2008-05-16 06:15:55,0
71,39.979165,116.330783333333,39.98391696977997,116.3644588585819,2011-12-28 11:15:39,0
41,39.8294999,116.3320933,39.98391696977997,116.3644588585819,2009-04-09 10:10:51,0
153,39.975339,116.332371,39.98391696977997,116.3644588585819,2008-07-23 13:14:04,0
14,40.0380716,116.4725283,39.98391696977997,116.3644588585819,2008-12-16 02:17:21,0
34,39.8964883,116.3425366,39.98391696977997,116.3644588585819,2009-03-02 04:07:11,0
128,40.0738133,116.3130366,39.98391696977997,116.3644588585819,2008-11-14 01:43:38,0
153,39.975126,116.330073,39.98391696977997,116.3644588585819,2008-11-27 13:02:50,0
2,39.926393,116.333054,39.98391696977997,116.3644588585819,2008-10-27 11:27:18,0
128,39.9007599,116.2345433,39.98391696977997,116.3644588585819,2009-07-05 12:50:35,0
36,39.977967,116.339832,39.98391696977997,116.3644588585819,2009-04-19 07:36:13,0
42,39.6902199,116.3257866,39.98391696977997,116.3644588585819,2009-02-17 08:14:49,0
54,39.935221,116.450815,39.98391696977997,116.3644588585819,2009-06-20 13:32:23,0
13,39.975071,116.343717,39.98391696977997,116.3644588585819,2008-10-14 08:59:31,0
73,39.8667066,116.4862466,39.98391696977997,116.3644588585819,2008-05-31 09:54:10,0
110,40.3359133,116.8322316,39.98391696977997,116.3644588585819,2008-01-18 17:10:25,0
179,40.084762,116.313245,39.98391696977997,116.3644588585819,2008-08-28 02:20:42,0
65,39.9752833333333,116.320665,39.98391696977997,116.3644588585819,2011-08-29 01:11:39,0
163,40.226696,116.512156,39.98391696977997,116.3644588585819,2010-08-06 08:56:08,0
20,39.9751416666667,116.32712,39.98391696977997,116.3644588585819,2011-09-05 14:40:48,0
112,39.9788833,116.3271966,39.98391696977997,116.3644588585819,2008-07-13 10:28:40,0
33,39.974202,116.333653,39.98391696977997,116.3644588585819,2009-01-09 08:06:41,0
153,39.917787,116.471943,39.98391696977997,116.3644588585819,2009-06-22 09:16:06,0
11,39.98371,116.3515933,39.98391696977997,116.3644588585819,2008-09-26 11:01:31,0
124,39.878961,116.368276,39.98391696977997,116.3644588585819,2008-10-06 00:14:17,0
163,40.024121,116.538639,39.98391696977997,116.3644588585819,2009-04-19 01:50:48,0
153,39.9750316,116.3291966,39.98391696977997,116.3644588585819,2008-05-24 06:59:07,0
13,39.961622,116.381178,39.98391696977997,116.3644588585819,2008-10-20 23:38:26,0
85,40.069543,116.307338,39.98391696977997,116.3644588585819,2009-09-23 14:32:33,0
28,39.924985,116.304206,39.98391696977997,116.3644588585819,2009-02-10 09:57:50,0
68,40.034893,116.301648,39.98391696977997,116.3644588585819,2009-08-08 10:12:32,0
4,39.798666,116.283013,39.98391696977997,116.3644588585819,2009-04-11 13:18:30,0
96,40.008312,116.31934,39.98391696977997,116.3644588585819,2008-07-11 00:24:11,0
119,39.9155,116.444205,39.98391696977997,116.3644588585819,2008-09-02 13:34:21,0
51,39.9888066,116.3002866,39.98391696977997,116.3644588585819,2008-01-19 19:10:48,0
128,39.947195,116.4524899,39.98391696977997,116.3644588585819,2010-05-18 14:37:53,0
153,40.019422,116.449053,39.98391696977997,116.3644588585819,2011-09-13 09:26:54,0
126,39.945409,116.40213,39.98391696977997,116.3644588585819,2008-04-26 13:52:39,0
50,40.3002319333333,116.056564333333,39.98391696977997,116.3644588585819,2009-08-24 05:09:08,0
62,39.981905,116.3102616,39.98391696977997,116.3644588585819,2008-08-04 06:59:41,0
128,39.9369816,116.3209133,39.98391696977997,116.3644588585819,2010-01-08 10:03:53,0
9,39.97809,116.348674,39.98391696977997,116.3644588585819,2008-11-16 02:28:53,0
144,40.0272883,116.4317666,39.98391696977997,116.3644588585819,2008-12-10 13:09:50,0
30,39.928027,116.642491,39.98391696977997,116.3644588585819,2009-04-03 12:47:12,0
30,39.896061,116.330424,39.98391696977997,116.3644588585819,2009-06-16 22:43:45,0
18,40.2928783,116.2226166,39.98391696977997,116.3644588585819,2008-11-08 02:16:31,0
4,39.983583,116.310549,39.98391696977997,116.3644588585819,2009-03-07 10:39:00,0
24,40.039237,116.324433,39.98391696977997,116.3644588585819,2009-02-03 10:12:36,0
68,39.962251,116.475571,39.98391696977997,116.3644588585819,2009-07-04 21:35:53,0
30,40.002576,116.324423,39.98391696977997,116.3644588585819,2009-01-14 10:26:17,0
65,39.981491,116.306619,39.98391696977997,116.3644588585819,2009-09-26 11:29:21,0
74,39.9769516666667,116.30471,39.98391696977997,116.3644588585819,2012-02-19 03:41:24,0
119,39.970867,116.483714,39.98391696977997,116.3644588585819,2008-09-08 05:49:45,0
35,40.013679,116.298054,39.98391696977997,116.3644588585819,2009-04-14 13:40:16,0
14,39.9828499,116.3474049,39.98391696977997,116.3644588585819,2009-03-03 05:32:23,0
42,39.795275,116.2838316,39.98391696977997,116.3644588585819,2009-02-27 07:13:10,0
50,40.2793006833333,116.077674866667,39.98391696977997,116.3644588585819,2009-08-24 05:06:31,0
30,39.9995,116.317643,39.98391696977997,116.3644588585819,2009-01-13 12:21:34,0
75,39.9743133333333,116.331323333333,39.98391696977997,116.3644588585819,2011-09-03 06:36:39,0
7,39.984964,116.338108,39.98391696977997,116.3644588585819,2008-11-10 11:13:45,0
65,39.9677216666667,116.409775,39.98391696977997,116.3644588585819,2011-08-30 12:57:56,0
73,39.9860516,116.4372033,39.98391696977997,116.3644588585819,2008-05-30 12:30:15,0
14,39.9661499,116.3386033,39.98391696977997,116.3644588585819,2009-01-22 10:22:37,0
62,39.9494633,116.372645,39.98391696977997,116.3644588585819,2008-08-02 11:30:03,0
25,39.9847616,116.3102633,39.98391696977997,116.3644588585819,2009-05-07 04:33:18,0
167,39.895521,116.391667,39.98391696977997,116.3644588585819,2008-10-18 10:07:47,0
126,39.979454,116.327385,39.98391696977997,116.3644588585819,2009-02-16 17:28:46,0
153,39.959602,116.449885,39.98391696977997,116.3644588585819,2008-11-27 04:31:09,0
163,39.987411295,116.449015299,39.98391696977997,116.3644588585819,2012-02-24 22:36:43,0
9,39.996399,116.329639,39.98391696977997,116.3644588585819,2008-12-05 04:41:32,0
41,39.8636266,116.2489133,39.98391696977997,116.3644588585819,2009-03-06 05:58:08,0
10,40.038206,116.436178,39.98391696977997,116.3644588585819,2008-08-01 03:20:49,0
44,39.964446,116.317666,39.98391696977997,116.3644588585819,2009-02-15 07:41:29,0
36,39.930663,116.410897,39.98391696977997,116.3644588585819,2009-02-17 07:00:49,0
144,40.128389,116.414216,39.98391696977997,116.3644588585819,2009-06-20 11:13:30,0
153,39.932333,116.446494,39.98391696977997,116.3644588585819,2008-10-14 11:12:54,0
15,40.008389,116.323897,39.98391696977997,116.3644588585819,2009-03-04 10:17:57,0
153,39.919768,116.40444,39.98391696977997,116.3644588585819,2009-07-31 10:20:38,0
126,39.970333,116.419125,39.98391696977997,116.3644588585819,2008-09-29 13:15:15,0
36,40.038825,116.334125,39.98391696977997,116.3644588585819,2009-04-26 10:25:56,0
157,39.9806833333333,116.338,39.98391696977997,116.3644588585819,2007-08-03 06:19:33,0
24,40.355411,116.6509,39.98391696977997,116.3644588585819,2009-05-14 03:49:03,0
4,39.999838,116.323352,39.98391696977997,116.3644588585819,2009-04-11 06:23:49,0
30,39.94827,116.799765,39.98391696977997,116.3644588585819,2009-04-05 01:25:47,0
34,39.980925,116.3025366,39.98391696977997,116.3644588585819,2009-04-13 05:56:13,0
165,39.99144,116.331571666667,39.98391696977997,116.3644588585819,2011-11-20 07:16:09,0
35,39.97486,116.310903,39.98391696977997,116.3644588585819,2009-03-02 03:02:10,0
14,39.9850949,116.3355233,39.98391696977997,116.3644588585819,2009-01-20 10:41:45,0
52,39.98505,116.352711,39.98391696977997,116.3644588585819,2008-06-09 12:52:33,0
44,39.976158,116.333295,39.98391696977997,116.3644588585819,2009-04-13 01:27:17,0
68,39.89886,116.455233,39.98391696977997,116.3644588585819,2009-09-13 12:02:17,0
39,39.939443,116.407408,39.98391696977997,116.3644588585819,2009-06-18 01:04:02,0
44,40.006705,116.330828,39.98391696977997,116.3644588585819,2009-02-28 08:06:27,0
84,39.932442,116.429918,39.98391696977997,116.3644588585819,2008-10-15 00:31:53,0
37,39.9417833,116.4553199,39.98391696977997,116.3644588585819,2009-07-10 08:58:20,0
34,39.9836466,116.30903,39.98391696977997,116.3644588585819,2009-04-17 02:44:30,0
71,39.9792183333333,116.333131666667,39.98391696977997,116.3644588585819,2012-04-07 19:41:25,0
153,39.960716,116.451547,39.98391696977997,116.3644588585819,2008-11-27 04:28:35,0
30,39.973826,116.311907,39.98391696977997,116.3644588585819,2009-05-21 13:07:57,0
85,39.938511,116.319324,39.98391696977997,116.3644588585819,2008-12-17 01:04:19,0
46,39.97526,116.342778,39.98391696977997,116.3644588585819,2010-05-18 01:18:41,0
17,39.9334249,116.3432149,39.98391696977997,116.3644588585819,2009-02-10 08:30:54,0
68,39.967676,116.418202,39.98391696977997,116.3644588585819,2008-10-11 13:56:38,0
3,40.002811,116.324412,39.98391696977997,116.3644588585819,2009-06-16 10:17:46,0
41,40.4990466,116.8158683,39.98391696977997,116.3644588585819,2009-06-07 00:42:47,0
35,39.990741,116.329906,39.98391696977997,116.3644588585819,2009-03-09 11:47:51,0
67,39.97705,116.331488333333,39.98391696977997,116.3644588585819,2011-04-18 12:01:57,0
153,39.978744,116.449551,39.98391696977997,116.3644588585819,2011-04-03 04:27:44,0
85,39.916648,116.338932,39.98391696977997,116.3644588585819,2008-12-16 11:49:21,0
62,39.9012066,116.4263233,39.98391696977997,116.3644588585819,2008-09-02 09:52:30,0
104,39.9470433,116.3182866,39.98391696977997,116.3644588585819,2008-05-09 15:07:43,0
41,39.7240399,115.9987283,39.98391696977997,116.3644588585819,2009-03-02 06:25:18,0
17,39.9283266,116.4556199,39.98391696977997,116.3644588585819,2009-05-28 14:16:19,0
13,40.029877,116.411919,39.98391696977997,116.3644588585819,2009-02-22 06:18:38,0
10,39.894168,116.434748,39.98391696977997,116.3644588585819,2007-09-05 17:15:44,0
153,39.99715471,116.263802719,39.98391696977997,116.3644588585819,2012-04-08 16:13:42,0
52,39.985548,116.353291,39.98391696977997,116.3644588585819,2008-06-09 17:43:13,0
38,39.9843633,116.3100366,39.98391696977997,116.3644588585819,2009-02-28 12:18:58,0
28,39.950633,116.31813,39.98391696977997,116.3644588585819,2009-04-20 23:43:56,0
115,39.985055,116.3384483,39.98391696977997,116.3644588585819,2008-06-26 10:31:43,0
52,39.984861,116.352508,39.98391696977997,116.3644588585819,2008-05-30 11:54:25,0
167,39.987329,116.418589,39.98391696977997,116.3644588585819,2008-07-06 12:22:13,0
168,39.984369,116.318032,39.98391696977997,116.3644588585819,2011-06-21 10:50:25,0
41,39.8466683,116.4783433,39.98391696977997,116.3644588585819,2009-05-24 02:45:01,0
153,39.978174,116.447756,39.98391696977997,116.3644588585819,2011-08-11 09:59:17,0
84,40.011597,116.35503,39.98391696977997,116.3644588585819,2009-09-08 12:13:49,0
68,39.978964,116.41823,39.98391696977997,116.3644588585819,2009-06-07 05:06:40,0
128,40.1030883,116.0913816,39.98391696977997,116.3644588585819,2008-11-16 03:04:58,0
17,40.017635,116.3407983,39.98391696977997,116.3644588585819,2009-01-16 08:27:09,0
1,39.99861,116.325555,39.98391696977997,116.3644588585819,2008-11-17 13:04:36,0
128,40.0568449,116.3203449,39.98391696977997,116.3644588585819,2010-03-21 09:10:35,0
7,39.964632,116.157052,39.98391696977997,116.3644588585819,2008-11-08 07:37:15,0
8,40.003355,116.330824,39.98391696977997,116.3644588585819,2008-12-06 12:02:37,0
68,39.951209,116.419126,39.98391696977997,116.3644588585819,2009-08-24 01:52:55,0
20,39.9750916666667,116.333476666667,39.98391696977997,116.3644588585819,2011-09-04 03:53:05,0
163,39.971836,116.44163,39.98391696977997,116.3644588585819,2010-07-29 12:17:34,0
163,39.984186318,116.450956671,39.98391696977997,116.3644588585819,2012-02-19 12:23:58,0
10,39.871439,116.368213,39.98391696977997,116.3644588585819,2009-02-09 00:23:57,0
41,39.9906316,116.2916783,39.98391696977997,116.3644588585819,2009-04-22 22:37:08,0
30,39.94597,116.783219,39.98391696977997,116.3644588585819,2009-04-19 04:57:33,0
4,39.992056,116.326259,39.98391696977997,116.3644588585819,2009-04-10 13:56:20,0
179,40.037411,116.334454,39.98391696977997,116.3644588585819,2008-08-23 02:02:59,0
68,39.981239,116.418429,39.98391696977997,116.3644588585819,2009-07-26 01:33:46,0
17,39.9674383,116.4057566,39.98391696977997,116.3644588585819,2008-12-09 09:16:41,0
38,39.9684316,116.3089116,39.98391696977997,116.3644588585819,2009-04-10 13:06:58,0
52,39.985039,116.352615,39.98391696977997,116.3644588585819,2008-06-05 04:40:45,0
128,40.0707599,116.3288316,39.98391696977997,116.3644588585819,2009-09-29 23:17:33,0
10,40.289518,116.524845,39.98391696977997,116.3644588585819,2009-02-14 03:55:54,0
85,39.909013,116.346701,39.98391696977997,116.3644588585819,2008-11-10 02:24:51,0
128,40.2718566,116.0915866,39.98391696977997,116.3644588585819,2010-08-08 01:33:58,0
30,39.996302,116.326667,39.98391696977997,116.3644588585819,2009-05-16 09:16:08,0
41,39.95532,116.4823666,39.98391696977997,116.3644588585819,2009-02-17 00:23:16,0
85,39.975221,116.336061,39.98391696977997,116.3644588585819,2008-07-24 13:54:20,0
66,39.78162,116.490275,39.98391696977997,116.3644588585819,2009-08-20 17:14:52,0
130,40.005609,116.342311,39.98391696977997,116.3644588585819,2009-09-12 00:29:20,0
128,39.9920449,116.3313099,39.98391696977997,116.3644588585819,2010-07-15 01:49:32,0
41,39.8595199,116.2585616,39.98391696977997,116.3644588585819,2009-06-05 10:05:03,0
3,40.001528,116.326637,39.98391696977997,116.3644588585819,2008-12-03 01:03:59,0
22,39.973497,116.334033,39.98391696977997,116.3644588585819,2009-04-13 05:02:17,0
43,39.887433,116.67935,39.98391696977997,116.3644588585819,2009-06-18 06:37:26,0
17,39.8627433,116.4501583,39.98391696977997,116.3644588585819,2008-12-15 07:03:19,0
92,39.95636,116.3246566,39.98391696977997,116.3644588585819,2008-04-05 00:43:43,0
168,39.859985,116.358491,39.98391696977997,116.3644588585819,2011-07-12 12:20:53,0
67,39.9750766666667,116.324266666667,39.98391696977997,116.3644588585819,2011-05-06 03:43:31,0
65,40.000065,116.326661666667,39.98391696977997,116.3644588585819,2011-09-21 00:33:37,0
17,39.9198783,116.3585499,39.98391696977997,116.3644588585819,2008-11-08 10:47:10,0
153,39.971115,116.374588,39.98391696977997,116.3644588585819,2009-07-09 10:50:51,0
25,39.99586,116.2982949,39.98391696977997,116.3644588585819,2009-07-02 03:49:30,0
71,39.98099,116.331306666667,39.98391696977997,116.3644588585819,2012-04-30 16:59:50,0
68,39.9692,116.419829,39.98391696977997,116.3644588585819,2008-09-18 05:35:45,0
17,39.9476783,116.39435,39.98391696977997,116.3644588585819,2009-03-23 02:29:07,0
30,40.006363,116.32087,39.98391696977997,116.3644588585819,2009-05-14 10:35:46,0
141,39.9754733333333,116.364723333333,39.98391696977997,116.3644588585819,2011-09-10 08:47:15,0
153,39.948116,116.417377,39.98391696977997,116.3644588585819,2009-10-04 08:50:41,0
1,39.980808,116.327407,39.98391696977997,116.3644588585819,2008-11-12 12:47:32,0
25,40.0482416,116.2930783,39.98391696977997,116.3644588585819,2009-04-14 07:58:42,0
17,39.9855533,116.3403616,39.98391696977997,116.3644588585819,2009-06-12 13:15:58,0
30,39.998068,116.319306,39.98391696977997,116.3644588585819,2009-02-07 07:18:07,0
128,39.97452,116.3306499,39.98391696977997,116.3644588585819,2010-05-01 08:18:59,0
35,39.982198,116.327063,39.98391696977997,116.3644588585819,2009-04-11 02:06:00,0
62,39.9934566,116.3945099,39.98391696977997,116.3644588585819,2008-08-22 23:51:22,0
36,39.914946,116.347157,39.98391696977997,116.3644588585819,2009-07-09 04:01:08,0
42,39.8652516,116.5624433,39.98391696977997,116.3644588585819,2009-04-13 04:24:15,0
41,39.8651433,116.2607116,39.98391696977997,116.3644588585819,2009-02-16 23:16:15,0
42,39.8686866,116.34492,39.98391696977997,116.3644588585819,2009-04-03 06:43:22,0
85,40.087641,116.104237,39.98391696977997,116.3644588585819,2009-04-11 05:16:28,0
55,39.9745016666667,116.331105,39.98391696977997,116.3644588585819,2011-08-28 22:26:16,0
10,39.86875,116.365659,39.98391696977997,116.3644588585819,2008-09-27 00:42:28,0
19,40.4341116,116.5635616,39.98391696977997,116.3644588585819,2008-11-14 03:28:25,0
22,40.06932,116.350638,39.98391696977997,116.3644588585819,2009-07-15 00:02:19,0
144,40.168666,116.321825,39.98391696977997,116.3644588585819,2009-06-13 04:18:53,0
30,39.991755,116.329357,39.98391696977997,116.3644588585819,2009-02-06 11:36:12,0
14,39.9623599,116.3548966,39.98391696977997,116.3644588585819,2008-11-13 00:20:09,0
30,39.959651,116.316676,39.98391696977997,116.3644588585819,2009-07-23 09:11:23,0
42,39.9018183,116.3375483,39.98391696977997,116.3644588585819,2009-04-08 08:41:29,0
25,40.0894533,116.0976683,39.98391696977997,116.3644588585819,2009-06-19 10:14:32,0
34,39.9217582,116.3287616,39.98391696977997,116.3644588585819,2009-07-18 03:27:55,0
30,40.008943,116.32265,39.98391696977997,116.3644588585819,2009-02-11 04:21:49,0
22,39.973449,116.334339,39.98391696977997,116.3644588585819,2009-07-16 21:14:52,0
68,39.952762,116.417781,39.98391696977997,116.3644588585819,2009-06-27 03:31:57,0
38,39.9245233,116.304455,39.98391696977997,116.3644588585819,2009-02-10 13:05:32,0
68,40.00753,116.312747,39.98391696977997,116.3644588585819,2009-08-14 08:39:29,0
128,39.9854083,116.3380649,39.98391696977997,116.3644588585819,2010-04-15 01:54:29,0
153,39.96743,116.3918133,39.98391696977997,116.3644588585819,2008-06-01 05:59:26,0
30,39.992735,116.298445,39.98391696977997,116.3644588585819,2009-04-10 08:02:48,0
167,39.995059,116.32673,39.98391696977997,116.3644588585819,2008-05-15 10:54:31,0
17,39.9861149,116.3714733,39.98391696977997,116.3644588585819,2009-06-08 23:56:42,0
13,39.966956,116.369905,39.98391696977997,116.3644588585819,2008-10-19 23:50:08,0
46,40.029789,116.340904,39.98391696977997,116.3644588585819,2010-05-27 00:53:38,0
119,40.000094,116.385511,39.98391696977997,116.3644588585819,2008-07-31 05:59:07,0
68,39.935912,116.41939,39.98391696977997,116.3644588585819,2009-08-26 00:49:44,0
65,39.975075,116.31651,39.98391696977997,116.3644588585819,2011-09-09 14:12:42,0
168,39.986004,116.357436,39.98391696977997,116.3644588585819,2011-05-30 23:28:28,0
14,39.9600866,116.3549366,39.98391696977997,116.3644588585819,2008-12-25 10:38:59,0
85,40.087162,116.105036,39.98391696977997,116.3644588585819,2009-04-11 07:19:25,0
84,39.984984,116.346236,39.98391696977997,116.3644588585819,2008-09-08 22:35:08,0
66,39.906055,116.344828,39.98391696977997,116.3644588585819,2009-05-08 11:18:17,0
36,39.97985,116.337906,39.98391696977997,116.3644588585819,2009-03-14 04:41:16,0
42,39.9071116,116.4886816,39.98391696977997,116.3644588585819,2009-01-31 05:19:38,0
32,39.973407,116.333747,39.98391696977997,116.3644588585819,2008-12-18 06:28:09,0
153,40.020999,116.397776,39.98391696977997,116.3644588585819,2011-03-13 09:56:40,0
71,39.9316916666667,116.371173333333,39.98391696977997,116.3644588585819,2012-04-08 08:50:03,0
22,39.973047,116.335465,39.98391696977997,116.3644588585819,2009-04-25 08:13:53,0
25,39.9678449,116.3985949,39.98391696977997,116.3644588585819,2009-05-26 05:35:09,0
3,39.986128,116.368064,39.98391696977997,116.3644588585819,2009-04-03 08:12:55,0
163,39.987859706,116.427280045,39.98391696977997,116.3644588585819,2012-06-19 07:53:10,0
85,39.9508183,116.3187233,39.98391696977997,116.3644588585819,2008-09-11 23:09:35,0
128,39.9048783,116.470905,39.98391696977997,116.3644588585819,2009-09-05 09:53:05,0
153,39.937359,116.410518,39.98391696977997,116.3644588585819,2008-09-12 05:11:42,0
17,39.9848383,116.3217116,39.98391696977997,116.3644588585819,2009-03-16 12:20:27,0
41,40.0473583,116.8100933,39.98391696977997,116.3644588585819,2009-04-08 07:21:58,0
17,40.0571416,116.3201166,39.98391696977997,116.3644588585819,2008-12-05 09:18:21,0
37,39.9837616,116.310165,39.98391696977997,116.3644588585819,2009-04-05 00:46:33,0
167,40.00458,116.322752,39.98391696977997,116.3644588585819,2008-06-05 13:06:06,0
39,40.053236,116.406616,39.98391696977997,116.3644588585819,2009-05-15 12:32:56,0
42,39.7110283,116.2965049,39.98391696977997,116.3644588585819,2009-03-26 05:30:57,0
17,39.9757733,116.3874983,39.98391696977997,116.3644588585819,2009-06-29 00:42:43,0
25,40.0397,116.3019683,39.98391696977997,116.3644588585819,2009-03-17 01:42:42,0
169,39.988318,116.381238,39.98391696977997,116.3644588585819,2010-06-03 10:47:40,0
113,40.032267,116.404416,39.98391696977997,116.3644588585819,2010-05-18 11:04:39,0
62,39.9874066,116.3035916,39.98391696977997,116.3644588585819,2008-11-04 07:46:02,0
167,39.99708,116.326248,39.98391696977997,116.3644588585819,2008-07-21 01:21:06,0
20,39.9748233333333,116.312996666667,39.98391696977997,116.3644588585819,2011-09-04 14:34:27,0
42,39.7561083,116.3259849,39.98391696977997,116.3644588585819,2009-04-14 03:00:45,0
30,39.923692,116.716177,39.98391696977997,116.3644588585819,2009-01-24 01:20:08,0
166,39.977115,116.3276433,39.98391696977997,116.3644588585819,2008-06-01 10:08:03,0
8,39.956761,116.360408,39.98391696977997,116.3644588585819,2008-12-05 13:44:55,0
153,40.031075,116.414471,39.98391696977997,116.3644588585819,2010-05-08 12:20:21,0
140,40.1897949,116.6783882,39.98391696977997,116.3644588585819,2009-05-03 11:40:05,0
30,39.968205,116.337095,39.98391696977997,116.3644588585819,2009-03-22 08:27:53,0
119,39.864867,116.49235,39.98391696977997,116.3644588585819,2008-09-16 00:32:47,0
119,39.953619,116.493273,39.98391696977997,116.3644588585819,2008-08-01 14:11:32,0
153,39.956088,116.448554,39.98391696977997,116.3644588585819,2011-07-09 10:12:43,0
30,40.001523,116.316172,39.98391696977997,116.3644588585819,2009-01-21 02:14:05,0
68,40.000271,116.363563,39.98391696977997,116.3644588585819,2008-11-30 07:48:03,0
4,39.959517,116.351126,39.98391696977997,116.3644588585819,2009-03-04 09:05:53,0
167,39.970838,116.422268,39.98391696977997,116.3644588585819,2008-06-01 06:58:50,0
167,39.901314,116.478856,39.98391696977997,116.3644588585819,2008-05-03 05:54:25,0
96,40.008036,116.319394,39.98391696977997,116.3644588585819,2008-12-05 15:10:17,0
40,39.951111,116.361787,39.98391696977997,116.3644588585819,2009-05-13 19:38:36,0
85,40.013134,116.324402,39.98391696977997,116.3644588585819,2009-08-24 00:22:04,0
167,40.005945,116.321189,39.98391696977997,116.3644588585819,2009-02-04 04:19:14,0
13,39.971297,116.37519,39.98391696977997,116.3644588585819,2009-01-13 23:39:36,0
156,40.358155,115.996148,39.98391696977997,116.3644588585819,2009-07-09 03:21:15,0
82,40.069676,116.308454,39.98391696977997,116.3644588585819,2009-03-24 00:56:20,0
168,40.011967,116.280557,39.98391696977997,116.3644588585819,2011-08-13 07:01:27,0
41,40.18862,116.4849433,39.98391696977997,116.3644588585819,2009-07-04 09:12:58,0
141,39.9771983333333,116.331545,39.98391696977997,116.3644588585819,2011-10-22 08:53:18,0
128,39.9886583,116.3320466,39.98391696977997,116.3644588585819,2010-07-28 02:07:52,0
52,39.979268,116.35547,39.98391696977997,116.3644588585819,2008-05-27 12:57:45,0
153,39.892684,116.468825,39.98391696977997,116.3644588585819,2009-01-12 14:06:44,0
167,40.001585,116.322221,39.98391696977997,116.3644588585819,2008-09-30 09:17:08,0
153,39.92791,116.4719899,39.98391696977997,116.3644588585819,2008-07-07 10:00:16,0
84,39.968977,116.258935,39.98391696977997,116.3644588585819,2008-11-02 04:53:34,0
1,39.983683,116.328188,39.98391696977997,116.3644588585819,2008-11-07 04:05:16,0
17,39.9428666,116.3644466,39.98391696977997,116.3644588585819,2008-11-14 06:23:02,0
65,39.9786916666667,116.308801666667,39.98391696977997,116.3644588585819,2011-09-23 09:53:04,0
20,39.9797866666667,116.313946666667,39.98391696977997,116.3644588585819,2011-12-09 02:09:22,0
3,39.884867,116.436422,39.98391696977997,116.3644588585819,2009-01-12 08:11:31,0
22,39.971362,116.304041,39.98391696977997,116.3644588585819,2009-06-20 01:43:17,0
163,40.168538,116.329937,39.98391696977997,116.3644588585819,2010-06-15 08:39:00,0
20,39.9436416666667,116.346665,39.98391696977997,116.3644588585819,2011-09-11 02:54:28,0
68,39.995327,116.418205,39.98391696977997,116.3644588585819,2009-04-17 05:21:42,0
62,39.975755,116.3108066,39.98391696977997,116.3644588585819,2008-11-05 04:48:34,0
153,39.906978,116.446921,39.98391696977997,116.3644588585819,2011-07-19 02:38:30,0
2,39.93659,116.329468,39.98391696977997,116.3644588585819,2008-12-06 12:54:38,0
13,39.955665,116.418601,39.98391696977997,116.3644588585819,2008-10-20 10:02:38,0
10,39.889378,116.368333,39.98391696977997,116.3644588585819,2009-02-09 00:37:26,0
78,39.970874,116.324862,39.98391696977997,116.3644588585819,2008-08-24 15:52:53,0
163,39.986258429,116.367213178,39.98391696977997,116.3644588585819,2012-06-21 08:26:51,0
17,39.982665,116.3871499,39.98391696977997,116.3644588585819,2008-12-26 01:42:11,0
62,39.9752716,116.3448133,39.98391696977997,116.3644588585819,2008-08-01 10:21:48,0
68,40.034524,116.301142,39.98391696977997,116.3644588585819,2009-08-15 07:57:51,0
3,40.080363,116.236303,39.98391696977997,116.3644588585819,2009-07-05 05:52:41,0
30,40.009476,116.315221,39.98391696977997,116.3644588585819,2009-07-21 20:18:27,0
34,39.9602416,116.2690349,39.98391696977997,116.3644588585819,2009-04-02 05:15:18,0
112,39.9973949,116.4064866,39.98391696977997,116.3644588585819,2008-06-29 01:37:19,0
25,39.9505016,116.4018449,39.98391696977997,116.3644588585819,2009-06-18 06:44:37,0
36,39.981948,116.341834,39.98391696977997,116.3644588585819,2009-04-11 10:57:38,0
128,40.0721983,116.3285399,39.98391696977997,116.3644588585819,2009-08-24 14:32:58,0
45,39.96648,116.329214,39.98391696977997,116.3644588585819,2010-06-26 06:55:59,0
153,39.975503,116.330075,39.98391696977997,116.3644588585819,2010-04-24 08:50:44,0
163,39.988542034,116.476413604,39.98391696977997,116.3644588585819,2012-06-02 17:49:07,0
3,39.995158,116.326509,39.98391696977997,116.3644588585819,2009-03-26 10:52:03,0
20,39.9751266666667,116.327615,39.98391696977997,116.3644588585819,2011-09-14 16:00:12,0
140,39.9719733,116.4192899,39.98391696977997,116.3644588585819,2009-02-20 01:53:02,0
68,39.987306,116.416986,39.98391696977997,116.3644588585819,2009-08-31 08:26:30,0
5,39.990003,116.334167,39.98391696977997,116.3644588585819,2008-11-17 11:59:28,0
71,39.9231116666667,116.382958333333,39.98391696977997,116.3644588585819,2012-04-08 02:25:57,0
153,39.991851,116.446838,39.98391696977997,116.3644588585819,2009-12-30 11:10:51,0
0,39.947026,116.79452,39.98391696977997,116.3644588585819,2009-04-25 18:01:16,0
71,39.98144,116.329318333333,39.98391696977997,116.3644588585819,2012-03-21 01:32:05,0
30,39.99993,116.327002,39.98391696977997,116.3644588585819,2009-02-01 02:36:12,0
52,39.906968,116.245179,39.98391696977997,116.3644588585819,2008-06-17 05:13:38,0
153,39.966161,116.32092,39.98391696977997,116.3644588585819,2008-08-31 11:10:52,0
163,39.973278,116.441928,39.98391696977997,116.3644588585819,2010-10-26 09:45:36,0
17,39.9853533,116.3441083,39.98391696977997,116.3644588585819,2008-12-22 00:42:11,0
168,39.976809,116.304938,39.98391696977997,116.3644588585819,2011-06-29 11:44:01,0
141,39.9878366666667,116.309936666667,39.98391696977997,116.3644588585819,2011-10-22 08:25:15,0
34,39.8523383,116.3943666,39.98391696977997,116.3644588585819,2009-03-13 05:15:29,0
168,40.021152,116.402446,39.98391696977997,116.3644588585819,2011-06-26 11:48:20,0
163,40.267994,116.101571,39.98391696977997,116.3644588585819,2011-04-30 00:15:33,0
19,40.0267416,116.4570299,39.98391696977997,116.3644588585819,2008-11-14 01:30:39,0
153,39.836457,116.20511,39.98391696977997,116.3644588585819,2011-05-02 13:09:49,0
168,39.984809,116.299799,39.98391696977997,116.3644588585819,2011-08-18 10:26:53,0
167,39.986287,116.417862,39.98391696977997,116.3644588585819,2008-05-17 02:55:03,0
17,39.9117299,116.3602283,39.98391696977997,116.3644588585819,2008-12-19 06:36:07,0
153,39.915652,116.428531,39.98391696977997,116.3644588585819,2010-08-15 06:48:46,0
2,39.929186,116.338193,39.98391696977997,116.3644588585819,2009-03-07 06:23:36,0
168,40.023802,116.402774,39.98391696977997,116.3644588585819,2011-06-21 22:55:31,0
65,39.9729683333333,116.3123,39.98391696977997,116.3644588585819,2011-09-26 00:57:49,0
30,39.908129,116.528033,39.98391696977997,116.3644588585819,2009-03-13 12:05:43,0
141,40.0009033333333,116.363348333333,39.98391696977997,116.3644588585819,2011-10-23 01:03:37,0
128,40.06912,116.3137162,39.98391696977997,116.3644588585819,2010-06-24 12:08:00,0
16,39.971562,116.321493,39.98391696977997,116.3644588585819,2008-12-10 11:33:27,0
68,39.996641,116.417405,39.98391696977997,116.3644588585819,2008-11-08 19:25:49,0
68,39.977366,116.418121,39.98391696977997,116.3644588585819,2009-07-10 00:02:36,0
3,39.998973,116.338235,39.98391696977997,116.3644588585819,2009-02-14 11:19:15,0
17,39.9753799,116.3871633,39.98391696977997,116.3644588585819,2009-04-08 10:22:46,0
24,39.98155,116.346137,39.98391696977997,116.3644588585819,2008-12-18 12:18:01,0
35,39.981942,116.32116,39.98391696977997,116.3644588585819,2009-04-01 00:17:59,0
165,39.96875,116.3277,39.98391696977997,116.3644588585819,2011-11-19 06:28:01,0
65,39.978715,116.328596666667,39.98391696977997,116.3644588585819,2011-09-01 13:32:10,0
68,39.908764,116.350355,39.98391696977997,116.3644588585819,2009-06-14 06:30:37,0
153,39.956169,116.44844,39.98391696977997,116.3644588585819,2011-07-09 10:12:41,0
163,40.126432,116.319367,39.98391696977997,116.3644588585819,2010-04-04 05:41:31,0
85,39.980507,116.310886,39.98391696977997,116.3644588585819,2008-05-22 08:41:16,0
85,39.980205,116.328681,39.98391696977997,116.3644588585819,2008-05-30 14:48:25,0
153,39.895581,116.311115,39.98391696977997,116.3644588585819,2010-02-19 07:12:45,0
73,39.8682566,116.48852,39.98391696977997,116.3644588585819,2008-06-20 06:41:12,0
43,39.874497,116.653113,39.98391696977997,116.3644588585819,2009-06-18 09:33:31,0
4,39.937078,116.329996,39.98391696977997,116.3644588585819,2009-05-10 09:06:10,0
26,39.990138,116.309953,39.98391696977997,116.3644588585819,2009-03-13 10:05:01,0
68,39.984431,116.418051,39.98391696977997,116.3644588585819,2008-11-08 09:20:57,0
103,39.9280749,116.2973033,39.98391696977997,116.3644588585819,2008-09-03 06:26:02,0
179,39.982312,116.306454,39.98391696977997,116.3644588585819,2008-08-28 07:34:24,0
11,39.9854466,116.3531166,39.98391696977997,116.3644588585819,2008-09-29 10:07:17,0
25,39.9851933,116.30524,39.98391696977997,116.3644588585819,2009-04-18 08:27:45,0
42,39.9087666,116.4520183,39.98391696977997,116.3644588585819,2009-04-14 10:07:40,0
2,39.900562,116.367982,39.98391696977997,116.3644588585819,2008-11-18 11:44:07,0
167,39.975306,116.330707,39.98391696977997,116.3644588585819,2008-12-24 09:47:43,0
163,40.052984401,116.427333873,39.98391696977997,116.3644588585819,2012-03-03 16:41:43,0
153,39.979575,116.448778,39.98391696977997,116.3644588585819,2010-07-29 00:17:33,0
25,39.9752949,116.3674966,39.98391696977997,116.3644588585819,2009-04-30 12:11:22,0
20,39.97523,116.326191666667,39.98391696977997,116.3644588585819,2011-08-29 01:43:18,0
104,39.9696416,116.3136666,39.98391696977997,116.3644588585819,2008-10-08 16:43:02,0
50,40.0417556833333,116.514465333333,39.98391696977997,116.3644588585819,2009-08-17 08:05:32,0
64,39.984806,116.372298,39.98391696977997,116.3644588585819,2008-08-18 00:20:23,0
179,40.031638,116.314146,39.98391696977997,116.3644588585819,2008-08-24 12:15:01,0
17,39.9111049,116.3507649,39.98391696977997,116.3644588585819,2008-12-09 03:33:12,0
84,39.987139,116.417166,39.98391696977997,116.3644588585819,2008-09-10 23:50:36,0
126,39.991387,116.327036,39.98391696977997,116.3644588585819,2008-11-25 04:20:11,0
3,39.945532,116.795232,39.98391696977997,116.3644588585819,2009-04-26 04:03:54,0
35,39.981514,116.321055,39.98391696977997,116.3644588585819,2009-04-08 10:13:15,0
25,39.9928599,116.3015033,39.98391696977997,116.3644588585819,2009-04-09 06:03:37,0
128,39.999075,116.1790033,39.98391696977997,116.3644588585819,2009-09-20 02:49:43,0
153,39.984346,116.440825,39.98391696977997,116.3644588585819,2011-01-13 13:50:36,0
15,40.049007,116.303879,39.98391696977997,116.3644588585819,2008-11-06 11:54:02,0
89,39.9855849,116.3517549,39.98391696977997,116.3644588585819,2008-05-09 11:39:00,0
153,39.968214,116.466349,39.98391696977997,116.3644588585819,2009-10-11 08:02:37,0
39,40.072961,116.412777,39.98391696977997,116.3644588585819,2009-05-25 12:06:30,0
128,40.070195,116.3098033,39.98391696977997,116.3644588585819,2008-11-27 01:30:45,0
0,39.993035,116.327025,39.98391696977997,116.3644588585819,2009-05-31 10:12:42,0
4,39.987658,116.410327,39.98391696977997,116.3644588585819,2009-05-23 12:54:52,0
35,39.981606,116.32133,39.98391696977997,116.3644588585819,2009-02-23 00:27:14,0
36,39.980921,116.340581,39.98391696977997,116.3644588585819,2009-03-24 06:02:30,0
92,39.9601383,116.4394199,39.98391696977997,116.3644588585819,2008-03-22 00:28:12,0
30,40.009888,116.314685,39.98391696977997,116.3644588585819,2009-06-01 04:33:48,0
4,39.96766,116.307671,39.98391696977997,116.3644588585819,2009-03-22 03:37:37,0
10,39.931423,116.349148,39.98391696977997,116.3644588585819,2009-01-24 07:32:56,0
85,39.89941,116.340523,39.98391696977997,116.3644588585819,2008-11-14 08:24:03,0
65,39.992030635,116.326941369,39.98391696977997,116.3644588585819,2011-08-08 20:12:58,0
17,39.9469583,116.4271799,39.98391696977997,116.3644588585819,2009-06-18 02:10:37,0
153,39.9363549,116.4686916,39.98391696977997,116.3644588585819,2008-05-15 01:10:57,0
68,39.931771,116.497292,39.98391696977997,116.3644588585819,2009-07-06 08:02:49,0
2,39.922292,116.341408,39.98391696977997,116.3644588585819,2009-03-06 15:11:22,0
17,39.9894133,116.3469516,39.98391696977997,116.3644588585819,2009-06-23 00:17:09,0
30,39.921645,116.652594,39.98391696977997,116.3644588585819,2009-02-01 01:08:12,0
39,40.047655,116.30089,39.98391696977997,116.3644588585819,2009-06-11 00:26:48,0
153,39.9075166666667,116.445366666667,39.98391696977997,116.3644588585819,2008-04-05 03:29:01,0
153,39.85667,116.474855,39.98391696977997,116.3644588585819,2008-10-02 07:28:59,0
22,39.973493,116.333891,39.98391696977997,116.3644588585819,2009-07-07 04:13:00,0
26,39.82166,116.282028,39.98391696977997,116.3644588585819,2009-04-15 06:24:55,0
126,39.984352,116.33272,39.98391696977997,116.3644588585819,2008-10-16 08:32:30,0
126,40.385915,117.0749266,39.98391696977997,116.3644588585819,2008-05-03 11:16:19,0
3,39.820145,116.276661,39.98391696977997,116.3644588585819,2008-12-04 02:33:04,0
41,39.7738166,116.7797649,39.98391696977997,116.3644588585819,2009-04-29 01:52:23,0
4,40.004299,116.32494,39.98391696977997,116.3644588585819,2009-07-04 10:51:44,0
4,39.991638,116.326445,39.98391696977997,116.3644588585819,2009-05-10 13:24:07,0
50,39.9937782333333,116.1993103,39.98391696977997,116.3644588585819,2009-07-31 14:13:16,0
41,39.8478783,116.3229816,39.98391696977997,116.3644588585819,2009-02-18 08:21:11,0
68,39.996363,116.419869,39.98391696977997,116.3644588585819,2009-03-03 23:44:42,0
25,40.0170383,116.3098683,39.98391696977997,116.3644588585819,2009-04-15 11:22:19,0
14,39.9963316,116.3662716,39.98391696977997,116.3644588585819,2009-04-14 07:21:56,0
4,39.984638,116.312065,39.98391696977997,116.3644588585819,2009-02-17 10:52:14,0
96,39.991095,116.333836,39.98391696977997,116.3644588585819,2008-09-07 13:37:12,0
22,39.96864,116.314686,39.98391696977997,116.3644588585819,2009-02-07 01:25:06,0
131,40.0100549,116.3271283,39.98391696977997,116.3644588585819,2009-04-21 09:46:29,0
10,40.198208,116.177273,39.98391696977997,116.3644588585819,2008-12-27 09:56:12,0
34,39.9315816,116.3390633,39.98391696977997,116.3644588585819,2009-07-13 03:40:41,0
153,39.966955,116.319422,39.98391696977997,116.3644588585819,2008-08-31 10:23:08,0
167,39.991693,116.328388,39.98391696977997,116.3644588585819,2008-04-23 15:06:39,0
85,39.983311,116.332369,39.98391696977997,116.3644588585819,2009-09-07 13:33:25,0
68,39.969105,116.418751,39.98391696977997,116.3644588585819,2009-06-18 13:42:38,0
167,39.969837,116.420972,39.98391696977997,116.3644588585819,2008-09-30 02:44:52,0
74,39.9756533333333,116.304771666667,39.98391696977997,116.3644588585819,2012-02-11 08:53:06,0
41,39.936725,116.3297049,39.98391696977997,116.3644588585819,2009-04-21 04:31:29,0
128,40.0114549,116.3558216,39.98391696977997,116.3644588585819,2009-04-06 01:23:09,0
22,40.057964,116.403811,39.98391696977997,116.3644588585819,2009-07-18 04:11:08,0
85,40.055439,116.298051,39.98391696977997,116.3644588585819,2009-09-16 14:30:36,0
92,40.0302466,116.408435,39.98391696977997,116.3644588585819,2008-08-12 08:51:01,0
35,39.990468,116.330484,39.98391696977997,116.3644588585819,2009-03-16 13:12:18,0
85,40.005296,116.199002,39.98391696977997,116.3644588585819,2008-05-24 07:28:24,0
126,39.98144,116.309585,39.98391696977997,116.3644588585819,2008-05-21 12:45:18,0
42,39.9099666,116.4579133,39.98391696977997,116.3644588585819,2009-02-18 09:40:38,0
52,39.985044,116.352802,39.98391696977997,116.3644588585819,2008-06-05 02:29:41,0
28,39.934242,116.147668,39.98391696977997,116.3644588585819,2009-03-13 10:49:58,0
42,39.6964299,116.3315949,39.98391696977997,116.3644588585819,2009-03-18 05:52:56,0
16,40.081732,116.315211,39.98391696977997,116.3644588585819,2008-11-01 07:51:22,0
131,39.9841666,116.3180116,39.98391696977997,116.3644588585819,2009-07-15 17:06:41,0
17,39.9850983,116.3297033,39.98391696977997,116.3644588585819,2009-06-01 10:33:45,0
71,39.97983,116.325971666667,39.98391696977997,116.3644588585819,2012-04-04 13:02:37,0
18,39.956135,116.3282116,39.98391696977997,116.3644588585819,2008-11-05 12:08:56,0
92,40.0302466,116.4086416,39.98391696977997,116.3644588585819,2008-08-17 14:56:20,0
38,39.9947899,116.1973599,39.98391696977997,116.3644588585819,2009-07-09 13:46:25,0
25,39.96631,116.3594383,39.98391696977997,116.3644588585819,2009-05-30 00:25:27,0
41,39.866295,116.3084483,39.98391696977997,116.3644588585819,2009-06-16 10:03:22,0
144,39.929726,116.468245,39.98391696977997,116.3644588585819,2009-09-03 03:23:19,0
64,39.904191,116.38352,39.98391696977997,116.3644588585819,2008-08-29 13:44:22,0
179,40.088111,116.306022,39.98391696977997,116.3644588585819,2008-08-20 13:53:37,0
84,40.153351,116.245412,39.98391696977997,116.3644588585819,2009-04-11 09:17:29,0
163,39.975394,116.329405,39.98391696977997,116.3644588585819,2009-07-29 10:17:09,0
22,39.950033,116.312085,39.98391696977997,116.3644588585819,2009-06-17 11:06:04,0
14,40.2709749,116.68929,39.98391696977997,116.3644588585819,2009-02-15 02:22:37,0
144,40.203004,116.396804,39.98391696977997,116.3644588585819,2009-06-20 10:35:45,0
141,39.974595,116.310945,39.98391696977997,116.3644588585819,2011-10-11 11:47:47,0
41,39.8495483,116.2776299,39.98391696977997,116.3644588585819,2009-05-22 03:27:44,0
65,39.998789,116.264314,39.98391696977997,116.3644588585819,2009-09-26 05:04:31,0
144,40.258576,116.569458,39.98391696977997,116.3644588585819,2009-08-09 07:41:51,0
68,39.972856,116.458644,39.98391696977997,116.3644588585819,2009-07-24 03:08:05,0
104,39.9821366,116.3885666,39.98391696977997,116.3644588585819,2008-09-15 09:51:47,0
37,39.985745,116.3573049,39.98391696977997,116.3644588585819,2009-04-18 04:24:58,0
26,39.991158,116.316183,39.98391696977997,116.3644588585819,2009-02-23 10:32:39,0
168,39.985248,116.338581,39.98391696977997,116.3644588585819,2011-07-21 13:35:10,0
22,39.974073,116.334347,39.98391696977997,116.3644588585819,2009-03-26 06:14:24,0
52,40.000366,116.37933,39.98391696977997,116.3644588585819,2008-07-21 18:38:51,0
141,39.99852,116.2643,39.98391696977997,116.3644588585819,2011-10-22 06:19:42,0
167,39.9781583,116.327165,39.98391696977997,116.3644588585819,2008-03-20 10:24:43,0
126,39.9751766,116.3426666,39.98391696977997,116.3644588585819,2008-05-12 15:19:23,0
84,39.947746,116.368167,39.98391696977997,116.3644588585819,2009-04-06 05:23:20,0
4,39.986895,116.400879,39.98391696977997,116.3644588585819,2009-02-16 07:38:19,0
167,39.975681,116.331606,39.98391696977997,116.3644588585819,2009-01-01 15:09:32,0
141,39.9947516666667,116.304703333333,39.98391696977997,116.3644588585819,2011-10-08 10:18:39,0
62,39.9865399,116.3040383,39.98391696977997,116.3644588585819,2008-07-31 14:28:35,0
128,40.06958,116.3295233,39.98391696977997,116.3644588585819,2008-11-06 13:22:05,0
81,40.007258,116.322235,39.98391696977997,116.3644588585819,2008-06-07 15:40:13,0
5,40.000545,116.326887,39.98391696977997,116.3644588585819,2009-01-14 11:25:44,0
35,39.977865,116.300533,39.98391696977997,116.3644588585819,2009-03-05 03:41:42,0
179,40.001767,116.331251,39.98391696977997,116.3644588585819,2008-09-08 12:03:37,0
69,39.924014,116.304476,39.98391696977997,116.3644588585819,2008-05-27 14:15:52,0
40,39.951158,116.361713,39.98391696977997,116.3644588585819,2009-05-16 09:52:56,0
153,39.785949,116.445785,39.98391696977997,116.3644588585819,2011-02-02 03:38:50,0
142,40.035882,116.210327,39.98391696977997,116.3644588585819,2010-09-22 12:42:59,0
73,39.9723783,116.3250116,39.98391696977997,116.3644588585819,2008-08-22 02:29:13,0
114,39.968872,116.201615,39.98391696977997,116.3644588585819,2010-05-25 13:27:26,0
3,40.007653,116.319723,39.98391696977997,116.3644588585819,2008-11-02 10:53:48,0
153,39.98466,116.450891,39.98391696977997,116.3644588585819,2011-01-23 12:33:26,0
115,40.0652166666667,116.314416666667,39.98391696977997,116.3644588585819,2007-05-19 02:01:47,0
42,39.9075549,116.5978149,39.98391696977997,116.3644588585819,2009-01-31 06:13:00,0
9,40.002363,116.344235,39.98391696977997,116.3644588585819,2008-11-16 12:46:14,0
41,39.9423349,116.3036883,39.98391696977997,116.3644588585819,2009-03-16 04:57:28,0
4,40.007518,116.324203,39.98391696977997,116.3644588585819,2008-12-18 00:56:08,0
96,40.007738,116.319379,39.98391696977997,116.3644588585819,2008-10-06 17:06:19,0
84,39.947203,116.41902,39.98391696977997,116.3644588585819,2008-09-18 10:59:24,0
163,39.983810888,116.450887523,39.98391696977997,116.3644588585819,2012-03-19 08:11:57,0
17,40.0178533,116.3414716,39.98391696977997,116.3644588585819,2008-11-08 12:32:15,0
153,39.861974,116.456741,39.98391696977997,116.3644588585819,2009-07-18 07:21:31,0
37,39.9269766,116.334375,39.98391696977997,116.3644588585819,2009-03-02 03:01:09,0
25,39.9790283,116.2946866,39.98391696977997,116.3644588585819,2009-02-16 04:08:49,0
28,39.930182,116.151808,39.98391696977997,116.3644588585819,2009-02-02 10:40:26,0
14,40.0365149,116.3359533,39.98391696977997,116.3644588585819,2009-03-17 13:10:58,0
10,39.45793,116.797063,39.98391696977997,116.3644588585819,2009-01-09 21:17:39,0
41,39.9399633,116.5546866,39.98391696977997,116.3644588585819,2009-05-24 02:28:39,0
17,39.9037199,116.4240366,39.98391696977997,116.3644588585819,2009-01-22 12:15:08,0
68,39.969991,116.419749,39.98391696977997,116.3644588585819,2009-02-27 09:08:42,0
141,39.9753183333333,116.351583333333,39.98391696977997,116.3644588585819,2011-09-10 08:53:29,0
14,39.9816616,116.3736116,39.98391696977997,116.3644588585819,2008-12-25 11:02:25,0
85,39.98181,116.329213,39.98391696977997,116.3644588585819,2008-11-09 21:10:52,0
20,40.358015,116.016496666667,39.98391696977997,116.3644588585819,2011-09-11 07:04:22,0
174,39.96655,116.300633333333,39.98391696977997,116.3644588585819,2007-12-23 06:01:54,0
153,39.907564,116.304238,39.98391696977997,116.3644588585819,2011-05-11 13:10:22,0
25,39.9818083,116.3103016,39.98391696977997,116.3644588585819,2009-06-17 11:32:05,0
14,39.97952,116.3477783,39.98391696977997,116.3644588585819,2008-10-24 16:27:52,0
89,39.9861816,116.3607716,39.98391696977997,116.3644588585819,2008-05-06 03:24:05,0
46,39.975252,116.366996,39.98391696977997,116.3644588585819,2010-05-28 01:24:58,0
14,39.9895483,116.3715033,39.98391696977997,116.3644588585819,2009-03-06 11:13:14,0
122,39.968065,116.399636,39.98391696977997,116.3644588585819,2009-06-14 03:32:16,0
9,39.999798,116.342492,39.98391696977997,116.3644588585819,2008-11-02 11:14:37,0
4,40.003413,116.316699,39.98391696977997,116.3644588585819,2009-05-03 05:22:22,0
42,39.9785733,116.41809,39.98391696977997,116.3644588585819,2008-11-16 12:14:31,0
163,39.986030328,116.363280274,39.98391696977997,116.3644588585819,2011-11-30 10:46:55,0
17,39.8493283,116.3665383,39.98391696977997,116.3644588585819,2008-11-20 06:25:23,0
163,39.974204746,116.456626661,39.98391696977997,116.3644588585819,2012-07-14 18:25:57,0
39,39.991724,116.330888,39.98391696977997,116.3644588585819,2009-04-30 06:41:09,0
42,39.7962933,116.3406016,39.98391696977997,116.3644588585819,2009-03-25 03:44:39,0
153,39.967032,116.345398,39.98391696977997,116.3644588585819,2008-08-07 17:25:29,0
128,40.3894899,116.3601616,39.98391696977997,116.3644588585819,2010-05-30 05:42:03,0
4,39.997408,116.32615,39.98391696977997,116.3644588585819,2009-02-26 03:36:58,0
25,39.9511233,116.4018033,39.98391696977997,116.3644588585819,2009-06-18 06:44:52,0
153,39.986681,116.487562,39.98391696977997,116.3644588585819,2008-11-22 04:24:12,0
4,39.905424,116.301586,39.98391696977997,116.3644588585819,2009-07-26 06:08:00,0
141,40.35661,116.000766666667,39.98391696977997,116.3644588585819,2011-10-23 04:09:50,0
126,39.9464266,116.4371583,39.98391696977997,116.3644588585819,2008-05-10 04:44:56,0
153,39.986634,116.48496,39.98391696977997,116.3644588585819,2010-02-16 09:12:37,0
144,39.8655566,116.453565,39.98391696977997,116.3644588585819,2008-09-15 11:59:41,0
85,40.053997,116.398538,39.98391696977997,116.3644588585819,2009-06-26 00:22:06,0
50,39.99393845,116.198715216667,39.98391696977997,116.3644588585819,2009-08-24 16:48:55,0
65,39.9719733333333,116.320468333333,39.98391696977997,116.3644588585819,2011-10-15 02:06:58,0
3,39.912382,116.26829,39.98391696977997,116.3644588585819,2008-12-05 06:29:50,0
44,39.999342,116.364812,39.98391696977997,116.3644588585819,2009-07-06 05:15:55,0
62,39.9984599,116.3105216,39.98391696977997,116.3644588585819,2008-09-05 02:33:27,0
25,40.3059983,116.3284983,39.98391696977997,116.3644588585819,2009-04-05 03:15:28,0
142,39.947812,116.26946,39.98391696977997,116.3644588585819,2010-05-11 01:28:32,0
126,39.9023983,116.4720266,39.98391696977997,116.3644588585819,2008-05-03 14:08:17,0
41,39.9924733,116.4408233,39.98391696977997,116.3644588585819,2009-06-05 05:46:34,0
7,39.981919,116.342606,39.98391696977997,116.3644588585819,2008-12-09 04:38:49,0
41,39.8294233,116.3223233,39.98391696977997,116.3644588585819,2009-04-17 10:35:35,0
65,39.97848,116.330956666667,39.98391696977997,116.3644588585819,2011-08-30 15:25:46,0
34,40.06029,116.3480216,39.98391696977997,116.3644588585819,2009-04-08 11:46:13,0
128,40.0744349,116.3281316,39.98391696977997,116.3644588585819,2008-09-25 02:11:09,0
26,39.989877,116.306124,39.98391696977997,116.3644588585819,2009-03-13 09:29:03,0
126,39.944619,116.417309,39.98391696977997,116.3644588585819,2009-01-26 06:42:20,0
30,39.994953,116.318256,39.98391696977997,116.3644588585819,2009-05-17 07:07:53,0
128,39.9959783,116.3861233,39.98391696977997,116.3644588585819,2009-12-31 12:40:38,0
141,39.9798216666667,116.313843333333,39.98391696977997,116.3644588585819,2011-09-26 00:34:18,0
168,39.958308,116.401607,39.98391696977997,116.3644588585819,2011-06-27 23:13:48,0
85,39.863592,116.346772,39.98391696977997,116.3644588585819,2008-11-11 05:16:47,0
81,39.985669,116.321091,39.98391696977997,116.3644588585819,2008-05-30 14:40:36,0
140,39.9871983,116.4093499,39.98391696977997,116.3644588585819,2009-08-11 23:33:29,0
153,39.986804,116.397704,39.98391696977997,116.3644588585819,2010-07-30 12:50:18,0
10,39.86875,116.438923,39.98391696977997,116.3644588585819,2009-03-21 04:38:14,0
38,39.9681466,116.31369,39.98391696977997,116.3644588585819,2009-03-06 05:03:06,0
71,39.9748616666667,116.316348333333,39.98391696977997,116.3644588585819,2012-04-19 01:33:07,0
126,39.991483,116.326323,39.98391696977997,116.3644588585819,2008-11-27 02:21:56,0
68,39.980456,116.418272,39.98391696977997,116.3644588585819,2009-07-09 15:25:20,0
43,39.807171,116.540587,39.98391696977997,116.3644588585819,2009-06-24 03:08:55,0
115,39.9841566,116.3273016,39.98391696977997,116.3644588585819,2008-06-19 10:02:12,0
85,39.981066,116.329328,39.98391696977997,116.3644588585819,2008-11-16 11:57:44,0
23,39.974141,116.33341,39.98391696977997,116.3644588585819,2009-02-15 08:29:11,0
142,40.074643,116.59398,39.98391696977997,116.3644588585819,2008-05-07 20:16:57,0
179,39.993389,116.326437,39.98391696977997,116.3644588585819,2008-09-12 02:34:01,0
179,39.982864,116.307966,39.98391696977997,116.3644588585819,2008-11-06 06:49:36,0
35,39.990583,116.329934,39.98391696977997,116.3644588585819,2009-03-08 11:20:10,0
153,39.771409172,116.440532605,39.98391696977997,116.3644588585819,2012-01-23 16:29:32,0
163,39.991732445,116.463359394,39.98391696977997,116.3644588585819,2012-03-17 18:57:00,0
37,39.8555833,116.3866183,39.98391696977997,116.3644588585819,2009-07-14 01:50:34,0
17,40.0122299,116.3460766,39.98391696977997,116.3644588585819,2009-02-03 09:18:13,0
167,40.008713,116.322278,39.98391696977997,116.3644588585819,2008-10-19 02:20:24,0
67,39.9792733333333,116.332631666667,39.98391696977997,116.3644588585819,2011-05-12 22:39:54,0
96,40.007857,116.319423,39.98391696977997,116.3644588585819,2008-10-27 23:59:55,0
17,40.0083749,116.3668933,39.98391696977997,116.3644588585819,2009-07-03 07:01:21,0
115,39.9115116,116.6003066,39.98391696977997,116.3644588585819,2008-06-24 11:16:26,0
17,39.9436366,116.3500666,39.98391696977997,116.3644588585819,2009-05-16 07:04:43,0
141,39.9739866666667,116.34065,39.98391696977997,116.3644588585819,2011-10-22 09:16:00,0
17,40.0777383,116.3043566,39.98391696977997,116.3644588585819,2009-03-06 09:14:25,0
153,39.932036,116.407576,39.98391696977997,116.3644588585819,2008-10-31 17:20:46,0
0,39.99991,116.327195,39.98391696977997,116.3644588585819,2009-06-02 04:51:38,0
15,40.001902,116.321545,39.98391696977997,116.3644588585819,2009-02-28 17:51:39,0
128,39.9859483,116.3678049,39.98391696977997,116.3644588585819,2009-03-30 12:39:55,0
167,40.110772,116.089344,39.98391696977997,116.3644588585819,2008-09-29 08:49:10,0
36,39.978898,116.342166,39.98391696977997,116.3644588585819,2009-03-03 13:11:43,0
17,39.9479166,116.4277699,39.98391696977997,116.3644588585819,2009-02-25 01:04:20,0
30,40.003368,116.321562,39.98391696977997,116.3644588585819,2009-03-22 17:41:44,0
135,39.968028,116.399308,39.98391696977997,116.3644588585819,2009-01-09 17:30:23,0
167,40.005551,116.321367,39.98391696977997,116.3644588585819,2008-10-13 09:43:09,0
17,39.9234133,116.18614,39.98391696977997,116.3644588585819,2009-04-11 09:40:01,0
128,40.0760683,116.3240183,39.98391696977997,116.3644588585819,2010-07-18 14:41:49,0
13,39.966683,116.361314,39.98391696977997,116.3644588585819,2008-12-01 23:52:30,0
163,40.0039766,116.3996233,39.98391696977997,116.3644588585819,2008-06-22 01:31:55,0
35,39.97298,116.312565,39.98391696977997,116.3644588585819,2009-02-14 03:01:12,0
167,39.978642,116.450767,39.98391696977997,116.3644588585819,2008-12-23 12:38:49,0
1,40.013227,116.309956,39.98391696977997,116.3644588585819,2008-12-08 15:00:49,0
71,40.5601516666667,116.788006666667,39.98391696977997,116.3644588585819,2012-05-05 01:27:15,0
17,39.8670033,116.3528483,39.98391696977997,116.3644588585819,2009-04-17 06:03:24,0
30,40.009916,116.322788,39.98391696977997,116.3644588585819,2009-04-20 04:29:18,0
122,39.914414,116.405354,39.98391696977997,116.3644588585819,2009-05-16 22:00:24,0
153,39.98335,116.327432,39.98391696977997,116.3644588585819,2011-01-07 12:34:55,0
82,40.052497,116.400204,39.98391696977997,116.3644588585819,2009-03-30 17:54:07,0
0,39.947216,116.799892,39.98391696977997,116.3644588585819,2009-04-26 04:48:19,0
3,40.005421,116.320333,39.98391696977997,116.3644588585819,2009-03-25 05:06:47,0
10,39.870573,116.342556,39.98391696977997,116.3644588585819,2008-09-27 12:21:55,0
24,40.179102,116.233131,39.98391696977997,116.3644588585819,2009-01-23 05:43:57,0
35,39.98155,116.321,39.98391696977997,116.3644588585819,2009-03-02 00:29:35,0
25,39.9901883,116.3041133,39.98391696977997,116.3644588585819,2009-03-13 03:33:15,0
17,39.96674,116.3786416,39.98391696977997,116.3644588585819,2009-06-26 08:02:24,0
30,39.94658,116.786406,39.98391696977997,116.3644588585819,2009-04-25 17:56:59,0
7,39.977616,116.339635,39.98391696977997,116.3644588585819,2008-11-21 10:43:31,0
4,39.999843,116.327178,39.98391696977997,116.3644588585819,2008-12-11 07:59:23,0
17,39.9671399,116.3904516,39.98391696977997,116.3644588585819,2008-12-23 00:31:35,0
67,39.97482,116.319441666667,39.98391696977997,116.3644588585819,2011-05-01 13:57:05,0
62,39.98517,116.3481883,39.98391696977997,116.3644588585819,2008-11-11 10:08:45,0
52,39.996492,116.379078,39.98391696977997,116.3644588585819,2008-07-22 12:43:09,0
37,39.9478383,116.4050099,39.98391696977997,116.3644588585819,2009-01-21 05:59:57,0
82,39.943405,116.478684,39.98391696977997,116.3644588585819,2009-04-04 06:27:14,0
11,39.9735383,116.3465049,39.98391696977997,116.3644588585819,2008-10-06 23:40:40,0
140,39.977155,116.3353383,39.98391696977997,116.3644588585819,2009-01-07 02:45:28,0
68,39.969174,116.419821,39.98391696977997,116.3644588585819,2009-01-08 03:27:55,0
4,39.924948,116.235603,39.98391696977997,116.3644588585819,2009-04-10 08:28:49,0
41,39.8805233,116.2695316,39.98391696977997,116.3644588585819,2009-03-04 08:48:40,0
50,39.8696746833333,116.2726059,39.98391696977997,116.3644588585819,2009-08-06 05:25:18,0
153,39.931589,116.33786,39.98391696977997,116.3644588585819,2010-07-25 10:19:40,0
34,39.8557033,116.4040116,39.98391696977997,116.3644588585819,2009-04-09 07:32:45,0
2,39.898466,116.371372,39.98391696977997,116.3644588585819,2009-01-21 11:35:19,0
28,39.993485,116.441376,39.98391696977997,116.3644588585819,2009-04-08 00:11:27,0
19,39.8724916,116.3937449,39.98391696977997,116.3644588585819,2008-11-20 07:10:29,0
163,39.903594,116.40043,39.98391696977997,116.3644588585819,2010-02-19 08:23:16,0
96,39.961867,116.439394,39.98391696977997,116.3644588585819,2008-11-29 02:57:29,0
168,39.994614,116.394493,39.98391696977997,116.3644588585819,2011-06-26 03:08:09,0
26,39.991936,116.34778,39.98391696977997,116.3644588585819,2009-04-18 04:04:41,0
153,39.928011,116.47245,39.98391696977997,116.3644588585819,2008-09-30 05:25:28,0
141,39.983615,116.300101666667,39.98391696977997,116.3644588585819,2011-09-03 05:44:54,0
126,40.007337,116.317648,39.98391696977997,116.3644588585819,2008-10-17 10:29:41,0
68,39.978172,116.416489,39.98391696977997,116.3644588585819,2008-09-17 05:36:55,0
2,39.926558,116.337582,39.98391696977997,116.3644588585819,2008-10-23 15:39:31,0
17,40.0660416,116.2808216,39.98391696977997,116.3644588585819,2009-04-06 09:42:26,0
24,40.06406,116.565857,39.98391696977997,116.3644588585819,2009-02-25 05:24:06,0
96,40.007927,116.319403,39.98391696977997,116.3644588585819,2008-12-01 18:53:50,0
68,40.318666,116.777438,39.98391696977997,116.3644588585819,2009-01-16 02:03:57,0
128,40.0437616,116.3307199,39.98391696977997,116.3644588585819,2009-01-04 13:11:54,0
68,39.969176,116.419842,39.98391696977997,116.3644588585819,2008-11-12 01:24:05,0
17,40.0092399,116.3460883,39.98391696977997,116.3644588585819,2009-06-21 23:43:29,0
179,40.08902,116.305815,39.98391696977997,116.3644588585819,2008-08-24 15:45:51,0
17,40.0065383,116.3482966,39.98391696977997,116.3644588585819,2009-05-23 05:11:48,0
17,40.0096333,116.3462016,39.98391696977997,116.3644588585819,2008-11-20 13:21:23,0
25,39.9825233,116.3102199,39.98391696977997,116.3644588585819,2009-05-20 23:58:10,0
43,39.974189,116.33209,39.98391696977997,116.3644588585819,2009-03-27 01:04:24,0
24,40.160822,116.241701,39.98391696977997,116.3644588585819,2009-03-07 08:51:44,0
85,40.069446,116.313222,39.98391696977997,116.3644588585819,2009-09-11 00:55:51,0
62,39.9937949,116.2743849,39.98391696977997,116.3644588585819,2008-06-24 06:42:38,0
52,39.985304,116.350493,39.98391696977997,116.3644588585819,2008-06-07 13:04:49,0
119,39.95458,116.493723,39.98391696977997,116.3644588585819,2008-09-12 04:13:43,0
36,39.971746,116.346668,39.98391696977997,116.3644588585819,2009-02-06 04:42:17,0
85,39.965789,116.328125,39.98391696977997,116.3644588585819,2008-11-29 04:22:15,0
14,39.9843733,116.3200899,39.98391696977997,116.3644588585819,2009-04-07 12:20:18,0
84,39.931609,116.380592,39.98391696977997,116.3644588585819,2009-05-05 15:16:48,0
22,39.973343,116.333625,39.98391696977997,116.3644588585819,2009-03-07 03:13:38,0
41,39.8656666,116.3034016,39.98391696977997,116.3644588585819,2009-05-03 02:37:07,0
144,40.102407,116.406479,39.98391696977997,116.3644588585819,2009-06-27 08:33:36,0
52,39.986779,116.326962,39.98391696977997,116.3644588585819,2008-05-22 09:25:44,0
73,39.975375,116.3348099,39.98391696977997,116.3644588585819,2008-06-29 09:52:54,0
17,39.96736,116.3973316,39.98391696977997,116.3644588585819,2009-03-18 04:07:53,0
167,41.061525,117.527001,39.98391696977997,116.3644588585819,2008-05-01 05:14:52,0
20,40.3589533333333,115.994815,39.98391696977997,116.3644588585819,2011-09-11 04:19:23,0
68,39.914527,116.367399,39.98391696977997,116.3644588585819,2008-09-20 09:12:31,0
163,39.943844,116.325484,39.98391696977997,116.3644588585819,2010-02-17 03:18:42,0
32,39.982985,116.318568,39.98391696977997,116.3644588585819,2008-12-17 01:54:19,0
22,39.975624,116.325864,39.98391696977997,116.3644588585819,2009-03-08 10:29:31,0
103,40.4609766,115.9778383,39.98391696977997,116.3644588585819,2008-08-31 04:04:30,0
126,40.0012699,116.397405,39.98391696977997,116.3644588585819,2008-05-23 07:27:53,0
68,40.007826,116.312726,39.98391696977997,116.3644588585819,2009-07-22 14:11:01,0
153,39.978291,116.447834,39.98391696977997,116.3644588585819,2010-07-01 09:48:11,0
50,39.9033432006836,116.30387878418,39.98391696977997,116.3644588585819,2009-08-04 12:36:42,0
119,39.961117,116.489985,39.98391696977997,116.3644588585819,2008-08-01 00:52:08,0
35,39.990387,116.330388,39.98391696977997,116.3644588585819,2009-02-26 12:48:46,0
128,39.9985783,116.3648183,39.98391696977997,116.3644588585819,2009-07-30 01:24:01,0
69,39.982573,116.310406,39.98391696977997,116.3644588585819,2008-05-27 06:33:10,0
96,39.991499,116.33071,39.98391696977997,116.3644588585819,2008-10-18 13:38:44,0
128,40.0762216,116.3238216,39.98391696977997,116.3644588585819,2010-03-09 13:24:06,0
42,39.7566083,116.3303616,39.98391696977997,116.3644588585819,2009-03-25 03:54:23,0
34,39.7584399,116.3370233,39.98391696977997,116.3644588585819,2009-07-10 10:46:29,0
3,39.881978,116.405354,39.98391696977997,116.3644588585819,2009-01-01 06:34:30,0
50,39.9276580810547,116.385917663574,39.98391696977997,116.3644588585819,2009-08-21 16:05:30,0
153,39.96743,116.3443616,39.98391696977997,116.3644588585819,2008-05-01 03:03:12,0
35,40.013317,116.297102,39.98391696977997,116.3644588585819,2009-04-05 14:02:11,0
167,39.970741,116.41856,39.98391696977997,116.3644588585819,2008-12-08 10:50:22,0
125,39.99154,116.331446,39.98391696977997,116.3644588585819,2008-06-21 14:11:31,0
85,39.980718,116.329253,39.98391696977997,116.3644588585819,2009-01-04 08:49:08,0
4,39.965948,116.301341,39.98391696977997,116.3644588585819,2009-07-19 04:46:17,0
39,40.164979,116.238356,39.98391696977997,116.3644588585819,2009-04-29 04:53:18,0
153,39.92843,116.472046,39.98391696977997,116.3644588585819,2009-01-16 11:56:14,0
17,39.99145,116.2909466,39.98391696977997,116.3644588585819,2008-11-22 07:18:38,0
73,39.9759949,116.3274716,39.98391696977997,116.3644588585819,2008-05-31 03:24:20,0
9,40.002962,116.343843,39.98391696977997,116.3644588585819,2008-11-11 13:54:10,0
14,40.0178616,116.439475,39.98391696977997,116.3644588585819,2008-11-13 10:18:46,0
2,39.897634,116.383829,39.98391696977997,116.3644588585819,2008-11-20 10:58:23,0
153,40.277864,116.079368,39.98391696977997,116.3644588585819,2011-04-30 00:17:53,0
153,39.971196,116.440775,39.98391696977997,116.3644588585819,2011-07-18 09:56:20,0
96,39.976122,116.329423,39.98391696977997,116.3644588585819,2008-07-23 10:01:27,0
85,39.95143,116.329243,39.98391696977997,116.3644588585819,2008-05-17 04:03:14,0
52,40.000428,116.379248,39.98391696977997,116.3644588585819,2008-07-21 22:52:26,0
13,39.959324,116.418884,39.98391696977997,116.3644588585819,2008-12-11 12:37:08,0
42,39.89198,116.342305,39.98391696977997,116.3644588585819,2009-02-13 04:10:29,0
112,39.9754616,116.3305649,39.98391696977997,116.3644588585819,2008-07-18 01:47:07,0
112,39.9300766,116.4839666,39.98391696977997,116.3644588585819,2008-06-20 10:29:59,0
163,39.97061088,116.464346284,39.98391696977997,116.3644588585819,2012-03-12 09:01:06,0
52,39.984851,116.352615,39.98391696977997,116.3644588585819,2008-05-26 05:49:43,0
140,39.9877849,116.4109866,39.98391696977997,116.3644588585819,2009-03-26 15:15:53,0
62,39.9903599,116.2999483,39.98391696977997,116.3644588585819,2008-10-19 08:33:59,0
65,39.978243599,116.304949968,39.98391696977997,116.3644588585819,2011-08-11 09:09:04,0
153,39.987134,116.449407,39.98391696977997,116.3644588585819,2009-12-01 14:59:46,0
167,40.006737,116.320628,39.98391696977997,116.3644588585819,2008-11-18 01:00:21,0
163,39.808363,116.17089,39.98391696977997,116.3644588585819,2008-05-04 07:57:26,0
8,39.962903,116.348642,39.98391696977997,116.3644588585819,2008-12-06 10:37:14,0
67,39.9784066666667,116.332896666667,39.98391696977997,116.3644588585819,2011-04-22 21:31:12,0
59,39.9750983333333,116.31853,39.98391696977997,116.3644588585819,2011-08-30 00:30:58,0
3,40.007543,116.31966,39.98391696977997,116.3644588585819,2008-12-06 01:03:57,0
38,39.9459966,116.3183999,39.98391696977997,116.3644588585819,2009-04-15 04:41:30,0
35,39.977918,116.300419,39.98391696977997,116.3644588585819,2009-03-17 04:33:58,0
9,40.002671,116.344153,39.98391696977997,116.3644588585819,2008-11-16 12:44:08,0
85,39.981,116.326861,39.98391696977997,116.3644588585819,2008-05-30 15:43:03,0
153,40.002674,116.386971,39.98391696977997,116.3644588585819,2008-09-15 05:16:53,0
179,39.99134,116.328653,39.98391696977997,116.3644588585819,2008-09-05 12:12:01,0
34,40.0345599,116.3444,39.98391696977997,116.3644588585819,2009-02-25 03:16:13,0
131,39.9961349,116.3732066,39.98391696977997,116.3644588585819,2009-04-21 20:14:54,0
153,39.929446,116.47188,39.98391696977997,116.3644588585819,2009-07-29 00:27:55,0
163,39.975317,116.330517,39.98391696977997,116.3644588585819,2008-05-15 01:20:56,0
17,39.9852383,116.3329516,39.98391696977997,116.3644588585819,2009-06-19 13:16:18,0
85,39.904465,116.332159,39.98391696977997,116.3644588585819,2008-12-11 01:47:57,0
68,39.996309,116.4174,39.98391696977997,116.3644588585819,2009-05-17 14:58:19,0
0,39.878871,116.436482,39.98391696977997,116.3644588585819,2009-05-28 03:23:33,0
39,40.071683,116.416201,39.98391696977997,116.3644588585819,2009-05-25 14:27:50,0
68,39.957996,116.293083,39.98391696977997,116.3644588585819,2009-08-20 09:28:07,0
17,40.9386666,117.34321,39.98391696977997,116.3644588585819,2009-01-31 01:58:18,0
65,39.97956,116.30984,39.98391696977997,116.3644588585819,2011-08-25 00:53:18,0
24,40.076874,116.283845,39.98391696977997,116.3644588585819,2009-05-22 01:49:19,0
85,39.931158,116.345371,39.98391696977997,116.3644588585819,2008-11-10 02:38:59,0
141,39.9970366666667,116.308858333333,39.98391696977997,116.3644588585819,2011-10-22 08:20:30,0
2,39.918243,116.338661,39.98391696977997,116.3644588585819,2008-11-13 11:00:58,0
41,39.9564216,116.2850416,39.98391696977997,116.3644588585819,2009-05-06 06:44:36,0
30,40.001491,116.317427,39.98391696977997,116.3644588585819,2009-04-18 17:28:40,0
153,39.994495,116.446838,39.98391696977997,116.3644588585819,2011-04-09 10:58:01,0
96,40.007324,116.319409,39.98391696977997,116.3644588585819,2008-11-29 07:48:30,0
25,40.0484516,116.2582266,39.98391696977997,116.3644588585819,2009-04-28 01:08:19,0
144,40.384894,116.885334,39.98391696977997,116.3644588585819,2009-08-09 07:19:16,0
13,39.975206,116.337952,39.98391696977997,116.3644588585819,2008-11-12 00:02:08,0
85,39.980891,116.329399,39.98391696977997,116.3644588585819,2009-03-06 23:17:53,0
62,39.9874416,116.3021383,39.98391696977997,116.3644588585819,2008-09-23 09:44:33,0
128,40.0735333,116.3065416,39.98391696977997,116.3644588585819,2009-10-25 03:21:36,0
59,39.975235,116.325685,39.98391696977997,116.3644588585819,2011-08-29 10:40:04,0
36,39.979422,116.338871,39.98391696977997,116.3644588585819,2009-02-24 00:30:50,0
62,39.9932749,116.2985933,39.98391696977997,116.3644588585819,2008-10-19 08:52:54,0
17,39.9857233,116.3478483,39.98391696977997,116.3644588585819,2008-12-02 10:20:49,0
14,39.9062516,116.2667866,39.98391696977997,116.3644588585819,2008-12-18 08:33:36,0
10,39.870283,116.405683,39.98391696977997,116.3644588585819,2007-08-28 17:19:00,0
17,40.0161649,116.36828,39.98391696977997,116.3644588585819,2008-12-27 13:38:41,0
65,39.973325,116.311443333333,39.98391696977997,116.3644588585819,2011-10-24 12:12:31,0
140,40.5546482,116.79204,39.98391696977997,116.3644588585819,2008-08-31 08:04:58,0
17,39.8721599,116.4820999,39.98391696977997,116.3644588585819,2009-01-05 05:54:17,0
25,39.9860283,116.3103499,39.98391696977997,116.3644588585819,2009-07-02 09:27:23,0
153,39.929145,116.471843,39.98391696977997,116.3644588585819,2008-10-27 00:09:57,0
30,40.002533,116.321898,39.98391696977997,116.3644588585819,2009-02-19 05:39:16,0
84,39.964686,116.534799,39.98391696977997,116.3644588585819,2008-08-24 04:33:14,0
13,39.969832,116.444259,39.98391696977997,116.3644588585819,2009-02-22 05:16:36,0
43,39.835809,116.59077,39.98391696977997,116.3644588585819,2009-06-24 03:32:35,0
17,40.8132933,117.3707733,39.98391696977997,116.3644588585819,2009-01-28 02:29:34,0
3,40.00686,116.320996,39.98391696977997,116.3644588585819,2009-05-04 05:11:58,0
179,39.999851,116.328116,39.98391696977997,116.3644588585819,2008-09-15 13:09:48,0
43,39.990781,116.309946,39.98391696977997,116.3644588585819,2009-03-13 15:23:19,0
40,39.95133,116.3619,39.98391696977997,116.3644588585819,2009-03-25 19:15:08,0
3,39.995215,116.327764,39.98391696977997,116.3644588585819,2009-06-02 19:30:17,0
163,39.975387,116.455413,39.98391696977997,116.3644588585819,2010-08-29 12:31:28,0
126,39.969442,116.421749,39.98391696977997,116.3644588585819,2008-10-12 06:45:01,0
153,39.985835,116.359432,39.98391696977997,116.3644588585819,2011-03-25 13:25:13,0
62,39.9334649,116.48356,39.98391696977997,116.3644588585819,2008-09-08 06:10:33,0
115,39.9867133,116.38874,39.98391696977997,116.3644588585819,2008-06-25 10:29:25,0
167,40.117087,116.459285,39.98391696977997,116.3644588585819,2008-12-13 08:02:24,0
41,39.9861549,116.3677466,39.98391696977997,116.3644588585819,2009-02-17 00:46:58,0
42,39.7651016,116.33579,39.98391696977997,116.3644588585819,2009-03-20 02:56:51,0
71,39.9799566666667,116.32597,39.98391696977997,116.3644588585819,2012-02-23 14:57:37,0
17,40.0061049,116.380225,39.98391696977997,116.3644588585819,2009-05-30 10:51:55,0
41,40.1163766,116.6354366,39.98391696977997,116.3644588585819,2009-07-08 00:19:54,0
167,39.967588,116.424182,39.98391696977997,116.3644588585819,2008-10-01 09:20:51,0
68,39.984939,116.418119,39.98391696977997,116.3644588585819,2009-05-12 00:48:57,0
83,39.8797116,116.3982233,39.98391696977997,116.3644588585819,2009-01-26 15:54:38,0
50,39.9940986666667,116.199195866667,39.98391696977997,116.3644588585819,2009-08-06 13:52:18,0
144,40.0647233,116.4066983,39.98391696977997,116.3644588585819,2008-10-25 05:09:38,0
153,39.985662,116.451404,39.98391696977997,116.3644588585819,2009-11-09 10:18:03,0
19,39.9427433,116.3273733,39.98391696977997,116.3644588585819,2008-12-11 04:10:03,0
52,40.000274,116.373063,39.98391696977997,116.3644588585819,2008-10-06 14:11:02,0
128,40.0747516,116.3277749,39.98391696977997,116.3644588585819,2010-07-08 14:08:09,0
14,40.0620449,116.5831216,39.98391696977997,116.3644588585819,2009-02-05 14:37:57,0
67,39.93422,116.377355,39.98391696977997,116.3644588585819,2011-06-18 08:30:11,0
34,39.9827499,116.3108149,39.98391696977997,116.3644588585819,2009-04-10 11:11:18,0
179,40.089546,116.300398,39.98391696977997,116.3644588585819,2008-09-13 12:21:15,0
17,39.9750133,116.3419333,39.98391696977997,116.3644588585819,2008-12-24 00:34:03,0
67,39.956373,116.428385,39.98391696977997,116.3644588585819,2011-01-16 13:37:26,0
4,40.000564,116.324722,39.98391696977997,116.3644588585819,2009-06-11 22:27:52,0
24,40.215954,116.636262,39.98391696977997,116.3644588585819,2009-05-18 08:03:29,0
88,39.9420716,116.3501999,39.98391696977997,116.3644588585819,2008-10-10 08:39:49,0
41,40.0090649,116.5065399,39.98391696977997,116.3644588585819,2009-03-30 01:30:30,0
119,40.007314,116.383899,39.98391696977997,116.3644588585819,2008-08-23 10:38:58,0
14,40.3061583,116.7571499,39.98391696977997,116.3644588585819,2009-02-15 09:33:08,0
66,39.90645,116.289295,39.98391696977997,116.3644588585819,2009-08-23 19:48:49,0
115,39.9072799,116.51612,39.98391696977997,116.3644588585819,2008-06-26 23:00:18,0
68,39.996563,116.416989,39.98391696977997,116.3644588585819,2009-03-26 18:20:26,0
22,39.973479,116.334103,39.98391696977997,116.3644588585819,2009-04-25 11:28:35,0
50,39.9969062805176,116.285621643066,39.98391696977997,116.3644588585819,2009-08-20 11:37:00,0
128,40.1029333,116.4045999,39.98391696977997,116.3644588585819,2010-06-13 01:13:46,0
17,39.9947799,116.4414,39.98391696977997,116.3644588585819,2009-01-31 09:54:29,0
144,40.0893833,116.40751,39.98391696977997,116.3644588585819,2008-11-02 11:21:11,0
5,39.978685,116.341903,39.98391696977997,116.3644588585819,2008-11-13 13:13:14,0
140,39.9811066,116.3475216,39.98391696977997,116.3644588585819,2009-02-02 02:58:15,0
24,39.985964,116.215089,39.98391696977997,116.3644588585819,2009-05-25 12:30:38,0
140,39.908572,116.45564,39.98391696977997,116.3644588585819,2009-09-18 07:14:42,0
22,39.969533,116.333163,39.98391696977997,116.3644588585819,2009-04-27 12:58:21,0
3,40.003901,116.317706,39.98391696977997,116.3644588585819,2008-12-19 08:14:50,0
52,39.946222,116.352172,39.98391696977997,116.3644588585819,2008-10-17 07:24:17,0
3,40.121002,116.264054,39.98391696977997,116.3644588585819,2009-06-13 02:20:44,0
68,39.970355,116.419811,39.98391696977997,116.3644588585819,2009-03-21 06:53:34,0
41,39.905965,116.2623133,39.98391696977997,116.3644588585819,2009-05-11 09:34:35,0
129,39.986102,116.364434,39.98391696977997,116.3644588585819,2008-06-27 05:43:35,0
163,39.949351,116.409723,39.98391696977997,116.3644588585819,2010-02-14 05:31:53,0
167,39.9894949,116.3265683,39.98391696977997,116.3644588585819,2008-04-17 09:28:39,0
68,39.969617,116.423093,39.98391696977997,116.3644588585819,2008-11-14 14:48:40,0
68,39.96222,116.411708,39.98391696977997,116.3644588585819,2009-05-19 03:36:56,0
35,40.013956,116.29919,39.98391696977997,116.3644588585819,2009-03-22 13:53:29,0
128,40.0614416,116.3168133,39.98391696977997,116.3644588585819,2010-05-30 09:26:27,0
83,39.9760883,116.4035833,39.98391696977997,116.3644588585819,2009-01-09 02:15:19,0
37,39.9571116,116.4466666,39.98391696977997,116.3644588585819,2009-07-10 08:51:29,0
10,40.000205,116.331394,39.98391696977997,116.3644588585819,2009-02-14 02:45:22,0
17,40.0177533,116.3422333,39.98391696977997,116.3644588585819,2009-01-16 10:52:36,0
62,39.9424866,116.4517133,39.98391696977997,116.3644588585819,2008-11-06 02:33:29,0
126,39.9843899,116.3248616,39.98391696977997,116.3644588585819,2008-05-28 14:31:49,0
15,39.985149,116.32176,39.98391696977997,116.3644588585819,2008-11-07 00:27:06,0
84,39.979917,116.328273,39.98391696977997,116.3644588585819,2008-08-24 08:01:53,0
68,40.087664,116.358998,39.98391696977997,116.3644588585819,2008-10-21 02:10:06,0
84,39.934681,116.42999,39.98391696977997,116.3644588585819,2008-10-14 03:11:50,0
153,39.981701,116.445681,39.98391696977997,116.3644588585819,2011-04-10 03:15:38,0
11,39.9747833,116.2990383,39.98391696977997,116.3644588585819,2008-10-11 07:05:33,0
1,39.998397,116.325109,39.98391696977997,116.3644588585819,2008-11-17 11:11:57,0
167,39.968784,116.421775,39.98391696977997,116.3644588585819,2008-05-30 05:18:40,0
153,39.988434,116.383737,39.98391696977997,116.3644588585819,2009-07-09 12:54:00,0
88,39.9337049,116.3667749,39.98391696977997,116.3644588585819,2008-09-29 11:21:21,0
30,39.947272,116.345689,39.98391696977997,116.3644588585819,2009-05-28 06:14:14,0
88,39.9858199,116.3539383,39.98391696977997,116.3644588585819,2008-09-29 10:07:56,0
167,40.550505,116.838695,39.98391696977997,116.3644588585819,2008-05-01 03:09:18,0
62,40.1081949,116.5555133,39.98391696977997,116.3644588585819,2008-09-07 06:13:59,0
34,40.0331049,116.3478099,39.98391696977997,116.3644588585819,2009-02-12 08:16:05,0
22,39.973502,116.333965,39.98391696977997,116.3644588585819,2009-04-23 01:44:03,0
104,39.9836199,116.3020016,39.98391696977997,116.3644588585819,2007-12-24 22:18:30,0
84,39.985703,116.364556,39.98391696977997,116.3644588585819,2008-09-01 23:37:57,0
165,39.9777066666667,116.309648333333,39.98391696977997,116.3644588585819,2011-11-12 08:50:38,0
153,39.882465,116.411531,39.98391696977997,116.3644588585819,2009-04-04 06:12:10,0
67,39.9683533333333,116.338426666667,39.98391696977997,116.3644588585819,2011-06-17 03:41:07,0
68,39.993761,116.418013,39.98391696977997,116.3644588585819,2009-08-16 14:03:20,0
119,40.066612,116.407248,39.98391696977997,116.3644588585819,2008-09-07 09:36:22,0
153,39.932403,116.440928,39.98391696977997,116.3644588585819,2010-08-13 12:48:39,0
68,39.958925,116.434664,39.98391696977997,116.3644588585819,2008-10-25 11:20:41,0
22,39.904286,116.322596,39.98391696977997,116.3644588585819,2009-02-06 10:42:09,0
17,39.8932266,116.205415,39.98391696977997,116.3644588585819,2009-06-30 03:20:42,0
36,39.902346,116.346553,39.98391696977997,116.3644588585819,2009-07-09 10:20:15,0
144,39.9521716,115.8878383,39.98391696977997,116.3644588585819,2008-05-18 02:05:42,0
163,39.947532241,116.395940894,39.98391696977997,116.3644588585819,2012-01-17 11:36:51,0
39,39.896729,116.454919,39.98391696977997,116.3644588585819,2009-03-11 10:26:21,0
22,40.016205,116.355761,39.98391696977997,116.3644588585819,2009-05-28 13:37:59,0
111,40.4615666666667,116.654933333333,39.98391696977997,116.3644588585819,2007-06-16 00:53:38,0
50,39.8914108276367,116.344093322754,39.98391696977997,116.3644588585819,2009-08-06 18:47:09,0
29,39.870486,116.416309,39.98391696977997,116.3644588585819,2009-03-16 09:32:07,0
62,39.9875866,116.3033666,39.98391696977997,116.3644588585819,2008-11-09 06:29:21,0
153,39.92818,116.472594,39.98391696977997,116.3644588585819,2008-09-16 10:42:01,0
153,39.995151,116.456489,39.98391696977997,116.3644588585819,2009-08-16 06:58:13,0
55,39.9741066666667,116.33136,39.98391696977997,116.3644588585819,2011-08-29 02:54:12,0
25,40.0527599,116.59012,39.98391696977997,116.3644588585819,2009-02-07 23:57:29,0
153,39.926772,116.472582,39.98391696977997,116.3644588585819,2009-07-19 02:13:06,0
84,39.93812,116.429925,39.98391696977997,116.3644588585819,2008-09-19 03:35:16,0
163,39.977261,116.446809,39.98391696977997,116.3644588585819,2011-02-01 09:15:21,0
24,39.987706,116.3268,39.98391696977997,116.3644588585819,2009-05-14 08:31:13,0
17,39.94169,116.4280649,39.98391696977997,116.3644588585819,2009-05-25 08:00:28,0
62,39.99181,116.3008966,39.98391696977997,116.3644588585819,2008-12-14 01:42:05,0
153,39.927039,116.472236,39.98391696977997,116.3644588585819,2008-08-25 10:27:15,0
65,39.90478,116.023436666667,39.98391696977997,116.3644588585819,2011-10-05 06:02:07,0
125,40.0001649,116.3245566,39.98391696977997,116.3644588585819,2008-07-04 00:05:19,0
14,39.9661299,116.3350383,39.98391696977997,116.3644588585819,2008-12-22 09:18:47,0
126,39.9751966,116.4182416,39.98391696977997,116.3644588585819,2008-06-14 03:24:57,0
50,40.3600235,116.013854983333,39.98391696977997,116.3644588585819,2009-08-24 06:46:02,0
5,39.976752,116.336152,39.98391696977997,116.3644588585819,2008-10-25 15:10:54,0
128,39.9644083,116.4644883,39.98391696977997,116.3644588585819,2010-08-19 08:37:40,0
28,39.974835,116.312464,39.98391696977997,116.3644588585819,2009-02-20 09:54:49,0
167,39.973339,116.41823,39.98391696977997,116.3644588585819,2008-04-27 07:50:42,0
4,39.966024,116.315201,39.98391696977997,116.3644588585819,2009-03-08 05:18:53,0
153,39.932547,116.456426,39.98391696977997,116.3644588585819,2009-08-06 05:18:42,0
30,39.931624,116.74902,39.98391696977997,116.3644588585819,2009-01-18 10:15:34,0
167,40.102304,116.083133,39.98391696977997,116.3644588585819,2008-09-29 03:51:56,0
163,39.981833983,116.450409378,39.98391696977997,116.3644588585819,2012-02-02 21:07:18,0
153,39.986958,116.447665,39.98391696977997,116.3644588585819,2008-09-29 04:13:48,0
153,39.957873,116.492487,39.98391696977997,116.3644588585819,2008-10-23 00:30:53,0
85,39.981226,116.32718,39.98391696977997,116.3644588585819,2008-05-21 12:53:23,0
153,39.948177,116.424751,39.98391696977997,116.3644588585819,2011-01-29 15:48:44,0
30,40.001343,116.326775,39.98391696977997,116.3644588585819,2009-05-08 06:00:44,0
153,39.648492,116.317542,39.98391696977997,116.3644588585819,2011-05-21 08:20:16,0
34,40.1028716,116.4087799,39.98391696977997,116.3644588585819,2009-04-11 07:45:04,0
65,39.979194,116.309599,39.98391696977997,116.3644588585819,2009-09-26 09:27:16,0
10,40.145635,116.642131,39.98391696977997,116.3644588585819,2009-02-14 07:22:25,0
112,39.9710666,116.3305383,39.98391696977997,116.3644588585819,2008-04-12 15:16:37,0
84,39.675928,115.941124,39.98391696977997,116.3644588585819,2009-05-16 00:10:18,0
128,39.9474766,116.24184,39.98391696977997,116.3644588585819,2009-08-30 03:38:02,0
24,39.892476,116.343893,39.98391696977997,116.3644588585819,2009-02-07 04:47:44,0
41,39.8632849,116.2584166,39.98391696977997,116.3644588585819,2009-06-04 23:20:39,0
66,39.74885,116.328058,39.98391696977997,116.3644588585819,2009-05-08 12:19:34,0
85,40.634109,117.185235,39.98391696977997,116.3644588585819,2009-09-04 10:28:12,0
17,40.0135766,116.47474,39.98391696977997,116.3644588585819,2008-12-19 03:48:08,0
41,39.930895,116.2949133,39.98391696977997,116.3644588585819,2009-04-20 09:48:56,0
82,40.051433,116.401659,39.98391696977997,116.3644588585819,2009-03-30 18:53:57,0
22,39.934015,116.303924,39.98391696977997,116.3644588585819,2009-01-10 04:45:10,0
35,39.981832,116.326793,39.98391696977997,116.3644588585819,2009-04-08 06:17:20,0
14,39.9844116,116.3174083,39.98391696977997,116.3644588585819,2008-12-21 03:25:11,0
68,39.98283,116.417859,39.98391696977997,116.3644588585819,2009-07-02 07:56:33,0
69,39.92351,116.29979,39.98391696977997,116.3644588585819,2008-05-27 12:41:57,0
5,40.011601,116.321131,39.98391696977997,116.3644588585819,2008-10-30 11:00:45,0
17,39.887635,116.1962916,39.98391696977997,116.3644588585819,2009-04-21 03:57:30,0
37,39.9476933,116.2428649,39.98391696977997,116.3644588585819,2009-04-17 07:19:48,0
68,39.969602,116.420003,39.98391696977997,116.3644588585819,2009-02-16 03:19:19,0
22,39.973423,116.333836,39.98391696977997,116.3644588585819,2009-03-05 04:44:32,0
24,40.039217,116.318138,39.98391696977997,116.3644588585819,2009-05-25 23:06:51,0
38,39.9675616,116.3080466,39.98391696977997,116.3644588585819,2009-04-15 11:12:54,0
153,39.97825,116.330391,39.98391696977997,116.3644588585819,2011-01-07 12:33:26,0
24,39.890522,116.395565,39.98391696977997,116.3644588585819,2009-01-10 02:31:40,0
5,40.010462,116.320989,39.98391696977997,116.3644588585819,2008-11-11 16:06:58,0
14,39.9820683,116.3475133,39.98391696977997,116.3644588585819,2008-12-19 09:25:28,0
4,39.997815,116.331469,39.98391696977997,116.3644588585819,2009-07-16 03:01:16,0
167,39.977965,116.362471,39.98391696977997,116.3644588585819,2008-06-14 09:53:34,0
3,39.985918,116.326927,39.98391696977997,116.3644588585819,2008-12-10 01:44:51,0
17,39.8969483,116.3474399,39.98391696977997,116.3644588585819,2009-01-14 07:39:56,0
14,39.986835,116.3722566,39.98391696977997,116.3644588585819,2008-12-16 11:42:48,0
11,39.9785783,116.3597233,39.98391696977997,116.3644588585819,2008-10-25 03:49:40,0
179,40.088983,116.299266,39.98391696977997,116.3644588585819,2008-09-13 12:19:37,0
17,40.0040166,116.3463966,39.98391696977997,116.3644588585819,2009-01-10 12:15:29,0
128,40.378655,115.8360316,39.98391696977997,116.3644588585819,2010-08-08 02:32:27,0
52,39.895953,116.335823,39.98391696977997,116.3644588585819,2008-10-01 23:54:15,0
153,39.987478777,116.447193018,39.98391696977997,116.3644588585819,2012-01-01 14:59:42,0
68,40.267866,116.673937,39.98391696977997,116.3644588585819,2009-01-16 02:10:21,0
4,40.004284,116.324338,39.98391696977997,116.3644588585819,2008-11-06 19:43:57,0
153,39.980898537,116.449189527,39.98391696977997,116.3644588585819,2012-01-02 11:30:15,0
29,39.867549,116.358657,39.98391696977997,116.3644588585819,2009-01-13 23:08:11,0
3,40.122067,116.187043,39.98391696977997,116.3644588585819,2009-06-13 12:22:21,0
41,39.7656599,116.3357366,39.98391696977997,116.3644588585819,2009-06-06 06:04:21,0
41,39.8655749,116.3029266,39.98391696977997,116.3644588585819,2009-06-25 00:41:04,0
10,40.230216,116.296656,39.98391696977997,116.3644588585819,2009-02-14 03:25:56,0
68,39.97887,116.418025,39.98391696977997,116.3644588585819,2009-01-05 12:50:03,0
68,39.988866,116.42093,39.98391696977997,116.3644588585819,2009-05-18 02:45:41,0
52,39.98528,116.352781,39.98391696977997,116.3644588585819,2008-06-04 17:39:29,0
128,40.0780499,116.0330599,39.98391696977997,116.3644588585819,2008-10-12 04:39:40,0
41,40.2537466,116.5552466,39.98391696977997,116.3644588585819,2009-06-07 05:38:37,0
128,40.0074566,116.33036,39.98391696977997,116.3644588585819,2009-04-29 01:01:26,0
122,39.992449,116.206247,39.98391696977997,116.3644588585819,2009-05-28 10:25:16,0
153,39.905492,116.367849,39.98391696977997,116.3644588585819,2008-11-24 08:50:16,0
4,40.005854,116.343152,39.98391696977997,116.3644588585819,2008-12-15 09:37:42,0
58,39.979795,116.328756666667,39.98391696977997,116.3644588585819,2011-08-29 11:46:44,0
41,40.0059249,116.2823183,39.98391696977997,116.3644588585819,2009-03-12 22:24:23,0
70,39.975396,116.33286,39.98391696977997,116.3644588585819,2008-09-28 00:12:10,0
24,40.064243,116.566215,39.98391696977997,116.3644588585819,2009-03-10 05:02:28,0
30,40.003471,116.324377,39.98391696977997,116.3644588585819,2009-05-11 04:18:42,0
30,40.003508,116.323932,39.98391696977997,116.3644588585819,2009-06-15 06:43:59,0
17,39.3846099,116.6379933,39.98391696977997,116.3644588585819,2009-05-28 08:59:35,0
22,39.968324,116.313771,39.98391696977997,116.3644588585819,2009-02-16 08:59:38,0
64,39.97782,116.318896,39.98391696977997,116.3644588585819,2008-08-15 08:04:05,0
167,39.975895,116.311497,39.98391696977997,116.3644588585819,2008-09-04 09:39:37,0
17,39.9811399,116.3826533,39.98391696977997,116.3644588585819,2009-04-03 08:54:49,0
22,39.973449,116.334083,39.98391696977997,116.3644588585819,2009-07-07 15:18:36,0
153,39.957685,116.483588,39.98391696977997,116.3644588585819,2008-11-22 09:24:56,0
71,39.976535,116.32735,39.98391696977997,116.3644588585819,2012-01-03 10:13:03,0
153,39.9196666,116.4719883,39.98391696977997,116.3644588585819,2008-06-20 00:21:24,0
4,39.975021,116.336242,39.98391696977997,116.3644588585819,2009-05-17 09:53:22,0
20,39.9746233333333,116.312415,39.98391696977997,116.3644588585819,2011-09-02 15:45:01,0
62,39.9840133,116.3105683,39.98391696977997,116.3644588585819,2007-12-09 07:20:05,0
115,39.9972466,116.3805616,39.98391696977997,116.3644588585819,2008-06-10 23:45:39,0
163,39.98266488,116.453540148,39.98391696977997,116.3644588585819,2012-02-19 14:40:46,0
2,40.002394,116.202325,39.98391696977997,116.3644588585819,2009-03-22 04:01:25,0
0,40.000046,116.327355,39.98391696977997,116.3644588585819,2009-06-16 10:54:01,0
115,39.9854516,116.3395916,39.98391696977997,116.3644588585819,2008-07-07 00:05:39,0
153,39.947487,116.455682,39.98391696977997,116.3644588585819,2011-01-29 05:50:03,0
68,39.981065,116.418101,39.98391696977997,116.3644588585819,2009-09-11 06:48:43,0
30,39.99441,116.331452,39.98391696977997,116.3644588585819,2009-04-09 06:00:00,0
168,40.036119,116.405093,39.98391696977997,116.3644588585819,2011-07-11 13:38:04,0
16,39.949401,116.124928,39.98391696977997,116.3644588585819,2008-11-08 08:42:35,0
50,39.8959884666667,116.321380616667,39.98391696977997,116.3644588585819,2009-08-06 10:57:13,0
167,39.976835,116.328227,39.98391696977997,116.3644588585819,2008-05-05 15:44:43,0
38,39.969955,116.3089633,39.98391696977997,116.3644588585819,2009-02-28 03:35:48,0
17,40.0158599,116.37359,39.98391696977997,116.3644588585819,2009-07-04 08:59:46,0
38,39.968735,116.3094399,39.98391696977997,116.3644588585819,2009-03-08 01:39:26,0
153,39.927024,116.472483,39.98391696977997,116.3644588585819,2009-09-07 00:47:22,0
11,39.9528716,116.3486983,39.98391696977997,116.3644588585819,2008-11-21 04:37:58,0
41,39.8734183,116.2583249,39.98391696977997,116.3644588585819,2009-07-09 22:39:42,0
50,39.9011344833333,116.304534916667,39.98391696977997,116.3644588585819,2009-08-19 08:20:09,0
85,40.042105,116.407609,39.98391696977997,116.3644588585819,2009-08-31 12:10:26,0
20,39.9796616666667,116.320873333333,39.98391696977997,116.3644588585819,2011-10-12 01:31:35,0
25,39.9876033,116.3021033,39.98391696977997,116.3644588585819,2009-04-02 13:37:29,0
163,39.967712,116.412691,39.98391696977997,116.3644588585819,2008-05-15 14:18:36,0
25,39.9822916,116.310305,39.98391696977997,116.3644588585819,2009-06-21 01:05:07,0
25,39.9666183,116.3149133,39.98391696977997,116.3644588585819,2008-12-24 09:02:50,0
163,39.979772,116.30363166,39.98391696977997,116.3644588585819,2011-12-27 08:29:38,0
65,39.9664533333333,116.315073333333,39.98391696977997,116.3644588585819,2011-09-29 01:51:15,0
15,40.047006,116.320798,39.98391696977997,116.3644588585819,2008-11-08 13:45:27,0
34,39.9377216,116.3202816,39.98391696977997,116.3644588585819,2009-02-18 06:41:57,0
13,39.967601,116.417609,39.98391696977997,116.3644588585819,2008-12-04 09:58:02,0
32,39.885804,116.640686,39.98391696977997,116.3644588585819,2009-01-22 06:08:44,0
153,39.93226,116.454436,39.98391696977997,116.3644588585819,2010-02-07 09:44:24,0
4,40.009274,116.324377,39.98391696977997,116.3644588585819,2009-03-24 05:34:42,0
39,39.973373,116.488203,39.98391696977997,116.3644588585819,2009-04-27 01:30:39,0
68,39.852176,116.214819,39.98391696977997,116.3644588585819,2009-08-06 03:56:41,0
41,39.8756233,116.2587133,39.98391696977997,116.3644588585819,2009-05-24 03:35:25,0
85,40.005862,116.331189,39.98391696977997,116.3644588585819,2009-09-14 00:07:43,0
153,39.968278,116.461562,39.98391696977997,116.3644588585819,2011-04-08 10:13:09,0
20,39.9750366666667,116.325301666667,39.98391696977997,116.3644588585819,2011-08-28 14:48:51,0
82,40.051775,116.400099,39.98391696977997,116.3644588585819,2009-05-15 18:37:09,0
67,39.9749366666667,116.333395,39.98391696977997,116.3644588585819,2011-05-12 01:28:57,0
10,39.529352,116.670283,39.98391696977997,116.3644588585819,2007-08-28 17:45:22,0
41,40.6311066,117.28794,39.98391696977997,116.3644588585819,2009-04-07 04:48:16,0
35,40.013416,116.296516,39.98391696977997,116.3644588585819,2009-02-28 08:46:37,0
163,39.948268318,116.469291435,39.98391696977997,116.3644588585819,2012-07-14 19:20:03,0
65,39.998365,116.268452,39.98391696977997,116.3644588585819,2009-09-26 07:13:36,0
74,39.977105,116.329643333333,39.98391696977997,116.3644588585819,2012-03-11 14:38:26,0
37,39.9111849,116.4563149,39.98391696977997,116.3644588585819,2009-02-17 09:44:23,0
71,39.9256366666667,116.384496666667,39.98391696977997,116.3644588585819,2012-04-08 07:21:58,0
34,40.0000999,116.3609333,39.98391696977997,116.3644588585819,2009-03-03 12:38:56,0
24,40.002102,116.30902,39.98391696977997,116.3644588585819,2009-03-15 06:41:07,0
25,39.9458983,116.4017116,39.98391696977997,116.3644588585819,2009-05-28 07:46:17,0
10,39.8627,116.374019,39.98391696977997,116.3644588585819,2008-09-18 11:57:18,0
25,39.9557216,116.3647033,39.98391696977997,116.3644588585819,2009-04-30 12:03:25,0
125,40.100448,116.183032,39.98391696977997,116.3644588585819,2008-05-23 06:42:42,0
62,39.932875,116.4551733,39.98391696977997,116.3644588585819,2008-12-05 02:16:31,0
163,39.933626,116.396954,39.98391696977997,116.3644588585819,2009-08-30 01:58:30,0
41,40.0317883,116.46441,39.98391696977997,116.3644588585819,2009-07-04 09:28:18,0
155,39.908862,116.410168,39.98391696977997,116.3644588585819,2009-08-04 10:16:42,0
17,39.9756066,116.3928866,39.98391696977997,116.3644588585819,2009-06-18 09:59:19,0
167,40.001598,116.321584,39.98391696977997,116.3644588585819,2008-05-22 01:38:16,0
115,39.9872633,116.4065183,39.98391696977997,116.3644588585819,2008-07-04 14:03:40,0
37,39.8750316,116.3943116,39.98391696977997,116.3644588585819,2009-07-25 11:51:13,0
68,39.968386,116.418572,39.98391696977997,116.3644588585819,2009-08-24 01:41:41,0
42,39.8321049,116.2861583,39.98391696977997,116.3644588585819,2009-02-18 07:08:34,0
17,39.9850249,116.3284016,39.98391696977997,116.3644588585819,2009-06-05 10:54:45,0
96,39.976951,116.327668,39.98391696977997,116.3644588585819,2008-07-18 03:49:25,0
13,39.955957,116.421305,39.98391696977997,116.3644588585819,2009-01-20 10:04:00,0
41,39.8614566,116.2587466,39.98391696977997,116.3644588585819,2009-05-08 04:53:48,0
17,39.9097299,116.3288199,39.98391696977997,116.3644588585819,2008-11-09 11:53:45,0
68,39.985893,116.401189,39.98391696977997,116.3644588585819,2009-04-25 05:29:01,0
96,40.00793,116.319227,39.98391696977997,116.3644588585819,2008-07-10 23:58:55,0
7,39.816059,116.395738,39.98391696977997,116.3644588585819,2008-12-12 06:01:07,0
168,39.86838,116.35148,39.98391696977997,116.3644588585819,2011-07-12 22:54:17,0
52,39.975346,116.37312,39.98391696977997,116.3644588585819,2008-08-24 23:54:59,0
37,39.96639,116.3326249,39.98391696977997,116.3644588585819,2009-01-21 06:22:11,0
179,40.088274,116.305956,39.98391696977997,116.3644588585819,2008-09-06 13:40:43,0
41,39.937775,116.3144199,39.98391696977997,116.3644588585819,2009-04-27 07:16:16,0
141,39.9759433333333,116.332871666667,39.98391696977997,116.3644588585819,2011-09-25 11:50:11,0
67,39.9781016666667,116.333031666667,39.98391696977997,116.3644588585819,2011-06-25 04:04:13,0
126,39.975806,116.330636,39.98391696977997,116.3644588585819,2008-12-14 07:19:53,0
128,40.0730066,116.3110649,39.98391696977997,116.3644588585819,2009-08-02 04:28:03,0
126,40.006019,116.320443,39.98391696977997,116.3644588585819,2008-12-26 16:42:50,0
37,39.9308599,116.3497116,39.98391696977997,116.3644588585819,2009-03-20 06:51:30,0
52,39.984885,116.352626,39.98391696977997,116.3644588585819,2008-06-08 06:12:38,0
167,39.971009,116.421893,39.98391696977997,116.3644588585819,2008-05-12 11:27:54,0
39,40.072244,116.416555,39.98391696977997,116.3644588585819,2009-06-20 00:33:35,0
17,39.990665,116.3279583,39.98391696977997,116.3644588585819,2009-06-19 13:50:42,0
38,39.9206066,116.3672133,39.98391696977997,116.3644588585819,2009-04-12 03:10:34,0
67,39.9036216666667,116.247076666667,39.98391696977997,116.3644588585819,2011-06-26 05:51:05,0
13,39.966251,116.373111,39.98391696977997,116.3644588585819,2008-12-03 09:18:01,0
73,39.9752366,116.3357366,39.98391696977997,116.3644588585819,2008-07-16 10:26:10,0
13,39.967837,116.406514,39.98391696977997,116.3644588585819,2008-10-12 23:41:21,0
29,39.803548,116.5142,39.98391696977997,116.3644588585819,2009-01-19 00:08:39,0
128,40.0836766,116.3243833,39.98391696977997,116.3644588585819,2010-02-25 01:35:43,0
85,39.981307,116.329643,39.98391696977997,116.3644588585819,2008-11-02 10:12:15,0
17,39.9856133,116.3428216,39.98391696977997,116.3644588585819,2009-02-06 08:40:04,0
13,39.967679,116.41756,39.98391696977997,116.3644588585819,2008-11-14 12:05:38,0
9,39.997593,116.331093,39.98391696977997,116.3644588585819,2008-12-12 00:28:48,0
52,39.985383,116.351886,39.98391696977997,116.3644588585819,2008-06-10 10:56:32,0
16,39.97401,116.337771,39.98391696977997,116.3644588585819,2008-10-25 13:24:57,0
41,39.8956333,116.2202633,39.98391696977997,116.3644588585819,2009-03-04 08:43:03,0
41,39.9896866,116.0533433,39.98391696977997,116.3644588585819,2009-04-27 06:00:49,0
17,39.9863316,116.3821966,39.98391696977997,116.3644588585819,2008-12-17 00:20:47,0
128,40.2571916,116.2677283,39.98391696977997,116.3644588585819,2010-05-08 09:58:39,0
2,39.89902,116.212608,39.98391696977997,116.3644588585819,2008-11-23 08:27:51,0
71,40.6262366666667,116.774411666667,39.98391696977997,116.3644588585819,2012-05-05 04:53:57,0
96,39.999566,116.328101,39.98391696977997,116.3644588585819,2008-11-05 14:38:59,0
84,39.934728,116.430094,39.98391696977997,116.3644588585819,2008-10-14 02:16:10,0
33,39.974079,116.333423,39.98391696977997,116.3644588585819,2009-01-09 04:00:03,0
163,39.992533,116.46222,39.98391696977997,116.3644588585819,2011-09-11 05:24:51,0
35,39.982026,116.326478,39.98391696977997,116.3644588585819,2009-02-24 07:18:48,0
52,39.967634,116.30196,39.98391696977997,116.3644588585819,2008-10-12 12:28:40,0
82,40.056514,116.297557,39.98391696977997,116.3644588585819,2009-05-16 05:11:48,0
140,40.4052066,116.9756083,39.98391696977997,116.3644588585819,2009-04-04 06:07:32,0
38,39.9718766,116.3123149,39.98391696977997,116.3644588585819,2009-04-12 06:54:03,0
84,39.935139,116.432514,39.98391696977997,116.3644588585819,2009-04-09 00:19:35,0
68,39.998179,116.443889,39.98391696977997,116.3644588585819,2009-07-22 15:14:09,0
68,39.937067,116.421984,39.98391696977997,116.3644588585819,2009-07-28 05:04:26,0
153,40.170916,116.317273,39.98391696977997,116.3644588585819,2010-06-15 08:37:07,0
95,39.9747633333333,116.310683333333,39.98391696977997,116.3644588585819,2011-05-02 01:45:45,0
83,39.8793883,116.3930449,39.98391696977997,116.3644588585819,2009-01-26 16:01:41,0
13,39.802181,116.828692,39.98391696977997,116.3644588585819,2008-09-28 07:56:56,0
41,39.9116599,116.2679966,39.98391696977997,116.3644588585819,2009-03-09 11:40:38,0
141,39.98598,116.186933333333,39.98391696977997,116.3644588585819,2011-10-22 04:07:40,0
28,39.929075,116.304466,39.98391696977997,116.3644588585819,2009-03-05 23:29:58,0
85,39.975274,116.313264,39.98391696977997,116.3644588585819,2008-05-28 10:05:18,0
147,39.977034,116.302783,39.98391696977997,116.3644588585819,2011-05-19 09:21:28,0
62,40.0088333,116.3019483,39.98391696977997,116.3644588585819,2008-08-07 07:06:01,0
153,39.923465,116.472344,39.98391696977997,116.3644588585819,2009-07-05 06:47:10,0
22,39.97364,116.334767,39.98391696977997,116.3644588585819,2009-04-29 12:25:16,0
81,40.007078,116.322031,39.98391696977997,116.3644588585819,2008-05-23 14:47:35,0
2,39.957453,116.33022,39.98391696977997,116.3644588585819,2009-03-15 09:53:53,0
38,39.9682566,116.3065866,39.98391696977997,116.3644588585819,2009-03-01 10:47:04,0
14,40.0135499,116.4506233,39.98391696977997,116.3644588585819,2008-12-06 08:24:02,0
166,39.9777616,116.3313449,39.98391696977997,116.3644588585819,2008-06-01 12:22:13,0
17,39.9224766,116.3538833,39.98391696977997,116.3644588585819,2009-02-06 03:37:35,0
11,39.9580216,116.3473616,39.98391696977997,116.3644588585819,2008-10-21 23:37:02,0
85,39.9315,116.337657,39.98391696977997,116.3644588585819,2008-07-31 23:56:17,0
4,39.995031,116.326366,39.98391696977997,116.3644588585819,2009-01-01 10:44:12,0
1,39.997232,116.196578,39.98391696977997,116.3644588585819,2008-10-25 02:14:44,0
96,39.976948,116.328147,39.98391696977997,116.3644588585819,2008-09-19 14:57:27,0
24,40.049201,116.300022,39.98391696977997,116.3644588585819,2009-05-19 09:57:27,0
85,40.037328,116.310892,39.98391696977997,116.3644588585819,2009-09-27 11:43:53,0
68,39.974782,116.418515,39.98391696977997,116.3644588585819,2008-11-28 12:42:21,0
30,39.99455,116.328439,39.98391696977997,116.3644588585819,2009-05-19 10:44:21,0
17,39.9670733,116.3900616,39.98391696977997,116.3644588585819,2008-12-05 06:28:40,0
126,39.986294,116.3272,39.98391696977997,116.3644588585819,2008-11-03 17:44:24,0
84,39.954666,116.418977,39.98391696977997,116.3644588585819,2008-09-25 00:32:51,0
39,39.978984,116.341451,39.98391696977997,116.3644588585819,2009-05-09 11:12:34,0
9,40.002959,116.34404,39.98391696977997,116.3644588585819,2008-11-14 15:50:18,0
104,39.9304483,116.2952666,39.98391696977997,116.3644588585819,2008-10-10 17:49:31,0
66,39.904955,116.37152,39.98391696977997,116.3644588585819,2009-08-20 12:29:11,0
42,39.6926766,116.3329333,39.98391696977997,116.3644588585819,2009-03-12 04:49:22,0
65,39.7979433333333,116.485215,39.98391696977997,116.3644588585819,2011-08-30 11:57:54,0
34,39.9804016,116.2994516,39.98391696977997,116.3644588585819,2009-02-16 07:23:07,0
52,39.974754,116.30801,39.98391696977997,116.3644588585819,2008-05-28 11:15:20,0
36,39.981443,116.346353,39.98391696977997,116.3644588585819,2009-04-06 05:28:50,0
25,39.9854049,116.3431633,39.98391696977997,116.3644588585819,2009-06-14 12:59:20,0
163,39.974924964,116.305058589,39.98391696977997,116.3644588585819,2012-03-30 17:22:00,0
128,39.8912633,116.4387616,39.98391696977997,116.3644588585819,2010-05-22 14:06:32,0
35,39.981426,116.321181,39.98391696977997,116.3644588585819,2009-03-22 23:28:19,0
38,39.9690816,116.3051566,39.98391696977997,116.3644588585819,2009-04-07 22:48:12,0
85,39.94254,116.304503,39.98391696977997,116.3644588585819,2008-05-17 08:46:42,0
30,40.005733,116.324286,39.98391696977997,116.3644588585819,2009-06-10 10:01:33,0
3,39.998718,116.307827,39.98391696977997,116.3644588585819,2009-04-04 07:04:44,0
17,39.8932166,116.1715316,39.98391696977997,116.3644588585819,2009-04-16 08:36:02,0
24,40.053408,116.322329,39.98391696977997,116.3644588585819,2009-02-04 10:24:36,0
17,39.9806416,116.3476616,39.98391696977997,116.3644588585819,2009-05-24 13:11:50,0
30,39.947168,116.783074,39.98391696977997,116.3644588585819,2009-02-05 05:38:11,0
3,39.714894,116.34948,39.98391696977997,116.3644588585819,2008-12-14 08:17:38,0
28,39.92368,116.179653,39.98391696977997,116.3644588585819,2009-03-11 10:58:42,0
85,40.017727,116.319692,39.98391696977997,116.3644588585819,2009-09-28 01:27:01,0
15,39.991655,116.33125,39.98391696977997,116.3644588585819,2008-11-18 00:05:22,0
10,39.989523,116.326901,39.98391696977997,116.3644588585819,2008-09-17 00:03:10,0
67,39.977375,116.31006,39.98391696977997,116.3644588585819,2011-04-14 11:05:19,0
14,39.9625049,116.3548816,39.98391696977997,116.3644588585819,2009-02-26 00:14:22,0
163,39.986550967,116.377833522,39.98391696977997,116.3644588585819,2012-04-25 08:28:10,0
115,39.985185,116.3301749,39.98391696977997,116.3644588585819,2008-09-27 02:52:56,0
30,40.006975,116.318049,39.98391696977997,116.3644588585819,2009-02-06 06:00:51,0
142,39.922963,116.282176,39.98391696977997,116.3644588585819,2010-06-19 05:17:27,0
17,39.9845983,116.3870583,39.98391696977997,116.3644588585819,2009-01-07 08:04:55,0
62,40.1952133,116.2248499,39.98391696977997,116.3644588585819,2008-08-01 11:47:38,0
24,39.938044,116.189202,39.98391696977997,116.3644588585819,2009-05-20 05:56:08,0
92,39.9744699,116.3193833,39.98391696977997,116.3644588585819,2008-08-07 00:29:36,0
3,39.999828,116.326164,39.98391696977997,116.3644588585819,2009-06-12 07:28:02,0
141,39.9746633333333,116.31056,39.98391696977997,116.3644588585819,2011-10-12 11:55:27,0
128,39.9466466,116.3660883,39.98391696977997,116.3644588585819,2009-08-01 08:58:38,0
153,40.241932,116.135877,39.98391696977997,116.3644588585819,2009-07-09 06:06:15,0
4,40.002386,116.325803,39.98391696977997,116.3644588585819,2009-04-23 04:22:42,0
14,39.9669533,116.3683449,39.98391696977997,116.3644588585819,2008-12-17 00:03:28,0
17,40.0211783,116.3854166,39.98391696977997,116.3644588585819,2009-06-07 02:40:43,0
153,39.987219,116.44936,39.98391696977997,116.3644588585819,2009-10-07 03:28:26,0
68,39.99227,116.417953,39.98391696977997,116.3644588585819,2009-04-22 14:15:48,0
128,40.0696899,116.3287166,39.98391696977997,116.3644588585819,2009-02-19 01:21:33,0
22,40.06964,116.329921,39.98391696977997,116.3644588585819,2009-06-06 03:17:40,0
85,39.866811,116.352375,39.98391696977997,116.3644588585819,2008-12-17 09:58:32,0
39,39.9981,116.358873,39.98391696977997,116.3644588585819,2009-02-18 23:52:18,0
65,39.9804983333333,116.413421666667,39.98391696977997,116.3644588585819,2011-08-30 13:47:49,0
41,39.8309483,116.3402366,39.98391696977997,116.3644588585819,2009-05-02 04:16:44,0
116,39.975149286,116.322197514,39.98391696977997,116.3644588585819,2011-08-05 09:28:39,0
153,39.987375,116.403857,39.98391696977997,116.3644588585819,2011-07-08 13:21:39,0
41,39.8924083,116.2681499,39.98391696977997,116.3644588585819,2009-06-11 05:43:40,0
68,39.933438,116.495913,39.98391696977997,116.3644588585819,2009-04-03 03:10:51,0
4,39.953357,116.222511,39.98391696977997,116.3644588585819,2009-02-24 00:14:18,0
35,39.981659,116.321301,39.98391696977997,116.3644588585819,2009-04-15 10:28:08,0
128,40.0002383,116.3314366,39.98391696977997,116.3644588585819,2010-04-23 01:23:09,0
179,40.003606,116.321494,39.98391696977997,116.3644588585819,2008-09-05 11:57:53,0
41,39.8648749,116.2883999,39.98391696977997,116.3644588585819,2009-05-19 00:34:17,0
153,39.986751,116.459151,39.98391696977997,116.3644588585819,2010-04-17 09:06:29,0
142,39.9758449,116.3307933,39.98391696977997,116.3644588585819,2008-05-25 04:52:39,0
46,40.025673,116.343357,39.98391696977997,116.3644588585819,2010-05-12 00:39:54,0
22,39.903658,116.461517,39.98391696977997,116.3644588585819,2009-04-10 12:27:27,0
126,39.9706,116.422532,39.98391696977997,116.3644588585819,2008-09-15 08:22:15,0
68,40.056562,116.4092,39.98391696977997,116.3644588585819,2008-11-05 02:40:15,0
3,40.009664,116.315094,39.98391696977997,116.3644588585819,2009-04-03 14:50:05,0
126,40.0013999,116.4027899,39.98391696977997,116.3644588585819,2008-05-23 07:34:08,0
17,39.9675233,116.4316249,39.98391696977997,116.3644588585819,2009-03-13 07:22:31,0
41,40.2908566,116.5796466,39.98391696977997,116.3644588585819,2009-05-16 01:26:38,0
41,39.8779849,116.2702466,39.98391696977997,116.3644588585819,2009-05-21 10:37:56,0
22,39.921783,116.461309,39.98391696977997,116.3644588585819,2009-02-22 08:19:13,0
169,39.9754,116.363295,39.98391696977997,116.3644588585819,2010-06-02 01:49:36,0
112,39.8664033,116.4886683,39.98391696977997,116.3644588585819,2008-06-20 09:40:59,0
65,40.0006533333333,116.326415,39.98391696977997,116.3644588585819,2011-09-19 04:28:40,0
119,39.953621,116.493286,39.98391696977997,116.3644588585819,2008-09-20 20:56:41,0
165,39.9786966666667,116.310318333333,39.98391696977997,116.3644588585819,2011-11-19 07:56:51,0
62,40.0213316,116.3075583,39.98391696977997,116.3644588585819,2008-09-16 07:01:47,0
167,39.9918466,116.3269299,39.98391696977997,116.3644588585819,2008-04-13 14:25:36,0
170,40.002235,116.33127,39.98391696977997,116.3644588585819,2008-05-12 01:47:06,0
122,39.950069,116.401698,39.98391696977997,116.3644588585819,2009-08-23 09:33:19,0
4,39.962255,116.301522,39.98391696977997,116.3644588585819,2009-04-03 11:44:29,0
24,40.168782,116.225117,39.98391696977997,116.3644588585819,2009-05-13 12:10:06,0
68,39.967701,116.418446,39.98391696977997,116.3644588585819,2009-03-07 07:16:54,0
37,39.9775849,116.3065516,39.98391696977997,116.3644588585819,2009-04-15 09:59:39,0
50,39.99502,116.197257,39.98391696977997,116.3644588585819,2009-07-07 19:13:44,0
81,39.936614,116.328619,39.98391696977997,116.3644588585819,2008-07-24 10:26:32,0
67,40.0021166666667,116.33127,39.98391696977997,116.3644588585819,2011-04-23 15:05:41,0
153,40.039408,116.333007,39.98391696977997,116.3644588585819,2009-07-09 10:33:46,0
62,39.9874199,116.3033333,39.98391696977997,116.3644588585819,2008-10-19 03:19:02,0
24,40.402729,115.876122,39.98391696977997,116.3644588585819,2009-01-29 02:51:04,0
112,39.972505,116.3278099,39.98391696977997,116.3644588585819,2008-06-09 15:17:09,0
141,39.97562,116.334005,39.98391696977997,116.3644588585819,2011-09-25 07:13:03,0
167,40.002679,116.410953,39.98391696977997,116.3644588585819,2008-06-01 10:13:34,0
14,39.9759816,116.38164,39.98391696977997,116.3644588585819,2008-11-09 23:53:28,0
167,39.975297,116.331858,39.98391696977997,116.3644588585819,2008-05-29 11:17:01,0
167,39.971324,116.419542,39.98391696977997,116.3644588585819,2008-12-13 08:57:43,0
10,39.986163,116.368139,39.98391696977997,116.3644588585819,2008-10-21 00:52:23,0
9,39.996206,116.327182,39.98391696977997,116.3644588585819,2008-12-05 07:36:15,0
62,39.98877,116.3050033,39.98391696977997,116.3644588585819,2008-11-09 07:52:21,0
167,40.006196,116.320439,39.98391696977997,116.3644588585819,2008-04-29 15:03:57,0
153,39.920861,116.47183,39.98391696977997,116.3644588585819,2008-08-15 00:55:15,0
167,39.975277,116.359123,39.98391696977997,116.3644588585819,2008-08-31 03:59:51,0
167,39.997834,116.326289,39.98391696977997,116.3644588585819,2008-08-11 03:38:47,0
125,39.9923799,116.3269199,39.98391696977997,116.3644588585819,2008-07-03 14:41:22,0
3,39.939341,116.34779,39.98391696977997,116.3644588585819,2008-10-27 09:52:57,0
30,39.940327,116.346821,39.98391696977997,116.3644588585819,2009-03-14 04:43:17,0
126,39.974557,116.418191,39.98391696977997,116.3644588585819,2008-09-18 12:09:58,0
153,39.912553,116.470778,39.98391696977997,116.3644588585819,2008-12-01 13:28:35,0
153,39.988424948,116.450936728,39.98391696977997,116.3644588585819,2011-10-17 17:45:17,0
15,40.032122,116.31404,39.98391696977997,116.3644588585819,2008-11-11 09:26:48,0
128,39.97532,116.3336516,39.98391696977997,116.3644588585819,2010-06-10 13:22:26,0
41,40.3722633,116.552085,39.98391696977997,116.3644588585819,2009-07-06 02:16:20,0
37,39.98429,116.2947099,39.98391696977997,116.3644588585819,2009-03-28 08:36:30,0
83,39.9809966,116.3058916,39.98391696977997,116.3644588585819,2009-01-30 10:11:22,0
17,39.9659816,116.3257316,39.98391696977997,116.3644588585819,2009-06-04 08:02:52,0
40,39.970195,116.30411,39.98391696977997,116.3644588585819,2009-02-24 12:20:00,0
44,39.991656,116.326948,39.98391696977997,116.3644588585819,2009-07-13 02:57:44,0
153,39.971496,116.441904,39.98391696977997,116.3644588585819,2011-01-06 09:52:10,0
179,40.088264,116.305817,39.98391696977997,116.3644588585819,2008-09-06 17:05:49,0
128,39.996355,116.3770466,39.98391696977997,116.3644588585819,2008-08-23 09:47:40,0
68,39.95356,116.269488,39.98391696977997,116.3644588585819,2009-08-10 19:22:30,0
5,39.976055,116.335797,39.98391696977997,116.3644588585819,2009-01-16 14:27:10,0
153,40.219087,116.224231,39.98391696977997,116.3644588585819,2009-07-09 06:42:58,0
1,40.013165,116.308955,39.98391696977997,116.3644588585819,2008-11-14 14:26:27,0
153,39.97422,116.331895,39.98391696977997,116.3644588585819,2009-03-19 13:03:46,0
65,39.942525,116.094638333333,39.98391696977997,116.3644588585819,2011-10-05 07:40:28,0
37,39.9667216,116.26823,39.98391696977997,116.3644588585819,2009-02-14 09:54:46,0
24,40.088049,116.272785,39.98391696977997,116.3644588585819,2009-02-16 09:37:46,0
62,40.0283233,116.5547583,39.98391696977997,116.3644588585819,2008-08-05 09:47:13,0
167,39.977846,116.327623,39.98391696977997,116.3644588585819,2008-11-25 04:57:13,0
2,39.922244,116.343469,39.98391696977997,116.3644588585819,2009-02-15 12:39:14,0
41,39.8261583,116.663915,39.98391696977997,116.3644588585819,2009-05-09 01:27:10,0
144,40.034725,116.316983,39.98391696977997,116.3644588585819,2009-07-19 13:18:16,0
71,39.9810883333333,116.330976666667,39.98391696977997,116.3644588585819,2012-05-11 19:25:46,0
13,39.955427,116.422668,39.98391696977997,116.3644588585819,2008-11-13 10:23:57,0
163,39.941951832,116.470947766,39.98391696977997,116.3644588585819,2011-10-22 12:43:08,0
167,39.970756,116.422279,39.98391696977997,116.3644588585819,2008-05-04 12:46:47,0
67,39.906965,116.449076666667,39.98391696977997,116.3644588585819,2011-04-23 13:27:33,0
74,39.976475,116.331523333333,39.98391696977997,116.3644588585819,2012-01-12 13:27:14,0
17,39.985085,116.3361316,39.98391696977997,116.3644588585819,2009-06-12 00:04:20,0
4,39.952496,116.801762,39.98391696977997,116.3644588585819,2009-01-17 14:00:54,0
179,40.088804,116.298313,39.98391696977997,116.3644588585819,2008-10-02 10:59:16,0
153,39.984806,116.437662,39.98391696977997,116.3644588585819,2010-01-08 14:12:26,0
163,39.830887,116.339575,39.98391696977997,116.3644588585819,2011-04-03 04:54:19,0
42,39.9027733,116.2626966,39.98391696977997,116.3644588585819,2009-03-20 10:44:24,0
39,39.978984,116.341628,39.98391696977997,116.3644588585819,2009-05-09 12:26:34,0
3,39.990561,116.327009,39.98391696977997,116.3644588585819,2008-12-11 02:40:20,0
141,39.9966616666667,116.276728333333,39.98391696977997,116.3644588585819,2011-10-22 08:03:42,0
144,39.973425,116.3749416,39.98391696977997,116.3644588585819,2008-10-03 09:10:50,0
14,39.9999749,116.3604883,39.98391696977997,116.3644588585819,2009-01-31 07:36:39,0
22,39.973492,116.331924,39.98391696977997,116.3644588585819,2009-02-06 05:41:36,0
17,39.9994383,116.3807899,39.98391696977997,116.3644588585819,2009-03-08 07:32:27,0
65,39.9663983333333,116.320491666667,39.98391696977997,116.3644588585819,2011-09-07 10:56:02,0
41,39.8899683,116.2584183,39.98391696977997,116.3644588585819,2009-06-22 15:15:47,0
22,39.97346,116.30053,39.98391696977997,116.3644588585819,2009-05-06 14:26:39,0
17,39.9665933,116.3769116,39.98391696977997,116.3644588585819,2009-01-12 09:06:31,0
14,40.1505999,116.5363866,39.98391696977997,116.3644588585819,2008-11-16 01:49:54,0
128,39.9757599,116.3311283,39.98391696977997,116.3644588585819,2008-10-17 03:18:40,0
68,39.969821,116.423255,39.98391696977997,116.3644588585819,2009-03-02 00:03:31,0
24,39.924107,116.310702,39.98391696977997,116.3644588585819,2009-01-22 05:44:04,0
163,40.004624,116.321354,39.98391696977997,116.3644588585819,2009-07-29 10:03:43,0
15,39.907252,116.47104,39.98391696977997,116.3644588585819,2009-02-27 00:06:56,0
62,39.9839733,116.3111816,39.98391696977997,116.3644588585819,2008-08-22 23:42:59,0
155,39.889907,116.41259,39.98391696977997,116.3644588585819,2009-07-22 12:54:54,0
165,39.9776916666667,116.302415,39.98391696977997,116.3644588585819,2011-11-19 05:55:52,0
52,39.984992,116.352616,39.98391696977997,116.3644588585819,2008-06-10 17:08:18,0
141,39.97583,116.400648333333,39.98391696977997,116.3644588585819,2011-09-10 08:32:55,0
4,39.972887,116.299724,39.98391696977997,116.3644588585819,2009-06-17 05:47:23,0
88,39.9857583,116.3477316,39.98391696977997,116.3644588585819,2008-10-11 04:40:35,0
52,39.982565,116.330487,39.98391696977997,116.3644588585819,2008-07-23 11:32:12,0
39,40.073593,116.406214,39.98391696977997,116.3644588585819,2009-06-30 00:22:25,0
62,39.96681,116.3781216,39.98391696977997,116.3644588585819,2008-12-05 09:14:07,0
85,39.950865,116.3220049,39.98391696977997,116.3644588585819,2008-08-30 11:17:43,0
41,40.3521366,116.4697116,39.98391696977997,116.3644588585819,2009-07-07 00:47:41,0
10,39.930721,116.349233,39.98391696977997,116.3644588585819,2008-10-17 11:54:04,0
3,40.000769,116.327086,39.98391696977997,116.3644588585819,2009-06-16 07:09:07,0
50,39.9217872666667,116.383430483333,39.98391696977997,116.3644588585819,2009-08-21 07:19:09,0
65,39.9709833333333,116.296801666667,39.98391696977997,116.3644588585819,2011-09-08 02:54:41,0
128,40.0750816,116.3277316,39.98391696977997,116.3644588585819,2010-02-05 13:25:05,0
144,39.9075266,116.3855349,39.98391696977997,116.3644588585819,2008-10-03 11:01:30,0
115,39.9066583,116.5108483,39.98391696977997,116.3644588585819,2008-07-14 07:14:27,0
153,39.985685,116.350134,39.98391696977997,116.3644588585819,2011-04-23 10:01:59,0
24,40.371872,115.902527,39.98391696977997,116.3644588585819,2009-01-27 08:02:30,0
14,39.9941299,116.3687599,39.98391696977997,116.3644588585819,2008-10-23 20:59:31,0
67,39.907062,116.315642,39.98391696977997,116.3644588585819,2011-03-26 03:31:29,0
41,39.8508133,116.2308416,39.98391696977997,116.3644588585819,2009-02-20 06:12:17,0
41,39.9026266,116.2600899,39.98391696977997,116.3644588585819,2009-06-04 11:43:54,0
95,40.017617,116.315052,39.98391696977997,116.3644588585819,2011-03-07 09:34:00,0
84,39.987134,116.394762,39.98391696977997,116.3644588585819,2008-09-16 10:21:50,0
4,39.965295,116.314286,39.98391696977997,116.3644588585819,2009-05-10 04:53:49,0
68,39.995837,116.41809,39.98391696977997,116.3644588585819,2009-06-23 04:05:36,0
14,39.9963916,116.3777833,39.98391696977997,116.3644588585819,2008-11-27 12:32:50,0
16,39.934837,116.345914,39.98391696977997,116.3644588585819,2008-12-14 12:16:06,0
142,39.952322,116.269492,39.98391696977997,116.3644588585819,2008-12-22 06:26:31,0
85,39.874747,116.452165,39.98391696977997,116.3644588585819,2008-09-25 05:12:45,0
30,40.000174,116.327294,39.98391696977997,116.3644588585819,2009-06-10 10:30:30,0
128,39.9366066,116.3392933,39.98391696977997,116.3644588585819,2010-03-27 10:10:16,0
2,39.898975,116.379024,39.98391696977997,116.3644588585819,2008-10-28 00:42:41,0
3,39.863765,116.277323,39.98391696977997,116.3644588585819,2008-11-17 06:21:49,0
128,40.3437633,116.2354899,39.98391696977997,116.3644588585819,2009-01-10 03:44:24,0
62,39.9867466,116.3035899,39.98391696977997,116.3644588585819,2008-09-11 06:09:55,0
85,39.978255,116.333034,39.98391696977997,116.3644588585819,2009-06-25 23:49:14,0
153,40.357039,115.999735,39.98391696977997,116.3644588585819,2009-07-09 03:23:47,0
104,39.986095,116.3284733,39.98391696977997,116.3644588585819,2008-09-20 17:58:34,0
46,40.019411,116.345602,39.98391696977997,116.3644588585819,2010-06-01 11:32:52,0
8,39.966863,116.368374,39.98391696977997,116.3644588585819,2008-10-30 07:13:28,0
0,39.938368,116.31397,39.98391696977997,116.3644588585819,2009-04-30 07:29:57,0
153,39.901663,116.455572,39.98391696977997,116.3644588585819,2009-07-18 10:57:45,0
41,39.8303616,116.3804733,39.98391696977997,116.3644588585819,2009-04-23 23:20:12,0
44,39.966288,116.3285,39.98391696977997,116.3644588585819,2009-02-15 06:50:04,0
140,39.9754283,116.3306549,39.98391696977997,116.3644588585819,2009-04-10 03:11:02,0
36,39.985359,116.309784,39.98391696977997,116.3644588585819,2009-02-15 11:59:19,0
1,40.013832,116.306421,39.98391696977997,116.3644588585819,2008-11-14 14:32:36,0
126,39.948061,116.43298,39.98391696977997,116.3644588585819,2009-01-26 08:37:44,0
15,39.972292,116.33274,39.98391696977997,116.3644588585819,2008-11-02 11:51:10,0
28,39.960593,116.104525,39.98391696977997,116.3644588585819,2009-04-16 22:25:08,0
68,40.034554,116.301354,39.98391696977997,116.3644588585819,2009-08-15 05:16:11,0
39,40.344426,116.639163,39.98391696977997,116.3644588585819,2009-06-07 06:10:57,0
2,39.926159,116.337022,39.98391696977997,116.3644588585819,2008-11-03 13:18:26,0
163,39.979422557,116.303586755,39.98391696977997,116.3644588585819,2012-01-09 09:12:14,0
68,39.949575,116.419126,39.98391696977997,116.3644588585819,2009-06-13 11:11:25,0
167,40.009025,116.32182,39.98391696977997,116.3644588585819,2008-09-17 05:35:43,0
8,40.011823,116.326072,39.98391696977997,116.3644588585819,2008-12-12 08:58:42,0
10,39.898043,116.368524,39.98391696977997,116.3644588585819,2008-09-18 00:14:41,0
30,39.955913,116.322612,39.98391696977997,116.3644588585819,2009-05-29 05:30:03,0
38,39.93761,116.3147633,39.98391696977997,116.3644588585819,2009-02-06 12:52:09,0
22,39.819841,116.281863,39.98391696977997,116.3644588585819,2009-05-03 01:26:43,0
40,39.96739,116.302838,39.98391696977997,116.3644588585819,2009-02-20 13:44:08,0
19,39.8664149,116.3816133,39.98391696977997,116.3644588585819,2008-11-08 10:21:47,0
128,39.9860749,116.3632999,39.98391696977997,116.3644588585819,2008-12-27 06:55:17,0
4,40.001456,116.324517,39.98391696977997,116.3644588585819,2009-03-12 09:39:18,0
153,39.986991,116.448726,39.98391696977997,116.3644588585819,2011-01-24 10:08:52,0
35,39.977853,116.30069,39.98391696977997,116.3644588585819,2009-02-13 02:49:07,0
17,39.9838849,116.3085033,39.98391696977997,116.3644588585819,2009-02-15 05:54:41,0
141,39.9914316666667,116.196686666667,39.98391696977997,116.3644588585819,2011-10-22 03:21:41,0
153,39.782007,116.455102,39.98391696977997,116.3644588585819,2010-04-03 08:35:30,0
22,39.97351,116.333876,39.98391696977997,116.3644588585819,2009-06-10 06:13:37,0
14,39.9982399,116.3741816,39.98391696977997,116.3644588585819,2008-12-18 14:07:38,0
144,40.126306,116.415337,39.98391696977997,116.3644588585819,2009-06-20 11:56:25,0
37,39.886935,116.2679699,39.98391696977997,116.3644588585819,2009-02-27 02:24:58,0
13,39.967294,116.397315,39.98391696977997,116.3644588585819,2008-11-14 11:58:55,0
36,39.807072,116.140724,39.98391696977997,116.3644588585819,2009-07-06 13:16:57,0
39,40.072303,116.416583,39.98391696977997,116.3644588585819,2009-05-21 11:42:03,0
41,39.8854116,116.2680316,39.98391696977997,116.3644588585819,2009-05-17 14:31:30,0
4,39.949349,116.437184,39.98391696977997,116.3644588585819,2009-02-23 04:18:28,0
17,39.937075,116.3664883,39.98391696977997,116.3644588585819,2008-12-12 01:58:23,0
84,39.992478,116.40107,39.98391696977997,116.3644588585819,2008-08-03 10:09:39,0
30,39.999904,116.327215,39.98391696977997,116.3644588585819,2009-02-15 09:31:44,0
45,39.889244,116.267539,39.98391696977997,116.3644588585819,2010-06-26 16:00:09,0
68,39.967252,116.418423,39.98391696977997,116.3644588585819,2009-03-15 06:49:23,0
153,39.986676,116.388645,39.98391696977997,116.3644588585819,2011-02-25 14:12:15,0
153,39.971281,116.461381,39.98391696977997,116.3644588585819,2010-04-03 09:26:50,0
122,39.968466,116.399958,39.98391696977997,116.3644588585819,2009-06-14 01:35:56,0
4,39.945047,116.269291,39.98391696977997,116.3644588585819,2009-04-26 11:36:45,0
9,39.992413,116.326074,39.98391696977997,116.3644588585819,2008-12-14 08:48:01,0
68,39.955007,116.419071,39.98391696977997,116.3644588585819,2008-10-18 09:32:36,0
78,39.971985,116.32536,39.98391696977997,116.3644588585819,2008-07-23 16:10:01,0
24,40.393105,115.87535,39.98391696977997,116.3644588585819,2009-01-29 02:34:19,0
59,39.975985,116.327725,39.98391696977997,116.3644588585819,2011-08-29 10:44:11,0
179,40.088447,116.305358,39.98391696977997,116.3644588585819,2008-08-31 09:11:28,0
50,39.9940414428711,116.190582275391,39.98391696977997,116.3644588585819,2009-08-18 16:22:31,0
22,39.973337,116.334014,39.98391696977997,116.3644588585819,2009-04-22 04:06:30,0
4,39.991616,116.327762,39.98391696977997,116.3644588585819,2009-01-09 11:11:04,0
163,39.986753865,116.387310241,39.98391696977997,116.3644588585819,2012-02-22 08:38:37,0
153,39.910691,116.353751,39.98391696977997,116.3644588585819,2009-07-31 06:40:56,0
25,39.9868149,116.3028099,39.98391696977997,116.3644588585819,2009-06-10 14:20:02,0
0,40.005857,116.324242,39.98391696977997,116.3644588585819,2009-04-22 02:42:14,0
74,39.974985,116.31812,39.98391696977997,116.3644588585819,2012-01-31 00:38:05,0
167,39.972137,116.418898,39.98391696977997,116.3644588585819,2008-06-20 12:30:17,0
3,39.906233,116.187598,39.98391696977997,116.3644588585819,2008-10-27 12:12:27,0
38,39.9680799,116.3144716,39.98391696977997,116.3644588585819,2009-07-17 10:41:11,0
153,39.985833654,116.361281417,39.98391696977997,116.3644588585819,2012-05-25 17:52:06,0
153,39.917537,116.455481,39.98391696977997,116.3644588585819,2009-10-20 09:44:34,0
140,40.4076516,116.930575,39.98391696977997,116.3644588585819,2009-07-04 20:59:43,0
84,39.975253,116.334958,39.98391696977997,116.3644588585819,2008-10-31 13:33:59,0
30,39.991329,116.331634,39.98391696977997,116.3644588585819,2009-06-21 12:18:40,0
36,39.909965,116.346256,39.98391696977997,116.3644588585819,2009-07-08 04:04:57,0
25,39.9235299,116.4958099,39.98391696977997,116.3644588585819,2009-06-23 10:13:56,0
17,39.9916066,116.3270283,39.98391696977997,116.3644588585819,2008-12-08 09:16:03,0
14,40.0000466,116.4448866,39.98391696977997,116.3644588585819,2008-10-30 09:39:22,0
126,39.947626,116.411953,39.98391696977997,116.3644588585819,2009-01-26 08:15:04,0
62,39.9850733,116.3424333,39.98391696977997,116.3644588585819,2008-09-10 04:08:26,0
5,40.003663,116.322317,39.98391696977997,116.3644588585819,2008-11-11 14:21:33,0
35,40.013343,116.297139,39.98391696977997,116.3644588585819,2009-04-21 14:03:20,0
17,40.0089766,116.3462716,39.98391696977997,116.3644588585819,2009-05-24 13:17:59,0
30,39.534483,116.318148,39.98391696977997,116.3644588585819,2009-01-24 04:17:12,0
68,39.984969,116.33545,39.98391696977997,116.3644588585819,2009-08-06 04:52:45,0
68,39.993598,116.418394,39.98391696977997,116.3644588585819,2008-12-05 13:50:28,0
38,39.9838149,116.2742783,39.98391696977997,116.3644588585819,2009-02-20 10:09:04,0
34,40.0282799,116.3439116,39.98391696977997,116.3644588585819,2009-04-06 09:37:05,0
153,39.932853,116.448714,39.98391696977997,116.3644588585819,2008-10-05 11:03:31,0
122,39.967434,116.393164,39.98391696977997,116.3644588585819,2009-06-13 16:17:45,0
153,39.932325,116.463111,39.98391696977997,116.3644588585819,2008-08-14 13:54:24,0
163,40.0072433,116.461494227,39.98391696977997,116.3644588585819,2011-12-24 18:52:38,0
10,39.86941,116.404571,39.98391696977997,116.3644588585819,2008-09-21 22:51:56,0
34,40.0200516,116.2758849,39.98391696977997,116.3644588585819,2009-04-04 03:53:14,0
26,40.02518,116.308391,39.98391696977997,116.3644588585819,2009-01-15 12:58:58,0
5,39.957619,116.356605,39.98391696977997,116.3644588585819,2008-10-24 10:48:25,0
81,40.007402,116.32313,39.98391696977997,116.3644588585819,2008-05-30 15:04:06,0
20,39.97904,116.33268,39.98391696977997,116.3644588585819,2011-09-21 16:28:54,0
50,39.957145690918,116.275360107422,39.98391696977997,116.3644588585819,2009-08-01 11:52:44,0
128,40.0735233,116.328005,39.98391696977997,116.3644588585819,2008-10-12 14:23:59,0
179,39.97496,116.320283,39.98391696977997,116.3644588585819,2008-10-15 12:25:39,0
167,39.999778,116.32405,39.98391696977997,116.3644588585819,2008-05-14 02:31:13,0
65,39.977805036,116.304059078,39.98391696977997,116.3644588585819,2011-08-07 18:49:20,0
142,39.955884,116.277591,39.98391696977997,116.3644588585819,2010-06-24 01:21:41,0
153,39.919992,116.367381,39.98391696977997,116.3644588585819,2009-08-15 13:33:06,0
22,39.973406,116.333717,39.98391696977997,116.3644588585819,2009-07-16 20:40:32,0
128,39.9663666,116.4594233,39.98391696977997,116.3644588585819,2010-03-05 09:01:16,0
17,40.0036133,116.3461633,39.98391696977997,116.3644588585819,2009-02-25 00:06:08,0
42,39.901695,116.3398033,39.98391696977997,116.3644588585819,2009-02-17 09:25:41,0
85,39.939312,116.300691,39.98391696977997,116.3644588585819,2008-05-21 00:23:00,0
153,39.981615,116.450582,39.98391696977997,116.3644588585819,2010-04-13 09:50:22,0
84,39.907924,116.351442,39.98391696977997,116.3644588585819,2008-11-27 08:37:18,0
85,39.899944,116.340663,39.98391696977997,116.3644588585819,2008-12-26 08:44:54,0
68,39.99974,116.406806,39.98391696977997,116.3644588585819,2009-09-02 06:30:48,0
168,39.986229,116.364089,39.98391696977997,116.3644588585819,2011-07-10 23:17:04,0
9,39.999183,116.333584,39.98391696977997,116.3644588585819,2008-11-07 10:16:32,0
7,39.988973,116.305094,39.98391696977997,116.3644588585819,2008-12-11 10:22:46,0
163,39.972892991,116.439239022,39.98391696977997,116.3644588585819,2012-06-07 08:27:00,0
17,40.0057116,116.3441116,39.98391696977997,116.3644588585819,2009-01-17 09:27:56,0
81,39.99213,116.327735,39.98391696977997,116.3644588585819,2008-06-07 13:29:13,0
17,39.9392249,116.3598966,39.98391696977997,116.3644588585819,2009-01-13 03:02:28,0
144,40.018614,116.437618,39.98391696977997,116.3644588585819,2009-08-27 16:41:40,0
84,39.932676,116.435151,39.98391696977997,116.3644588585819,2008-11-05 04:06:23,0
153,39.916045,116.471798,39.98391696977997,116.3644588585819,2008-08-21 00:11:35,0
41,39.8692866,116.258575,39.98391696977997,116.3644588585819,2009-04-02 22:50:42,0
17,39.9872966,116.4128999,39.98391696977997,116.3644588585819,2009-02-11 21:31:08,0
68,39.962259,116.439893,39.98391696977997,116.3644588585819,2009-05-17 04:40:15,0
67,39.975475,116.331461666667,39.98391696977997,116.3644588585819,2011-04-09 14:26:35,0
24,39.937425,116.189136,39.98391696977997,116.3644588585819,2009-05-21 08:27:52,0
84,39.980838,116.418093,39.98391696977997,116.3644588585819,2008-09-25 00:17:39,0
41,39.8689249,116.258355,39.98391696977997,116.3644588585819,2009-05-31 23:07:02,0
153,39.894502,116.453995,39.98391696977997,116.3644588585819,2009-09-08 10:32:19,0
66,39.912418,116.456095,39.98391696977997,116.3644588585819,2009-05-13 15:58:50,0
42,39.9017883,116.25969,39.98391696977997,116.3644588585819,2009-03-02 16:14:36,0
41,39.8836533,116.2586833,39.98391696977997,116.3644588585819,2009-05-19 09:31:53,0
38,39.9701116,116.3029416,39.98391696977997,116.3644588585819,2009-02-20 09:47:49,0
17,40.8487433,117.4043916,39.98391696977997,116.3644588585819,2009-01-26 04:47:09,0
31,40.1163,116.634445,39.98391696977997,116.3644588585819,2009-01-23 23:58:50,0
122,39.975033,116.325662,39.98391696977997,116.3644588585819,2009-09-17 20:08:17,0
67,39.9784733333333,116.332755,39.98391696977997,116.3644588585819,2011-05-12 17:12:38,0
41,39.9310083,116.1270333,39.98391696977997,116.3644588585819,2009-04-27 06:49:14,0
37,39.985365,116.4428116,39.98391696977997,116.3644588585819,2009-03-17 05:40:01,0
68,40.001955,116.308795,39.98391696977997,116.3644588585819,2009-08-10 10:10:36,0
10,40.35656,115.999708,39.98391696977997,116.3644588585819,2009-03-07 06:53:29,0
68,40.178894,116.387223,39.98391696977997,116.3644588585819,2008-11-05 01:23:41,0
34,39.9737316,116.3466866,39.98391696977997,116.3644588585819,2009-03-13 03:12:26,0
95,39.975287,116.329869,39.98391696977997,116.3644588585819,2010-12-14 10:12:14,0
52,39.906538,116.24457,39.98391696977997,116.3644588585819,2008-06-03 10:34:03,0
52,40.030521,116.408264,39.98391696977997,116.3644588585819,2008-08-20 01:38:28,0
153,39.908991,116.437346,39.98391696977997,116.3644588585819,2011-01-10 07:20:35,0
17,39.9843483,116.3122616,39.98391696977997,116.3644588585819,2009-04-02 08:59:15,0
9,39.958327,116.357429,39.98391696977997,116.3644588585819,2008-11-01 05:08:21,0
17,40.5256266,117.10262,39.98391696977997,116.3644588585819,2009-03-23 22:39:40,0
17,39.9579133,116.4190983,39.98391696977997,116.3644588585819,2009-05-25 05:59:19,0
3,40.00649,116.31586,39.98391696977997,116.3644588585819,2009-07-02 10:29:37,0
7,39.9819,116.345272,39.98391696977997,116.3644588585819,2008-11-10 10:46:10,0
39,40.000065,116.355858,39.98391696977997,116.3644588585819,2009-03-21 05:15:01,0
22,39.973435,116.333744,39.98391696977997,116.3644588585819,2009-07-09 05:35:00,0
22,39.963431,116.315766,39.98391696977997,116.3644588585819,2009-02-03 09:06:54,0
89,39.979985,115.9653916,39.98391696977997,116.3644588585819,2008-05-17 11:44:24,0
153,39.916532,116.46335,39.98391696977997,116.3644588585819,2009-10-26 00:19:41,0
179,40.003489,116.32441,39.98391696977997,116.3644588585819,2008-10-02 04:06:42,0
34,40.0384749,116.3622733,39.98391696977997,116.3644588585819,2009-04-11 01:58:23,0
22,40.057957,116.403825,39.98391696977997,116.3644588585819,2009-07-18 23:52:53,0
41,39.8641533,116.262705,39.98391696977997,116.3644588585819,2009-07-02 00:25:27,0
58,39.9883033333333,116.309656666667,39.98391696977997,116.3644588585819,2011-03-12 09:10:12,0
4,39.957873,116.293552,39.98391696977997,116.3644588585819,2009-02-24 10:10:26,0
38,40.5729149,116.7918166,39.98391696977997,116.3644588585819,2009-03-22 01:41:51,0
68,39.989334,116.418006,39.98391696977997,116.3644588585819,2009-04-02 14:24:39,0
16,39.973985,116.33782,39.98391696977997,116.3644588585819,2008-12-10 13:55:42,0
12,39.988656,116.316511,39.98391696977997,116.3644588585819,2008-12-10 09:33:24,0
96,39.975371,116.32834,39.98391696977997,116.3644588585819,2008-09-19 03:56:36,0
119,39.970257,116.483834,39.98391696977997,116.3644588585819,2008-08-02 03:23:48,0
153,39.987648,116.425204,39.98391696977997,116.3644588585819,2010-04-11 10:35:32,0
167,39.99975,116.323854,39.98391696977997,116.3644588585819,2008-11-28 12:41:18,0
96,40.008104,116.319379,39.98391696977997,116.3644588585819,2008-08-16 15:46:35,0
59,39.9897283333333,116.190163333333,39.98391696977997,116.3644588585819,2011-03-12 07:30:02,0
141,39.9986183333333,116.231421666667,39.98391696977997,116.3644588585819,2011-10-22 05:33:10,0
93,39.9753833,116.3269866,39.98391696977997,116.3644588585819,2008-08-22 00:50:31,0
67,39.940546,116.347477,39.98391696977997,116.3644588585819,2010-12-05 15:36:25,0
5,40.009363,116.319851,39.98391696977997,116.3644588585819,2008-10-28 11:14:28,0
68,39.967582,116.410504,39.98391696977997,116.3644588585819,2009-03-28 06:15:53,0
17,39.9920699,116.3501366,39.98391696977997,116.3644588585819,2008-12-05 10:11:11,0
78,40.021127,116.546794,39.98391696977997,116.3644588585819,2008-05-30 07:43:17,0
168,39.992053,116.401338,39.98391696977997,116.3644588585819,2011-06-21 23:04:27,0
41,39.8902749,116.5417533,39.98391696977997,116.3644588585819,2009-05-25 06:35:36,0
41,39.9014899,116.2680849,39.98391696977997,116.3644588585819,2009-03-12 22:11:47,0
41,39.72057,116.0361333,39.98391696977997,116.3644588585819,2009-03-02 05:39:52,0
144,40.027575,116.43347,39.98391696977997,116.3644588585819,2009-05-31 13:47:54,0
92,39.9763683,116.3312649,39.98391696977997,116.3644588585819,2008-06-26 11:20:44,0
128,40.0741616,116.3225733,39.98391696977997,116.3644588585819,2008-08-28 13:14:45,0
42,39.9098399,116.4549966,39.98391696977997,116.3644588585819,2009-03-26 11:42:40,0
163,40.134103,116.261389,39.98391696977997,116.3644588585819,2011-04-30 00:00:44,0
153,40.000164,116.460184,39.98391696977997,116.3644588585819,2010-02-11 08:15:11,0
68,39.980612,116.413842,39.98391696977997,116.3644588585819,2008-09-29 14:35:13,0
83,39.9750133,116.3182333,39.98391696977997,116.3644588585819,2009-02-03 22:21:45,0
128,40.1033733,116.0850183,39.98391696977997,116.3644588585819,2009-04-06 04:45:30,0
140,39.9858499,116.3526983,39.98391696977997,116.3644588585819,2009-05-12 02:45:26,0
13,39.954745,116.422986,39.98391696977997,116.3644588585819,2009-01-19 18:40:43,0
128,40.0711316,116.3287466,39.98391696977997,116.3644588585819,2010-05-11 00:59:34,0
36,39.920382,116.346828,39.98391696977997,116.3644588585819,2009-07-02 04:38:36,0
10,39.875706,116.381103,39.98391696977997,116.3644588585819,2008-09-19 11:37:34,0
4,39.98881,116.326624,39.98391696977997,116.3644588585819,2009-07-05 06:32:07,0
128,39.9177849,116.471865,39.98391696977997,116.3644588585819,2008-05-29 13:12:35,0
11,39.9571766,116.3489716,39.98391696977997,116.3644588585819,2008-11-13 06:28:02,0
50,39.96952,116.258644,39.98391696977997,116.3644588585819,2009-07-21 01:59:19,0
3,39.991932,116.338587,39.98391696977997,116.3644588585819,2008-12-26 09:08:40,0
13,40.041207,116.419702,39.98391696977997,116.3644588585819,2008-10-18 06:15:04,0
41,39.8746983,116.0357233,39.98391696977997,116.3644588585819,2009-04-27 02:00:00,0
73,39.8653583,116.4867299,39.98391696977997,116.3644588585819,2008-06-20 08:00:17,0
68,39.970567,116.41852,39.98391696977997,116.3644588585819,2008-10-12 04:29:54,0
153,39.932381,116.472218,39.98391696977997,116.3644588585819,2008-10-31 17:36:32,0
42,40.0876499,116.5445799,39.98391696977997,116.3644588585819,2009-05-07 08:22:23,0
24,40.372005,115.902246,39.98391696977997,116.3644588585819,2009-01-27 11:06:15,0
113,40.023983,116.40268,39.98391696977997,116.3644588585819,2010-05-19 00:49:09,0
3,39.989586,116.447183,39.98391696977997,116.3644588585819,2009-02-14 07:02:55,0
68,39.995985,116.417796,39.98391696977997,116.3644588585819,2009-07-26 04:54:21,0
37,39.8528933,116.34866,39.98391696977997,116.3644588585819,2009-07-22 09:35:15,0
17,39.9272633,116.2691866,39.98391696977997,116.3644588585819,2008-12-23 06:33:20,0
52,39.984958,116.352393,39.98391696977997,116.3644588585819,2008-06-11 02:57:20,0
41,39.8557266,116.4055649,39.98391696977997,116.3644588585819,2009-05-12 05:48:41,0
68,39.935759,116.419691,39.98391696977997,116.3644588585819,2009-08-20 04:02:28,0
17,39.9856099,116.3410483,39.98391696977997,116.3644588585819,2009-06-21 01:40:37,0
84,39.935022,116.432376,39.98391696977997,116.3644588585819,2008-12-07 02:18:21,0
41,39.9775866,116.2833583,39.98391696977997,116.3644588585819,2009-07-04 00:06:14,0
140,39.9752216,116.3330866,39.98391696977997,116.3644588585819,2009-05-26 02:38:42,0
41,39.8727133,116.2586833,39.98391696977997,116.3644588585819,2009-05-16 09:19:24,0
140,39.9868833,116.3908016,39.98391696977997,116.3644588585819,2009-05-18 02:26:39,0
122,39.980254,116.328268,39.98391696977997,116.3644588585819,2009-10-05 12:06:52,0
85,39.905817,116.337572,39.98391696977997,116.3644588585819,2008-11-06 05:42:34,0
20,39.9763033333333,116.305438333333,39.98391696977997,116.3644588585819,2011-09-12 08:55:22,0
14,39.9737783,116.3320649,39.98391696977997,116.3644588585819,2008-12-16 03:07:21,0
115,39.9757183,116.3317233,39.98391696977997,116.3644588585819,2008-09-02 02:13:57,0
50,39.9945678666667,116.199020383333,39.98391696977997,116.3644588585819,2009-08-24 22:33:27,0
22,39.965696,116.37499,39.98391696977997,116.3644588585819,2009-02-07 13:36:44,0
153,40.012135341,116.460891023,39.98391696977997,116.3644588585819,2011-10-18 17:31:34,0
37,39.9337933,116.4278283,39.98391696977997,116.3644588585819,2009-03-31 08:17:50,0
17,40.0093366,116.3368966,39.98391696977997,116.3644588585819,2009-04-19 13:54:27,0
140,39.9892299,116.411075,39.98391696977997,116.3644588585819,2009-04-10 15:22:42,0
67,39.9749833333333,116.325936666667,39.98391696977997,116.3644588585819,2011-05-05 00:44:31,0
68,39.996449,116.417084,39.98391696977997,116.3644588585819,2008-10-26 09:37:36,0
142,39.947912,116.455048,39.98391696977997,116.3644588585819,2011-01-22 13:03:27,0
30,39.922556,116.682425,39.98391696977997,116.3644588585819,2009-04-03 12:53:33,0
62,39.9871666,116.3956149,39.98391696977997,116.3644588585819,2008-08-23 07:58:34,0
50,39.9589881896973,116.273895263672,39.98391696977997,116.3644588585819,2009-08-21 19:07:55,0
65,39.9230333333333,116.164396666667,39.98391696977997,116.3644588585819,2011-10-05 07:55:47,0
36,39.806593,116.116466,39.98391696977997,116.3644588585819,2009-07-06 13:21:42,0
153,39.984098,116.450919,39.98391696977997,116.3644588585819,2011-07-14 10:02:17,0
41,40.0248966,116.2867533,39.98391696977997,116.3644588585819,2009-06-02 10:42:41,0
36,39.894674,116.34208,39.98391696977997,116.3644588585819,2009-07-08 09:58:56,0
30,40.000296,116.325482,39.98391696977997,116.3644588585819,2009-07-13 11:44:37,0
141,39.9753816666667,116.319605,39.98391696977997,116.3644588585819,2011-08-30 00:29:17,0
148,39.9248833333333,116.349858333333,39.98391696977997,116.3644588585819,2011-05-14 11:23:49,0
44,40.076455,116.327757,39.98391696977997,116.3644588585819,2009-03-12 11:53:03,0
40,39.966932,116.349927,39.98391696977997,116.3644588585819,2009-04-08 23:40:26,0
167,39.969704,116.374307,39.98391696977997,116.3644588585819,2008-06-28 03:56:19,0
13,39.975196,116.346719,39.98391696977997,116.3644588585819,2008-10-17 09:40:18,0
128,40.2568616,116.5636666,39.98391696977997,116.3644588585819,2009-12-26 01:50:11,0
41,39.8850733,116.2469566,39.98391696977997,116.3644588585819,2009-07-08 23:12:09,0
41,39.9097983,116.2684133,39.98391696977997,116.3644588585819,2009-04-26 01:32:21,0
25,39.9853333,116.3414266,39.98391696977997,116.3644588585819,2009-06-25 01:35:16,0
10,40.33738,116.563425,39.98391696977997,116.3644588585819,2009-02-14 04:02:23,0
25,39.9440649,116.4011616,39.98391696977997,116.3644588585819,2009-06-17 05:02:25,0
36,39.977337,116.339124,39.98391696977997,116.3644588585819,2009-03-06 17:18:15,0
28,39.931636,116.31599,39.98391696977997,116.3644588585819,2009-02-04 23:26:20,0
128,40.0024583,116.30337,39.98391696977997,116.3644588585819,2009-08-04 23:33:19,0
128,39.9348933,116.45519,39.98391696977997,116.3644588585819,2009-12-26 09:53:18,0
34,40.0917833,116.3585233,39.98391696977997,116.3644588585819,2009-04-11 09:34:56,0
141,39.9889566666667,116.30579,39.98391696977997,116.3644588585819,2011-10-08 10:37:26,0
10,39.86181,116.372978,39.98391696977997,116.3644588585819,2008-09-19 00:25:44,0
13,39.975257,116.35349,39.98391696977997,116.3644588585819,2008-12-02 23:52:19,0
85,39.97441,116.330902,39.98391696977997,116.3644588585819,2008-09-26 10:48:17,0
30,39.94583,116.783237,39.98391696977997,116.3644588585819,2009-06-27 23:37:51,0
43,39.941832,116.37009,39.98391696977997,116.3644588585819,2009-02-11 00:28:14,0
85,39.9235966,116.3381883,39.98391696977997,116.3644588585819,2008-08-26 03:16:50,0
30,39.957566,116.281904,39.98391696977997,116.3644588585819,2009-02-14 04:51:16,0
85,39.864049,116.346346,39.98391696977997,116.3644588585819,2008-10-10 02:50:42,0
16,39.921385,116.335714,39.98391696977997,116.3644588585819,2008-12-14 10:10:26,0
38,39.9728666,116.3124016,39.98391696977997,116.3644588585819,2009-02-26 04:00:17,0
37,40.0368466,116.3438033,39.98391696977997,116.3644588585819,2009-04-13 13:49:23,0
22,39.990974,116.30997,39.98391696977997,116.3644588585819,2009-02-20 07:18:31,0
22,39.973409,116.334035,39.98391696977997,116.3644588585819,2009-04-22 06:48:35,0
144,39.9660333,115.8762883,39.98391696977997,116.3644588585819,2008-05-18 03:42:09,0
84,39.981356,116.327662,39.98391696977997,116.3644588585819,2008-09-16 10:59:30,0
179,39.991391,116.326188,39.98391696977997,116.3644588585819,2008-11-06 07:08:32,0
36,39.723918,116.601269,39.98391696977997,116.3644588585819,2009-02-18 07:29:51,0
126,39.988126,116.417307,39.98391696977997,116.3644588585819,2008-08-16 06:28:08,0
22,39.958724,116.362341,39.98391696977997,116.3644588585819,2009-04-10 07:06:42,0
52,39.995411,116.380301,39.98391696977997,116.3644588585819,2008-07-16 15:38:22,0
41,39.6622899,116.6712033,39.98391696977997,116.3644588585819,2009-06-16 08:55:28,0
128,40.0741999,116.314055,39.98391696977997,116.3644588585819,2009-11-27 01:58:19,0
1,40.011443,116.312257,39.98391696977997,116.3644588585819,2008-11-17 00:30:41,0
140,39.9329783,116.4887616,39.98391696977997,116.3644588585819,2009-08-01 21:52:28,0
38,39.9684899,116.3074916,39.98391696977997,116.3644588585819,2009-04-18 08:49:11,0
39,40.366088,116.683171,39.98391696977997,116.3644588585819,2009-06-09 06:44:06,0
4,39.998251,116.319724,39.98391696977997,116.3644588585819,2008-11-05 09:15:06,0
126,39.983386,116.442644,39.98391696977997,116.3644588585819,2009-01-22 05:31:51,0
30,40.009488,116.315214,39.98391696977997,116.3644588585819,2009-03-22 21:05:08,0
14,39.9751383,116.3315966,39.98391696977997,116.3644588585819,2009-01-14 12:32:47,0
168,39.989378,116.175109,39.98391696977997,116.3644588585819,2011-08-13 05:57:16,0
128,39.8698633,116.4374649,39.98391696977997,116.3644588585819,2010-08-25 09:12:55,0
17,40.928865,117.3234166,39.98391696977997,116.3644588585819,2009-01-24 13:36:48,0
64,40.011495,116.355722,39.98391696977997,116.3644588585819,2008-08-24 00:27:40,0
62,39.987635,116.3026249,39.98391696977997,116.3644588585819,2008-10-30 03:36:05,0
39,40.039305,116.322624,39.98391696977997,116.3644588585819,2009-06-10 00:55:06,0
24,40.347225,116.797701,39.98391696977997,116.3644588585819,2009-02-25 08:13:41,0
3,39.999245,116.338496,39.98391696977997,116.3644588585819,2009-02-14 15:21:50,0
104,39.9781133,116.2997649,39.98391696977997,116.3644588585819,2008-10-05 11:33:43,0
0,40.033537,116.338986,39.98391696977997,116.3644588585819,2009-06-13 01:57:03,0
59,39.9882,116.173766666667,39.98391696977997,116.3644588585819,2011-03-12 06:44:21,0
50,40.044693,116.299140933333,39.98391696977997,116.3644588585819,2009-08-20 04:11:45,0
22,39.973398,116.3338,39.98391696977997,116.3644588585819,2009-04-28 07:20:57,0
68,40.03684,116.667505,39.98391696977997,116.3644588585819,2009-04-18 08:29:20,0
10,39.858924,116.368863,39.98391696977997,116.3644588585819,2008-12-07 11:44:48,0
24,40.117054,116.584213,39.98391696977997,116.3644588585819,2009-02-09 11:40:37,0
17,40.0194766,116.3456616,39.98391696977997,116.3644588585819,2009-03-23 15:03:53,0
41,40.1133666,116.6218783,39.98391696977997,116.3644588585819,2009-04-23 05:30:54,0
84,39.93852,116.348533,39.98391696977997,116.3644588585819,2009-04-14 10:49:18,0
14,39.9636183,116.4725433,39.98391696977997,116.3644588585819,2008-10-25 04:12:21,0
95,39.9749366666667,116.312043333333,39.98391696977997,116.3644588585819,2011-05-22 16:30:06,0
22,39.97347,116.334238,39.98391696977997,116.3644588585819,2009-06-10 06:32:22,0
85,39.950479,116.321713,39.98391696977997,116.3644588585819,2008-12-19 09:49:19,0
85,39.978308,116.334028,39.98391696977997,116.3644588585819,2009-04-25 02:36:20,0
82,40.039671,116.308242,39.98391696977997,116.3644588585819,2009-04-03 13:59:46,0
20,39.98002,116.309136666667,39.98391696977997,116.3644588585819,2011-12-09 02:12:45,0
140,39.9232066,116.3913983,39.98391696977997,116.3644588585819,2009-02-03 07:42:11,0
28,39.967808,116.101547,39.98391696977997,116.3644588585819,2009-02-07 17:34:16,0
41,39.9117533,116.4286799,39.98391696977997,116.3644588585819,2009-03-30 06:44:51,0
55,39.973369196,116.331218501,39.98391696977997,116.3644588585819,2011-08-08 22:24:44,0
9,40.00276,116.343928,39.98391696977997,116.3644588585819,2008-11-11 11:23:40,0
17,40.0063566,116.3353816,39.98391696977997,116.3644588585819,2009-06-02 13:19:27,0
128,40.0762599,116.3271133,39.98391696977997,116.3644588585819,2009-01-13 13:21:05,0
85,40.052804,116.299697,39.98391696977997,116.3644588585819,2009-08-27 13:54:29,0
62,39.9880649,116.3053633,39.98391696977997,116.3644588585819,2008-11-06 01:13:10,0
168,39.97998,116.373873,39.98391696977997,116.3644588585819,2011-06-20 23:00:29,0
96,39.990198,116.327002,39.98391696977997,116.3644588585819,2008-07-23 13:44:36,0
128,40.041265,116.33235,39.98391696977997,116.3644588585819,2010-10-17 08:35:44,0
68,39.935921,116.420586,39.98391696977997,116.3644588585819,2009-01-09 07:51:29,0
37,39.9668466,116.3748166,39.98391696977997,116.3644588585819,2009-03-20 03:26:19,0
17,40.2760166,116.082085,39.98391696977997,116.3644588585819,2009-05-21 03:13:22,0
4,40.000621,116.324117,39.98391696977997,116.3644588585819,2009-03-20 03:37:28,0
58,39.976715,116.330943333333,39.98391696977997,116.3644588585819,2011-03-10 10:55:56,0
43,39.902455,116.606923,39.98391696977997,116.3644588585819,2009-06-24 06:53:31,0
153,39.967616,116.400327,39.98391696977997,116.3644588585819,2010-02-19 06:51:59,0
18,40.0373199,116.5259266,39.98391696977997,116.3644588585819,2008-11-06 03:25:46,0
167,39.967603,116.404602,39.98391696977997,116.3644588585819,2008-10-02 02:41:11,0
153,40.051980396,116.613770785,39.98391696977997,116.3644588585819,2012-01-15 17:17:48,0
38,39.9695249,116.3042883,39.98391696977997,116.3644588585819,2009-03-17 22:49:54,0
62,39.9621949,116.3641349,39.98391696977997,116.3644588585819,2008-11-15 02:14:35,0
39,40.071756,116.417035,39.98391696977997,116.3644588585819,2009-05-04 11:57:20,0
22,39.967012,116.308569,39.98391696977997,116.3644588585819,2009-07-24 06:11:19,0
34,39.9254766,116.3270783,39.98391696977997,116.3644588585819,2009-07-09 03:32:00,0
167,40.172191,116.395978,39.98391696977997,116.3644588585819,2008-10-12 04:01:43,0
65,39.8995283333333,116.024593333333,39.98391696977997,116.3644588585819,2011-10-05 06:37:43,0
4,39.995009,116.328198,39.98391696977997,116.3644588585819,2009-03-15 13:07:17,0
25,40.0260216,116.3072066,39.98391696977997,116.3644588585819,2009-04-25 08:52:01,0
4,39.904864,116.303517,39.98391696977997,116.3644588585819,2009-07-26 05:29:50,0
59,39.9769433333333,116.310796666667,39.98391696977997,116.3644588585819,2011-08-30 00:41:50,0
153,40.016004,116.30364,39.98391696977997,116.3644588585819,2011-04-24 07:02:58,0
153,39.979931,116.449009,39.98391696977997,116.3644588585819,2011-07-20 23:41:57,0
153,39.973476,116.44356,39.98391696977997,116.3644588585819,2010-01-14 10:05:23,0
163,39.987745,116.448679,39.98391696977997,116.3644588585819,2010-10-30 05:40:51,0
14,40.0388549,116.2070249,39.98391696977997,116.3644588585819,2008-11-12 06:06:04,0
41,39.8583466,116.2592133,39.98391696977997,116.3644588585819,2009-03-17 04:23:39,0
153,40.031691,116.314697,39.98391696977997,116.3644588585819,2010-02-26 09:52:00,0
163,39.992275,116.432356,39.98391696977997,116.3644588585819,2010-10-05 09:53:15,0
22,39.973316,116.33441,39.98391696977997,116.3644588585819,2009-06-26 01:09:25,0
3,39.991262,116.328491,39.98391696977997,116.3644588585819,2009-03-14 07:24:57,0
144,40.0543116,116.6084433,39.98391696977997,116.3644588585819,2008-12-18 07:38:11,0
41,39.9034833,116.237195,39.98391696977997,116.3644588585819,2009-02-14 04:55:09,0
85,39.981133,116.329204,39.98391696977997,116.3644588585819,2008-11-16 16:35:18,0
13,39.966909,116.381487,39.98391696977997,116.3644588585819,2008-10-13 09:06:02,0
46,39.981871,116.406821,39.98391696977997,116.3644588585819,2010-06-02 01:03:06,0
128,40.0281933,116.3155783,39.98391696977997,116.3644588585819,2009-08-31 13:32:27,0
41,39.8617716,116.2448983,39.98391696977997,116.3644588585819,2009-04-14 02:34:40,0
8,39.955686,116.359332,39.98391696977997,116.3644588585819,2008-12-10 07:44:14,0
42,40.0086683,116.3174216,39.98391696977997,116.3644588585819,2008-10-17 01:26:01,0
66,39.873972,116.23551,39.98391696977997,116.3644588585819,2009-08-22 13:46:42,0
22,39.973435,116.333821,39.98391696977997,116.3644588585819,2009-06-09 04:11:03,0
4,39.904762,116.435978,39.98391696977997,116.3644588585819,2009-07-17 09:45:14,0
38,39.9953433,116.1985649,39.98391696977997,116.3644588585819,2009-07-15 23:51:08,0
24,40.039121,116.322781,39.98391696977997,116.3644588585819,2009-01-17 09:12:54,0
84,40.042694,116.331242,39.98391696977997,116.3644588585819,2009-08-08 09:23:01,0
167,39.987409,116.302353,39.98391696977997,116.3644588585819,2008-05-16 13:41:48,0
85,40.050775,116.301105,39.98391696977997,116.3644588585819,2009-09-10 11:29:23,0
66,39.781572,116.489592,39.98391696977997,116.3644588585819,2009-08-20 16:57:20,0
0,40.103149,116.091266,39.98391696977997,116.3644588585819,2009-06-13 03:40:58,0
42,39.9058783,116.4868266,39.98391696977997,116.3644588585819,2009-01-31 05:16:57,0
68,39.93547,116.421004,39.98391696977997,116.3644588585819,2009-06-15 06:56:05,0
17,40.0567983,116.4028083,39.98391696977997,116.3644588585819,2009-04-19 03:10:33,0
4,39.996023,116.324079,39.98391696977997,116.3644588585819,2009-06-25 13:30:45,0
50,39.9587211608887,116.269920349121,39.98391696977997,116.3644588585819,2009-08-01 11:40:11,0
67,39.9783533333333,116.332743333333,39.98391696977997,116.3644588585819,2011-04-12 22:21:39,0
14,39.9827799,116.31863,39.98391696977997,116.3644588585819,2009-04-09 05:43:33,0
153,39.944904,116.483954,39.98391696977997,116.3644588585819,2009-08-09 06:43:59,0
28,39.970551,116.312948,39.98391696977997,116.3644588585819,2009-02-19 00:05:33,0
141,39.9969083333333,116.385998333333,39.98391696977997,116.3644588585819,2011-09-10 05:56:47,0
65,39.9792933333333,116.328743333333,39.98391696977997,116.3644588585819,2011-09-02 10:48:14,0
3,40.007475,116.319741,39.98391696977997,116.3644588585819,2008-12-22 22:35:19,0
14,40.0703499,116.4757316,39.98391696977997,116.3644588585819,2009-03-05 23:24:55,0
38,39.9892249,116.4835883,39.98391696977997,116.3644588585819,2009-03-22 12:50:55,0
78,39.959564,116.328773,39.98391696977997,116.3644588585819,2008-08-16 01:52:33,0
128,40.09963,116.3700133,39.98391696977997,116.3644588585819,2009-05-03 08:03:40,0
22,40.057702,116.403996,39.98391696977997,116.3644588585819,2009-07-18 18:54:58,0
35,39.981697,116.321236,39.98391696977997,116.3644588585819,2009-03-03 23:35:38,0
25,40.0393383,116.2579666,39.98391696977997,116.3644588585819,2009-06-19 12:34:48,0
68,39.980672,116.417409,39.98391696977997,116.3644588585819,2009-09-07 23:42:32,0
30,39.9072,116.47826,39.98391696977997,116.3644588585819,2009-03-20 12:49:26,0
25,39.98572,116.3600149,39.98391696977997,116.3644588585819,2009-01-02 01:39:34,0
38,40.2428916,116.1321066,39.98391696977997,116.3644588585819,2009-02-18 06:14:30,0
35,39.987018,116.298771,39.98391696977997,116.3644588585819,2009-02-20 02:20:44,0
128,40.0739316,116.3278783,39.98391696977997,116.3644588585819,2008-09-04 13:39:48,0
50,39.91872025,116.304458616667,39.98391696977997,116.3644588585819,2009-08-04 10:54:21,0
153,39.897021,116.455104,39.98391696977997,116.3644588585819,2010-08-15 06:56:28,0
153,40.019269,116.453058,39.98391696977997,116.3644588585819,2011-09-06 09:16:55,0
128,40.0712616,116.3099499,39.98391696977997,116.3644588585819,2009-03-15 13:59:27,0
167,40.174973,116.42939,39.98391696977997,116.3644588585819,2008-10-12 03:48:17,0
85,40.066079,116.404372,39.98391696977997,116.3644588585819,2009-08-31 13:19:26,0
58,39.9752916666667,116.327196666667,39.98391696977997,116.3644588585819,2011-08-29 10:42:02,0
84,39.987203,116.415864,39.98391696977997,116.3644588585819,2008-11-01 00:36:44,0
38,39.9459433,116.289895,39.98391696977997,116.3644588585819,2009-02-06 12:48:07,0
163,39.987427842,116.411605777,39.98391696977997,116.3644588585819,2012-07-10 07:41:09,0
65,39.9746966666667,116.305386666667,39.98391696977997,116.3644588585819,2011-09-05 10:55:08,0
65,39.974665,116.30936,39.98391696977997,116.3644588585819,2011-09-16 01:33:19,0
128,39.9758516,116.3306383,39.98391696977997,116.3644588585819,2008-10-17 02:43:16,0
17,39.9134433,116.3665566,39.98391696977997,116.3644588585819,2008-11-05 05:30:14,0
85,39.864068,116.112232,39.98391696977997,116.3644588585819,2008-11-15 06:40:21,0
153,39.926968,116.47137,39.98391696977997,116.3644588585819,2008-09-27 01:19:17,0
41,39.7290383,116.3398116,39.98391696977997,116.3644588585819,2009-04-01 02:30:45,0
30,39.998382,116.326621,39.98391696977997,116.3644588585819,2009-01-15 22:13:12,0
3,40.011657,116.321665,39.98391696977997,116.3644588585819,2008-12-03 00:37:11,0
44,39.971234,116.332825,39.98391696977997,116.3644588585819,2009-03-10 00:55:42,0
179,39.975477,116.333008,39.98391696977997,116.3644588585819,2008-09-14 08:51:46,0
113,39.984785,116.321522,39.98391696977997,116.3644588585819,2010-06-01 23:49:27,0
179,40.089327,116.305126,39.98391696977997,116.3644588585819,2008-08-24 12:45:17,0
25,39.9887949,116.3069916,39.98391696977997,116.3644588585819,2009-04-04 06:58:40,0
39,40.366115,116.683193,39.98391696977997,116.3644588585819,2009-06-09 05:56:26,0
38,39.9668416,116.3067983,39.98391696977997,116.3644588585819,2009-02-18 12:54:39,0
128,39.9766449,116.3317216,39.98391696977997,116.3644588585819,2009-01-02 05:10:37,0
128,40.213635,116.2277366,39.98391696977997,116.3644588585819,2010-04-11 03:53:46,0
11,39.9811016,116.3558283,39.98391696977997,116.3644588585819,2008-10-25 06:21:16,0
41,39.8718033,116.3057883,39.98391696977997,116.3644588585819,2009-05-28 03:04:01,0
141,39.9756333333333,116.393608333333,39.98391696977997,116.3644588585819,2011-09-10 08:34:36,0
39,40.009309,116.35714,39.98391696977997,116.3644588585819,2009-04-27 00:22:54,0
153,39.968504,116.465527,39.98391696977997,116.3644588585819,2009-08-15 04:54:42,0
62,39.9847383,116.2990083,39.98391696977997,116.3644588585819,2008-11-16 11:34:54,0
71,39.9821983333333,116.331143333333,39.98391696977997,116.3644588585819,2012-04-07 23:14:26,0
17,39.93105,116.3302183,39.98391696977997,116.3644588585819,2009-04-10 01:57:41,0
22,40.0579,116.404054,39.98391696977997,116.3644588585819,2009-07-12 00:44:11,0
17,40.8797516,117.331395,39.98391696977997,116.3644588585819,2009-01-31 07:25:04,0
22,39.976204,116.457214,39.98391696977997,116.3644588585819,2009-06-06 06:59:53,0
41,40.0162133,116.4467383,39.98391696977997,116.3644588585819,2009-07-04 09:30:24,0
13,39.939252,116.455362,39.98391696977997,116.3644588585819,2008-09-28 07:01:15,0
141,39.9776316666667,116.327273333333,39.98391696977997,116.3644588585819,2011-09-18 08:24:41,0
153,40.030978392,116.433317764,39.98391696977997,116.3644588585819,2011-10-08 17:09:46,0
153,39.92908,116.472323,39.98391696977997,116.3644588585819,2009-07-25 01:44:35,0
179,40.088601,116.305967,39.98391696977997,116.3644588585819,2008-09-06 17:25:13,0
68,39.980576,116.414,39.98391696977997,116.3644588585819,2008-10-08 11:05:48,0
14,40.0269166,116.343545,39.98391696977997,116.3644588585819,2009-03-17 12:53:10,0
25,39.9486033,116.3489966,39.98391696977997,116.3644588585819,2009-05-21 05:23:56,0
17,40.4383183,117.0010466,39.98391696977997,116.3644588585819,2009-01-24 02:14:22,0
163,39.98516,116.450563,39.98391696977997,116.3644588585819,2010-10-18 21:22:05,0
62,39.9862133,116.3054933,39.98391696977997,116.3644588585819,2008-08-28 10:10:35,0
42,39.9755883,116.3893216,39.98391696977997,116.3644588585819,2008-12-20 14:33:11,0
3,39.99516,116.328027,39.98391696977997,116.3644588585819,2009-03-24 12:20:23,0
163,39.987222031,116.449267905,39.98391696977997,116.3644588585819,2012-07-15 20:44:49,0
78,39.939755,116.380955,39.98391696977997,116.3644588585819,2008-05-17 20:44:51,0
68,39.969376,116.42004,39.98391696977997,116.3644588585819,2009-07-02 08:46:59,0
0,40.006765,116.29578,39.98391696977997,116.3644588585819,2008-10-28 01:30:36,0
46,40.301524,116.641077,39.98391696977997,116.3644588585819,2010-05-08 05:13:36,0
14,39.9833466,116.3731299,39.98391696977997,116.3644588585819,2008-12-26 04:35:18,0
68,39.959445,116.418814,39.98391696977997,116.3644588585819,2009-05-26 23:57:20,0
39,40.072215,116.41769,39.98391696977997,116.3644588585819,2009-05-07 17:21:11,0
0,40.106637,116.103777,39.98391696977997,116.3644588585819,2009-06-13 09:14:39,0
119,39.954592,116.492467,39.98391696977997,116.3644588585819,2008-09-12 10:52:10,0
52,39.994263,116.327251,39.98391696977997,116.3644588585819,2008-07-29 11:09:06,0
17,39.9131833,116.366185,39.98391696977997,116.3644588585819,2009-05-22 05:24:40,0
62,39.9696416,116.4638816,39.98391696977997,116.3644588585819,2008-09-08 06:02:42,0
128,40.0796383,116.35664,39.98391696977997,116.3644588585819,2009-06-13 09:03:55,0
144,40.027445,116.43259,39.98391696977997,116.3644588585819,2009-08-04 19:10:10,0
144,40.0772766,116.6146333,39.98391696977997,116.3644588585819,2008-11-15 15:23:38,0
153,39.984516,116.450334,39.98391696977997,116.3644588585819,2011-02-21 13:51:32,0
25,39.9882566,116.3062666,39.98391696977997,116.3644588585819,2009-04-09 07:49:17,0
13,39.956007,116.425557,39.98391696977997,116.3644588585819,2008-11-16 07:13:05,0
17,39.9628549,116.41186,39.98391696977997,116.3644588585819,2009-04-08 05:00:00,0
14,39.98555,116.3395016,39.98391696977997,116.3644588585819,2009-02-20 05:12:26,0
41,39.8664533,116.3141999,39.98391696977997,116.3644588585819,2009-03-03 06:16:44,0
25,40.0111499,116.312225,39.98391696977997,116.3644588585819,2009-04-07 06:16:46,0
128,40.0772166,116.327655,39.98391696977997,116.3644588585819,2010-06-29 01:51:33,0
17,39.8677683,116.3583683,39.98391696977997,116.3644588585819,2009-04-13 06:01:56,0
36,39.88627,116.306414,39.98391696977997,116.3644588585819,2009-07-06 00:40:18,0
140,39.9870316,116.40353,39.98391696977997,116.3644588585819,2009-07-08 23:07:50,0
37,39.979145,116.254185,39.98391696977997,116.3644588585819,2009-02-15 23:48:21,0
40,39.975499,116.392972,39.98391696977997,116.3644588585819,2009-03-10 13:52:30,0
96,40.0032,116.324411,39.98391696977997,116.3644588585819,2008-10-25 14:19:19,0
153,39.975334,116.330481,39.98391696977997,116.3644588585819,2009-03-13 13:32:39,0
68,39.873995,116.453063,39.98391696977997,116.3644588585819,2009-08-24 03:26:37,0
147,39.985846,116.348224,39.98391696977997,116.3644588585819,2011-03-25 09:29:27,0
82,39.966462,116.353503,39.98391696977997,116.3644588585819,2009-04-04 09:23:08,0
113,39.984703,116.321722,39.98391696977997,116.3644588585819,2010-05-31 01:03:21,0
153,39.984844,116.4504,39.98391696977997,116.3644588585819,2010-12-02 00:14:06,0
92,39.9842533,116.2793916,39.98391696977997,116.3644588585819,2008-07-10 14:48:51,0
153,40.285312,116.070914,39.98391696977997,116.3644588585819,2010-05-14 11:11:23,0
65,39.8791733333333,116.0236,39.98391696977997,116.3644588585819,2011-10-05 03:04:41,0
112,39.97535,116.3368349,39.98391696977997,116.3644588585819,2008-04-12 19:32:03,0
68,39.995186,116.418133,39.98391696977997,116.3644588585819,2008-10-29 14:46:27,0
24,40.054393,116.322136,39.98391696977997,116.3644588585819,2009-03-05 10:51:40,0
42,39.909285,116.4622233,39.98391696977997,116.3644588585819,2009-02-18 10:07:58,0
140,40.0014583,116.4109266,39.98391696977997,116.3644588585819,2009-05-23 05:30:54,0
0,39.9934,116.326408,39.98391696977997,116.3644588585819,2009-05-31 11:45:38,0
34,39.9673983,116.3755633,39.98391696977997,116.3644588585819,2009-07-08 07:30:37,0
84,39.985332,116.418066,39.98391696977997,116.3644588585819,2008-09-16 09:58:28,0
30,39.947227,116.782802,39.98391696977997,116.3644588585819,2009-03-07 03:55:58,0
141,39.9778166666667,116.331406666667,39.98391696977997,116.3644588585819,2011-09-24 06:43:00,0
142,39.950845,116.267321,39.98391696977997,116.3644588585819,2010-06-25 01:36:52,0
126,39.998747,116.326072,39.98391696977997,116.3644588585819,2008-10-15 12:31:45,0
39,39.97341,116.488325,39.98391696977997,116.3644588585819,2009-04-27 06:30:59,0
128,40.0230633,116.3465699,39.98391696977997,116.3644588585819,2009-09-11 14:31:42,0
167,39.970094,116.418729,39.98391696977997,116.3644588585819,2008-05-08 14:00:21,0
167,40.0059266,116.3212816,39.98391696977997,116.3644588585819,2008-04-03 02:26:29,0
30,39.907549,116.466804,39.98391696977997,116.3644588585819,2009-07-18 04:55:21,0
41,39.8296299,116.3349683,39.98391696977997,116.3644588585819,2009-04-09 00:34:38,0
84,39.975869,116.331675,39.98391696977997,116.3644588585819,2008-09-14 12:53:34,0
20,39.9787383333333,116.30499,39.98391696977997,116.3644588585819,2011-11-01 01:58:01,0
50,39.9932746887207,116.199165344238,39.98391696977997,116.3644588585819,2009-08-08 20:42:53,0
17,40.0382033,116.4050633,39.98391696977997,116.3644588585819,2009-01-08 04:11:09,0
39,40.071933,116.41664,39.98391696977997,116.3644588585819,2009-06-20 00:55:50,0
36,39.979973,116.346306,39.98391696977997,116.3644588585819,2009-03-17 07:27:22,0
81,39.974972,116.326567,39.98391696977997,116.3644588585819,2008-07-21 10:19:55,0
179,39.995863,116.309387,39.98391696977997,116.3644588585819,2008-10-26 05:39:25,0
62,39.9392549,116.3409733,39.98391696977997,116.3644588585819,2008-08-26 05:15:14,0
128,39.9751866,116.3308016,39.98391696977997,116.3644588585819,2010-06-10 03:32:55,0
126,40.2933933,116.6184649,39.98391696977997,116.3644588585819,2008-05-03 12:23:58,0
167,39.977865,116.335171,39.98391696977997,116.3644588585819,2008-07-16 11:15:58,0
3,39.971901,116.461498,39.98391696977997,116.3644588585819,2009-05-23 12:48:24,0
8,39.963485,116.36381,39.98391696977997,116.3644588585819,2008-12-05 12:44:12,0
3,40.0026,116.32633,39.98391696977997,116.3644588585819,2009-06-09 12:31:57,0
153,40.356228,116.001372,39.98391696977997,116.3644588585819,2009-07-09 03:29:28,0
65,39.979255,116.304351666667,39.98391696977997,116.3644588585819,2011-08-30 01:02:34,0
5,40.00043,116.326854,39.98391696977997,116.3644588585819,2009-01-14 19:49:19,0
167,39.96808,116.416067,39.98391696977997,116.3644588585819,2008-09-30 03:35:20,0
163,39.967533,116.403068,39.98391696977997,116.3644588585819,2008-05-16 01:24:36,0
17,39.9310366,116.3562683,39.98391696977997,116.3644588585819,2009-04-02 03:42:13,0
38,39.9951366,116.19733,39.98391696977997,116.3644588585819,2009-07-09 10:57:53,0
3,40.008426,116.319299,39.98391696977997,116.3644588585819,2008-11-30 22:17:52,0
65,39.978605,116.332985,39.98391696977997,116.3644588585819,2011-08-30 15:42:49,0
68,39.971419,116.420969,39.98391696977997,116.3644588585819,2009-07-02 08:03:23,0
24,39.961476,116.303344,39.98391696977997,116.3644588585819,2009-03-12 08:16:12,0
30,39.991707,116.331138,39.98391696977997,116.3644588585819,2009-02-01 02:23:46,0
167,39.998782,116.321995,39.98391696977997,116.3644588585819,2008-10-22 05:51:32,0
85,39.966216,116.31827,39.98391696977997,116.3644588585819,2008-12-06 04:15:36,0
1,39.974981,116.324884,39.98391696977997,116.3644588585819,2008-12-04 06:00:39,0
7,39.981381,116.340919,39.98391696977997,116.3644588585819,2008-11-04 10:54:50,0
10,39.955714,116.348826,39.98391696977997,116.3644588585819,2008-09-27 11:54:31,0
68,39.975542,116.400284,39.98391696977997,116.3644588585819,2009-06-09 13:41:19,0
62,39.9567233,116.4476316,39.98391696977997,116.3644588585819,2008-12-12 01:17:36,0
22,39.973333,116.33426,39.98391696977997,116.3644588585819,2009-07-07 23:57:11,0
167,39.96931,116.420392,39.98391696977997,116.3644588585819,2008-09-30 14:04:59,0
0,39.994354,116.326806,39.98391696977997,116.3644588585819,2009-06-23 09:46:44,0
20,39.9798566666667,116.319535,39.98391696977997,116.3644588585819,2011-10-26 02:03:11,0
30,40.002761,116.324287,39.98391696977997,116.3644588585819,2009-05-31 04:18:04,0
153,39.98188,116.445524,39.98391696977997,116.3644588585819,2010-04-11 02:04:23,0
37,39.7946766,116.2865699,39.98391696977997,116.3644588585819,2009-04-16 03:01:44,0
8,39.992732,116.413013,39.98391696977997,116.3644588585819,2008-10-28 13:05:54,0
153,39.9746949,116.3273566,39.98391696977997,116.3644588585819,2008-06-28 12:30:27,0
153,39.977288215,116.447159677,39.98391696977997,116.3644588585819,2012-01-04 18:36:07,0
163,39.985443207,116.450486766,39.98391696977997,116.3644588585819,2011-12-03 17:31:09,0
26,39.936396,116.305072,39.98391696977997,116.3644588585819,2009-03-12 12:15:46,0
131,39.9851033,116.320165,39.98391696977997,116.3644588585819,2009-04-21 12:43:40,0
122,40.137564,116.13778,39.98391696977997,116.3644588585819,2009-10-03 17:55:23,0
12,39.981509,116.329387,39.98391696977997,116.3644588585819,2008-12-11 09:49:37,0
144,40.0275083,116.4325499,39.98391696977997,116.3644588585819,2008-11-03 15:07:39,0
32,39.984854,116.320829,39.98391696977997,116.3644588585819,2008-12-16 00:30:21,0
165,39.9708666666667,116.327896666667,39.98391696977997,116.3644588585819,2011-11-15 01:08:01,0
7,39.977884,116.339597,39.98391696977997,116.3644588585819,2008-11-18 16:18:59,0
4,39.907567,116.268278,39.98391696977997,116.3644588585819,2008-12-17 03:52:00,0
30,39.946693,116.783807,39.98391696977997,116.3644588585819,2009-02-05 05:18:13,0
167,39.991322,116.331696,39.98391696977997,116.3644588585819,2008-10-15 14:59:29,0
25,39.9701933,116.3132233,39.98391696977997,116.3644588585819,2009-06-22 05:33:40,0
65,39.9777866666667,116.305268333333,39.98391696977997,116.3644588585819,2011-09-19 00:00:15,0
140,39.9498266,116.3494233,39.98391696977997,116.3644588585819,2009-08-16 11:04:52,0
167,39.975189,116.330687,39.98391696977997,116.3644588585819,2008-10-22 07:32:14,0
168,40.02767,116.403287,39.98391696977997,116.3644588585819,2011-07-05 22:50:03,0
22,39.960785,116.490185,39.98391696977997,116.3644588585819,2009-05-11 13:03:42,0
67,39.97865,116.332715,39.98391696977997,116.3644588585819,2011-04-22 15:46:12,0
36,39.979674,116.335989,39.98391696977997,116.3644588585819,2009-03-14 13:40:23,0
26,39.971233,116.313229,39.98391696977997,116.3644588585819,2009-03-13 11:19:10,0
41,39.9074266,116.2681266,39.98391696977997,116.3644588585819,2009-03-19 00:49:11,0
11,39.963605,116.3469899,39.98391696977997,116.3644588585819,2008-10-27 23:28:28,0
85,39.979069,116.328705,39.98391696977997,116.3644588585819,2009-05-24 06:07:39,0
39,40.073177,116.407329,39.98391696977997,116.3644588585819,2009-04-29 06:03:36,0
140,40.0445633,116.5764933,39.98391696977997,116.3644588585819,2009-06-06 01:33:37,0
17,39.9693866,116.3007983,39.98391696977997,116.3644588585819,2009-04-10 06:05:23,0
22,39.973417,116.333833,39.98391696977997,116.3644588585819,2009-06-16 03:54:45,0
12,39.981398,116.328076,39.98391696977997,116.3644588585819,2008-11-10 13:17:01,0
70,39.801173,116.809625,39.98391696977997,116.3644588585819,2008-09-28 07:55:59,0
22,39.94834,116.303179,39.98391696977997,116.3644588585819,2009-05-02 05:02:05,0
14,39.9750233,116.3190016,39.98391696977997,116.3644588585819,2009-03-18 08:29:54,0
39,39.893336,116.45359,39.98391696977997,116.3644588585819,2009-05-08 01:18:08,0
42,39.9075399,116.4529799,39.98391696977997,116.3644588585819,2009-03-23 13:07:54,0
85,39.981856,116.329392,39.98391696977997,116.3644588585819,2009-06-10 19:58:00,0
65,39.9739966666667,116.319031666667,39.98391696977997,116.3644588585819,2011-09-08 04:44:21,0
81,40.066998,116.202073,39.98391696977997,116.3644588585819,2008-05-23 09:03:01,0
141,39.9891033333333,116.189845,39.98391696977997,116.3644588585819,2011-10-22 03:41:30,0
22,39.973556,116.334292,39.98391696977997,116.3644588585819,2009-04-13 01:27:32,0
4,40.009933,116.32262,39.98391696977997,116.3644588585819,2009-06-04 09:56:40,0
30,40.009595,116.314881,39.98391696977997,116.3644588585819,2009-04-02 11:37:31,0
40,39.95137,116.36192,39.98391696977997,116.3644588585819,2009-03-24 21:50:54,0
26,39.873355,116.271462,39.98391696977997,116.3644588585819,2009-04-15 03:18:09,0
22,39.979594,116.29986,39.98391696977997,116.3644588585819,2009-02-20 07:47:54,0
15,39.890996,116.268224,39.98391696977997,116.3644588585819,2009-02-26 08:46:07,0
20,39.9776983333333,116.329276666667,39.98391696977997,116.3644588585819,2011-08-29 01:22:09,0
30,39.952694,116.802219,39.98391696977997,116.3644588585819,2009-05-01 11:35:25,0
68,39.98396,116.307224,39.98391696977997,116.3644588585819,2009-08-11 03:20:02,0
165,39.9768116666667,116.304745,39.98391696977997,116.3644588585819,2011-11-21 01:40:33,0
2,39.900609,116.369447,39.98391696977997,116.3644588585819,2008-11-12 12:02:57,0
29,39.940028,116.335893,39.98391696977997,116.3644588585819,2009-03-21 03:38:16,0
113,39.978687,116.32733,39.98391696977997,116.3644588585819,2010-05-19 01:24:49,0
30,39.992573,116.321165,39.98391696977997,116.3644588585819,2009-01-17 01:25:37,0
119,39.938934,116.483432,39.98391696977997,116.3644588585819,2008-08-19 05:38:15,0
82,40.053168,116.400041,39.98391696977997,116.3644588585819,2009-03-23 15:50:21,0
25,40.0828499,116.5877383,39.98391696977997,116.3644588585819,2009-06-07 01:58:22,0
153,39.970574,116.462654,39.98391696977997,116.3644588585819,2011-09-10 08:43:54,0
3,40.007963,116.319458,39.98391696977997,116.3644588585819,2009-03-13 20:32:37,0
24,39.996511,116.383743,39.98391696977997,116.3644588585819,2009-01-17 04:49:04,0
38,39.99928,116.3263666,39.98391696977997,116.3644588585819,2009-03-14 06:35:40,0
0,40.009624,116.323548,39.98391696977997,116.3644588585819,2009-05-12 10:00:46,0
64,39.966984,116.3814,39.98391696977997,116.3644588585819,2008-08-17 00:18:36,0
13,39.966949,116.36619,39.98391696977997,116.3644588585819,2008-11-11 23:48:42,0
125,40.007123,116.321944,39.98391696977997,116.3644588585819,2008-05-23 15:38:26,0
30,39.839058,116.223866,39.98391696977997,116.3644588585819,2009-04-11 08:30:13,0
1,40.013802,116.306475,39.98391696977997,116.3644588585819,2008-12-13 23:22:46,0
37,39.97745,116.3074383,39.98391696977997,116.3644588585819,2009-03-02 03:27:02,0
3,39.997919,116.334817,39.98391696977997,116.3644588585819,2008-12-31 14:09:10,0
36,40.529671,116.78211,39.98391696977997,116.3644588585819,2009-02-11 00:49:40,0
11,39.9842133,116.3542899,39.98391696977997,116.3644588585819,2008-10-25 06:27:21,0
153,39.902339,116.368094,39.98391696977997,116.3644588585819,2010-02-19 08:13:30,0
153,39.9841649,116.3101949,39.98391696977997,116.3644588585819,2008-05-17 11:05:28,0
35,39.977865,116.300533,39.98391696977997,116.3644588585819,2009-03-09 05:41:51,0
62,39.9914033,116.2938883,39.98391696977997,116.3644588585819,2008-12-13 03:44:53,0
25,39.9753433,116.3744066,39.98391696977997,116.3644588585819,2009-04-30 12:16:21,0
163,39.986067076,116.370261539,39.98391696977997,116.3644588585819,2011-11-29 17:51:50,0
22,39.973444,116.3339,39.98391696977997,116.3644588585819,2009-04-23 06:27:58,0
13,39.956154,116.412247,39.98391696977997,116.3644588585819,2008-11-01 02:42:53,0
85,39.899229,116.339893,39.98391696977997,116.3644588585819,2008-11-17 12:57:17,0
128,40.0701583,116.3289166,39.98391696977997,116.3644588585819,2009-09-23 01:02:05,0
17,39.9616049,116.3823833,39.98391696977997,116.3644588585819,2009-03-30 03:51:13,0
128,39.9575666,116.2875799,39.98391696977997,116.3644588585819,2010-02-04 12:34:41,0
126,39.986632,116.395142,39.98391696977997,116.3644588585819,2008-08-02 13:48:49,0
68,39.967805,116.434529,39.98391696977997,116.3644588585819,2008-11-02 09:35:02,0
59,39.9940366666667,116.188153333333,39.98391696977997,116.3644588585819,2011-03-12 03:18:59,0
12,39.987468,116.315652,39.98391696977997,116.3644588585819,2008-09-27 03:32:55,0
16,39.972669,116.339524,39.98391696977997,116.3644588585819,2008-10-31 14:30:51,0
33,39.980511,116.701048,39.98391696977997,116.3644588585819,2009-01-18 16:10:49,0
52,40.000509,116.372536,39.98391696977997,116.3644588585819,2008-07-23 09:50:47,0
50,39.93499375,116.3044281,39.98391696977997,116.3644588585819,2009-08-19 08:40:10,0
26,40.025017,116.309196,39.98391696977997,116.3644588585819,2009-03-25 12:05:13,0
83,39.9757366,116.3308616,39.98391696977997,116.3644588585819,2009-01-14 20:25:30,0
95,39.974485,116.305746666667,39.98391696977997,116.3644588585819,2011-05-12 02:11:48,0
33,39.977514,116.583747,39.98391696977997,116.3644588585819,2009-01-15 11:54:40,0
85,39.88316,116.343771,39.98391696977997,116.3644588585819,2008-11-07 08:09:34,0
14,40.3404499,116.83636,39.98391696977997,116.3644588585819,2009-01-28 02:10:28,0
85,39.89781,116.34233,39.98391696977997,116.3644588585819,2008-11-12 04:09:50,0
122,39.968163,116.399699,39.98391696977997,116.3644588585819,2009-05-25 00:59:53,0
26,39.927317,116.299883,39.98391696977997,116.3644588585819,2009-03-12 09:12:58,0
41,39.7194416,116.3388383,39.98391696977997,116.3644588585819,2009-05-23 06:36:27,0
3,40.007588,116.319991,39.98391696977997,116.3644588585819,2008-11-07 19:09:54,0
50,39.9945449833333,116.199203483333,39.98391696977997,116.3644588585819,2009-08-24 22:16:36,0
163,39.974942,116.338262,39.98391696977997,116.3644588585819,2008-05-19 14:38:14,0
104,39.9723883,116.3004349,39.98391696977997,116.3644588585819,2008-10-11 11:07:05,0
128,39.983235,116.26823,39.98391696977997,116.3644588585819,2009-12-22 08:01:12,0
50,39.908203125,116.405883789062,39.98391696977997,116.3644588585819,2009-08-22 16:52:48,0
14,40.1447966,116.5341449,39.98391696977997,116.3644588585819,2008-11-24 01:29:14,0
153,39.966036,116.354619,39.98391696977997,116.3644588585819,2008-10-25 11:21:23,0
153,39.966287,116.344443,39.98391696977997,116.3644588585819,2008-11-26 11:50:06,0
153,40.031036,116.425911,39.98391696977997,116.3644588585819,2011-09-28 09:22:34,0
30,39.918016,116.632572,39.98391696977997,116.3644588585819,2009-03-14 09:12:11,0
38,39.9822816,116.2944216,39.98391696977997,116.3644588585819,2009-07-10 11:19:42,0
65,39.9748666666667,116.309471666667,39.98391696977997,116.3644588585819,2011-10-14 01:13:18,0
65,39.9778916666667,116.33146,39.98391696977997,116.3644588585819,2011-09-08 14:28:27,0
62,39.9862033,116.3025266,39.98391696977997,116.3644588585819,2008-08-10 09:28:36,0
126,39.978835,116.327448,39.98391696977997,116.3644588585819,2009-02-04 05:02:59,0
41,39.8216766,116.3393299,39.98391696977997,116.3644588585819,2009-06-20 00:59:29,0
41,39.7259566,116.3241166,39.98391696977997,116.3644588585819,2009-07-10 02:54:26,0
14,39.9243516,116.3048083,39.98391696977997,116.3644588585819,2008-12-03 10:02:26,0
25,39.9962599,116.3092799,39.98391696977997,116.3644588585819,2009-03-31 12:25:54,0
85,40.030661,116.26691,39.98391696977997,116.3644588585819,2009-03-21 23:03:40,0
8,39.985361,116.371074,39.98391696977997,116.3644588585819,2008-11-14 07:07:54,0
37,39.94764,116.3897799,39.98391696977997,116.3644588585819,2009-04-18 05:08:48,0
167,40.003209,116.318086,39.98391696977997,116.3644588585819,2008-10-13 04:05:01,0
1,39.974542,116.332014,39.98391696977997,116.3644588585819,2008-11-05 12:06:25,0
30,40.004141,116.324414,39.98391696977997,116.3644588585819,2009-02-17 04:00:10,0
153,39.99557,116.387266,39.98391696977997,116.3644588585819,2008-09-06 10:57:33,0
112,39.9735916,116.3275533,39.98391696977997,116.3644588585819,2008-05-30 17:49:13,0
65,39.962885,116.31871,39.98391696977997,116.3644588585819,2011-10-08 00:48:43,0
8,39.98162,116.328076,39.98391696977997,116.3644588585819,2008-11-14 11:13:00,0
167,39.977535,116.3276383,39.98391696977997,116.3644588585819,2008-04-08 01:27:09,0
128,40.0765133,116.3261999,39.98391696977997,116.3644588585819,2008-08-17 14:57:20,0
82,40.069479,116.321837,39.98391696977997,116.3644588585819,2009-03-23 01:12:04,0
67,39.9754783333333,116.332821666667,39.98391696977997,116.3644588585819,2011-04-10 06:34:56,0
128,40.0250016,116.3450349,39.98391696977997,116.3644588585819,2008-10-22 12:34:11,0
128,39.9374283,116.4296016,39.98391696977997,116.3644588585819,2010-02-26 11:30:26,0
67,39.901569,116.389456,39.98391696977997,116.3644588585819,2011-03-12 11:37:42,0
122,39.971907,116.399596,39.98391696977997,116.3644588585819,2009-05-28 18:44:11,0
153,40.027588,116.433595,39.98391696977997,116.3644588585819,2009-01-17 09:34:26,0
41,39.9395933,116.3042316,39.98391696977997,116.3644588585819,2009-05-11 22:05:59,0
7,39.975313,116.168062,39.98391696977997,116.3644588585819,2008-11-08 04:53:55,0
42,39.9100533,116.3078766,39.98391696977997,116.3644588585819,2009-02-21 13:07:34,0
68,39.903877,116.422544,39.98391696977997,116.3644588585819,2009-08-24 04:09:15,0
153,39.988063,116.431381,39.98391696977997,116.3644588585819,2009-08-29 03:31:39,0
17,40.0138983,116.3410483,39.98391696977997,116.3644588585819,2009-01-16 07:57:31,0
84,39.932139,116.431951,39.98391696977997,116.3644588585819,2008-10-14 00:37:00,0
8,39.980852,116.32732,39.98391696977997,116.3644588585819,2008-12-11 05:13:36,0
24,39.937145,116.189991,39.98391696977997,116.3644588585819,2009-05-21 03:35:07,0
67,39.97878,116.33265,39.98391696977997,116.3644588585819,2011-05-12 20:04:12,0
62,39.9702983,116.3129499,39.98391696977997,116.3644588585819,2008-12-09 08:57:55,0
128,39.8950266,116.5921883,39.98391696977997,116.3644588585819,2008-08-12 08:22:44,0
35,39.981976,116.326285,39.98391696977997,116.3644588585819,2009-04-17 06:33:56,0
14,40.3397249,116.836195,39.98391696977997,116.3644588585819,2009-01-28 02:10:21,0
85,39.981189,116.328733,39.98391696977997,116.3644588585819,2008-12-12 09:48:56,0
131,39.9603233,116.3023666,39.98391696977997,116.3644588585819,2009-04-23 22:06:58,0
17,40.0152833,116.3405816,39.98391696977997,116.3644588585819,2009-03-08 08:19:12,0
4,39.976131,116.333637,39.98391696977997,116.3644588585819,2009-01-19 12:31:03,0
25,39.99239,116.3096116,39.98391696977997,116.3644588585819,2009-03-09 11:26:12,0
103,39.9307483,116.2954183,39.98391696977997,116.3644588585819,2008-09-06 11:59:34,0
82,39.979486,116.332998,39.98391696977997,116.3644588585819,2009-03-18 14:08:27,0
140,39.987036,116.418584,39.98391696977997,116.3644588585819,2009-09-09 02:04:57,0
153,39.987396,116.433111,39.98391696977997,116.3644588585819,2010-10-04 10:02:56,0
25,39.9004533,116.4267,39.98391696977997,116.3644588585819,2009-02-07 01:49:05,0
24,39.924055,116.310718,39.98391696977997,116.3644588585819,2009-01-22 04:51:29,0
38,39.96698,116.3143566,39.98391696977997,116.3644588585819,2009-02-22 04:02:31,0
3,39.990424,116.328136,39.98391696977997,116.3644588585819,2009-02-16 06:32:26,0
24,39.919865,116.318574,39.98391696977997,116.3644588585819,2009-01-22 03:42:20,0
41,39.92204,116.2690599,39.98391696977997,116.3644588585819,2009-03-09 22:58:05,0
34,39.9435483,116.3499783,39.98391696977997,116.3644588585819,2009-03-13 03:22:15,0
3,40.008041,116.319259,39.98391696977997,116.3644588585819,2008-12-21 12:11:02,0
14,40.1456766,116.5439432,39.98391696977997,116.3644588585819,2009-04-13 01:43:15,0
163,39.982067,116.310588,39.98391696977997,116.3644588585819,2011-05-07 08:03:43,0
30,39.97312,116.277985,39.98391696977997,116.3644588585819,2009-04-27 05:38:10,0
128,39.9274016,116.4709316,39.98391696977997,116.3644588585819,2008-05-13 14:32:19,0
17,40.1046833,116.2841366,39.98391696977997,116.3644588585819,2008-12-05 08:58:47,0
163,39.897113,116.389524,39.98391696977997,116.3644588585819,2011-05-15 03:20:38,0
128,40.6348383,116.6974816,39.98391696977997,116.3644588585819,2009-06-14 05:51:26,0
163,39.989604724,116.394525376,39.98391696977997,116.3644588585819,2011-11-16 08:42:42,0
153,39.986569,116.388096,39.98391696977997,116.3644588585819,2011-04-10 12:51:58,0
30,40.010078,116.322601,39.98391696977997,116.3644588585819,2009-04-29 03:59:07,0
24,40.064157,116.566131,39.98391696977997,116.3644588585819,2009-03-21 01:46:20,0
89,39.9946216,116.0348616,39.98391696977997,116.3644588585819,2008-05-01 03:58:27,0
50,39.9570884666667,116.275413516667,39.98391696977997,116.3644588585819,2009-08-19 09:17:26,0
153,39.989069,116.447725,39.98391696977997,116.3644588585819,2009-12-22 10:09:09,0
17,40.5377433,117.1119816,39.98391696977997,116.3644588585819,2009-06-14 10:42:06,0
167,39.990463,116.326559,39.98391696977997,116.3644588585819,2008-10-07 04:38:29,0
62,39.9872683,116.3955616,39.98391696977997,116.3644588585819,2008-09-08 05:33:21,0
50,39.9926033,116.181900016667,39.98391696977997,116.3644588585819,2009-08-18 04:02:22,0
30,39.974468,116.307573,39.98391696977997,116.3644588585819,2009-02-14 12:12:51,0
68,39.959668,116.412009,39.98391696977997,116.3644588585819,2009-07-11 01:53:33,0
37,39.8846933,116.26849,39.98391696977997,116.3644588585819,2009-02-24 04:02:37,0
3,40.006646,116.323043,39.98391696977997,116.3644588585819,2009-02-16 17:33:22,0
29,39.855705,116.406708,39.98391696977997,116.3644588585819,2009-01-31 23:37:23,0
5,40.011777,116.321013,39.98391696977997,116.3644588585819,2008-10-28 00:31:56,0
35,40.01332,116.2971,39.98391696977997,116.3644588585819,2009-04-05 14:15:41,0
65,39.910685,116.427878333333,39.98391696977997,116.3644588585819,2011-10-18 10:26:47,0
30,39.945617,116.795619,39.98391696977997,116.3644588585819,2009-04-26 04:20:20,0
11,39.974395,116.3014866,39.98391696977997,116.3644588585819,2008-10-11 06:33:08,0
0,39.996495,116.32055,39.98391696977997,116.3644588585819,2009-04-25 04:55:52,0
128,40.3546199,116.0052266,39.98391696977997,116.3644588585819,2008-05-18 03:53:16,0
147,39.978643,116.304009,39.98391696977997,116.3644588585819,2011-04-29 10:23:57,0
35,39.939045,116.357247,39.98391696977997,116.3644588585819,2009-04-04 03:03:33,0
18,39.9135166,116.3967283,39.98391696977997,116.3644588585819,2008-12-11 12:09:20,0
68,39.985075,116.418211,39.98391696977997,116.3644588585819,2009-05-21 10:47:18,0
115,39.9853516,116.3317283,39.98391696977997,116.3644588585819,2008-05-08 23:53:32,0
144,39.9233966,116.1550833,39.98391696977997,116.3644588585819,2008-05-01 03:17:47,0
22,39.973353,116.333895,39.98391696977997,116.3644588585819,2009-06-10 07:51:22,0
140,39.9888133,116.4799416,39.98391696977997,116.3644588585819,2008-10-25 09:11:11,0
52,39.968414,116.313302,39.98391696977997,116.3644588585819,2008-10-12 08:39:44,0
78,39.975005,116.327846,39.98391696977997,116.3644588585819,2008-07-23 14:56:27,0
68,39.987728,116.41384,39.98391696977997,116.3644588585819,2009-07-09 09:15:00,0
85,39.94534,116.35053,39.98391696977997,116.3644588585819,2008-10-31 08:59:24,0
41,39.6784516,116.305155,39.98391696977997,116.3644588585819,2009-05-03 08:15:52,0
153,39.896662,116.391798,39.98391696977997,116.3644588585819,2009-08-01 08:37:23,0
144,40.0431116,116.4066916,39.98391696977997,116.3644588585819,2008-11-09 12:19:15,0
85,39.987475,116.304008,39.98391696977997,116.3644588585819,2008-10-20 05:42:04,0
36,39.917087,116.407073,39.98391696977997,116.3644588585819,2009-07-08 09:02:02,0
68,39.976053,116.41833,39.98391696977997,116.3644588585819,2009-06-16 00:26:52,0
62,39.9442033,116.340695,39.98391696977997,116.3644588585819,2008-08-26 05:11:03,0
25,39.9851216,116.3447183,39.98391696977997,116.3644588585819,2009-04-30 11:06:56,0
141,39.9768566666667,116.32887,39.98391696977997,116.3644588585819,2011-10-11 11:57:52,0
20,39.978115,116.3316,39.98391696977997,116.3644588585819,2011-08-28 18:18:18,0
22,40.073556,116.359694,39.98391696977997,116.3644588585819,2009-05-12 13:04:22,0
68,39.971382,116.418588,39.98391696977997,116.3644588585819,2009-07-03 07:53:22,0
128,39.98007,116.3099483,39.98391696977997,116.3644588585819,2009-03-29 08:02:16,0
28,39.928547,116.157802,39.98391696977997,116.3644588585819,2009-03-18 22:41:49,0
153,39.976425,116.445509,39.98391696977997,116.3644588585819,2010-05-19 00:03:39,0
153,39.992042,116.456754,39.98391696977997,116.3644588585819,2011-09-15 09:51:32,0
34,39.9140133,116.3388633,39.98391696977997,116.3644588585819,2009-03-23 03:44:37,0
40,39.919682,116.340534,39.98391696977997,116.3644588585819,2009-03-07 06:13:16,0
36,39.967658,116.409789,39.98391696977997,116.3644588585819,2009-07-08 07:14:29,0
5,39.976464,116.336821,39.98391696977997,116.3644588585819,2008-11-07 15:40:02,0
153,39.9376549,116.3388783,39.98391696977997,116.3644588585819,2009-01-01 08:14:52,0
41,39.8666566,116.3142683,39.98391696977997,116.3644588585819,2009-07-01 10:29:55,0
75,39.9756116666667,116.326375,39.98391696977997,116.3644588585819,2011-08-27 14:34:23,0
95,39.9771083333333,116.307255,39.98391696977997,116.3644588585819,2011-05-01 04:09:52,0
25,39.6530533,116.4265633,39.98391696977997,116.3644588585819,2009-05-20 03:05:10,0
68,39.970275,116.418869,39.98391696977997,116.3644588585819,2009-04-01 11:19:18,0
22,40.01875,116.319275,39.98391696977997,116.3644588585819,2009-06-27 08:30:59,0
30,40.00863,116.317729,39.98391696977997,116.3644588585819,2009-05-17 13:54:03,0
128,39.9234166,116.16237,39.98391696977997,116.3644588585819,2009-07-04 05:42:06,0
179,39.988719,116.32668,39.98391696977997,116.3644588585819,2008-09-14 02:20:14,0
128,40.0764366,116.3272949,39.98391696977997,116.3644588585819,2008-12-17 01:43:12,0
141,40.3587866666667,115.981413333333,39.98391696977997,116.3644588585819,2011-10-23 02:19:40,0
62,39.9477116,116.3711333,39.98391696977997,116.3644588585819,2008-10-05 10:32:35,0
84,39.904345,116.238116,39.98391696977997,116.3644588585819,2009-05-15 22:36:08,0
67,39.9776633333333,116.303508333333,39.98391696977997,116.3644588585819,2011-04-11 11:04:22,0
163,39.986253931,116.366295831,39.98391696977997,116.3644588585819,2011-12-26 09:03:29,0
34,40.0319516,116.3505216,39.98391696977997,116.3644588585819,2009-02-28 00:46:30,0
30,40.00535,116.322655,39.98391696977997,116.3644588585819,2009-07-03 04:38:37,0
29,39.928706,116.337588,39.98391696977997,116.3644588585819,2009-01-16 13:38:20,0
5,40.000685,116.326869,39.98391696977997,116.3644588585819,2009-01-14 09:57:35,0
41,39.9374616,116.3210849,39.98391696977997,116.3644588585819,2009-04-18 08:45:42,0
25,39.9660666,116.3278433,39.98391696977997,116.3644588585819,2009-05-31 00:11:10,0
39,39.973864,116.363594,39.98391696977997,116.3644588585819,2009-03-19 00:14:00,0
36,39.875331,116.454974,39.98391696977997,116.3644588585819,2009-02-18 07:48:17,0
34,40.0333349,116.3499449,39.98391696977997,116.3644588585819,2009-04-02 10:17:05,0
52,39.984029,116.35254,39.98391696977997,116.3644588585819,2008-05-25 18:14:29,0
4,40.004521,116.324283,39.98391696977997,116.3644588585819,2008-10-25 10:33:11,0
12,39.988067,116.316706,39.98391696977997,116.3644588585819,2008-11-13 10:23:40,0
22,39.819829,116.281647,39.98391696977997,116.3644588585819,2009-05-02 15:42:43,0
112,39.9755233,116.3287683,39.98391696977997,116.3644588585819,2008-06-06 17:35:38,0
153,40.051855,116.613822,39.98391696977997,116.3644588585819,2011-03-07 01:36:25,0
65,39.98418,116.31759,39.98391696977997,116.3644588585819,2011-09-18 08:26:03,0
163,39.985447044,116.342385699,39.98391696977997,116.3644588585819,2012-01-04 09:23:00,0
14,39.9894833,116.3714583,39.98391696977997,116.3644588585819,2008-12-17 10:56:03,0
122,39.989159,116.300896,39.98391696977997,116.3644588585819,2009-09-17 19:20:21,0
27,39.95042,116.317293,39.98391696977997,116.3644588585819,2009-01-13 10:45:55,0
126,39.960772,116.416913,39.98391696977997,116.3644588585819,2008-07-06 12:11:24,0
17,40.5023266,117.064225,39.98391696977997,116.3644588585819,2009-01-24 02:28:37,0
78,39.973016,116.327415,39.98391696977997,116.3644588585819,2008-08-07 00:57:53,0
58,39.9751,116.318293333333,39.98391696977997,116.3644588585819,2011-08-30 00:31:15,0
42,40.0108266,116.5067666,39.98391696977997,116.3644588585819,2009-05-07 09:22:24,0
126,39.987146,116.381806,39.98391696977997,116.3644588585819,2008-08-03 12:53:40,0
74,39.9747083333333,116.306595,39.98391696977997,116.3644588585819,2012-03-03 03:27:17,0
84,39.931994,116.383682,39.98391696977997,116.3644588585819,2008-08-01 01:00:13,0
128,39.9669483,116.3827999,39.98391696977997,116.3644588585819,2009-03-29 07:14:43,0
128,39.94735,116.3756899,39.98391696977997,116.3644588585819,2010-08-22 02:28:01,0
33,39.980513,116.701045,39.98391696977997,116.3644588585819,2009-01-18 14:56:39,0
20,39.9761283333333,116.33174,39.98391696977997,116.3644588585819,2011-08-28 15:01:09,0
167,39.9749,116.418453,39.98391696977997,116.3644588585819,2008-07-06 06:24:49,0
125,40.089125,116.276523,39.98391696977997,116.3644588585819,2008-05-23 09:16:44,0
142,39.9844,116.313932,39.98391696977997,116.3644588585819,2008-12-26 07:57:54,0
68,39.962862,116.418672,39.98391696977997,116.3644588585819,2009-08-07 02:48:55,0
35,40.013687,116.298022,39.98391696977997,116.3644588585819,2009-04-05 10:21:51,0
41,39.8964966,116.25875,39.98391696977997,116.3644588585819,2009-07-07 10:02:47,0
62,40.0053833,116.3170133,39.98391696977997,116.3644588585819,2008-09-05 02:47:58,0
167,39.960444,116.418877,39.98391696977997,116.3644588585819,2008-07-19 11:41:17,0
128,40.0270783,116.3433266,39.98391696977997,116.3644588585819,2010-12-25 06:49:45,0
153,39.966345,116.345935,39.98391696977997,116.3644588585819,2010-03-27 08:57:58,0
17,40.0211366,116.3448,39.98391696977997,116.3644588585819,2009-01-22 15:17:32,0
28,39.975073,116.329994,39.98391696977997,116.3644588585819,2009-02-02 23:58:23,0
85,39.9755383,116.3396933,39.98391696977997,116.3644588585819,2008-09-02 23:05:34,0
14,39.99735,116.3742466,39.98391696977997,116.3644588585819,2008-11-22 08:11:30,0
85,39.964593,116.301934,39.98391696977997,116.3644588585819,2008-05-05 23:11:10,0
28,39.923428,116.202294,39.98391696977997,116.3644588585819,2009-02-09 23:02:26,0
3,39.991909,116.328628,39.98391696977997,116.3644588585819,2009-01-13 14:37:07,0
17,40.0218083,116.361105,39.98391696977997,116.3644588585819,2009-04-19 05:40:04,0
41,39.7765133,116.2683033,39.98391696977997,116.3644588585819,2009-05-16 03:53:19,0
0,39.976126,116.32807,39.98391696977997,116.3644588585819,2008-11-10 03:33:42,0
163,39.870887,116.347991,39.98391696977997,116.3644588585819,2011-02-02 04:54:13,0
84,39.986919,116.392597,39.98391696977997,116.3644588585819,2008-09-18 11:34:52,0
82,40.05155,116.404364,39.98391696977997,116.3644588585819,2009-03-09 12:57:40,0
128,40.1695233,116.6676849,39.98391696977997,116.3644588585819,2008-08-15 06:27:02,0
95,40.03141,116.314252,39.98391696977997,116.3644588585819,2011-03-07 08:30:24,0
168,39.981097,116.302293,39.98391696977997,116.3644588585819,2011-08-03 02:32:51,0
81,40.006897,116.322138,39.98391696977997,116.3644588585819,2008-05-23 15:39:46,0
30,39.965302,116.315347,39.98391696977997,116.3644588585819,2009-07-23 09:20:45,0
22,39.968724,116.312026,39.98391696977997,116.3644588585819,2009-02-16 09:01:45,0
0,39.930125,116.743088,39.98391696977997,116.3644588585819,2009-04-26 07:14:00,0
37,39.9900166,116.4150783,39.98391696977997,116.3644588585819,2009-03-26 02:00:54,0
41,39.8293749,116.2865483,39.98391696977997,116.3644588585819,2009-04-26 02:18:46,0
17,39.922515,116.3572899,39.98391696977997,116.3644588585819,2008-12-24 08:06:55,0
65,39.9785383333333,116.305393333333,39.98391696977997,116.3644588585819,2011-10-24 01:44:26,0
68,39.973455,116.418317,39.98391696977997,116.3644588585819,2009-08-18 01:39:15,0
14,39.9862433,116.3704666,39.98391696977997,116.3644588585819,2009-02-10 00:18:34,0
89,39.9850183,116.3278933,39.98391696977997,116.3644588585819,2008-05-09 04:40:30,0
68,39.988039,116.402182,39.98391696977997,116.3644588585819,2008-11-30 03:00:46,0
167,39.965556,116.347195,39.98391696977997,116.3644588585819,2008-04-26 05:30:26,0
20,39.9781483333333,116.331175,39.98391696977997,116.3644588585819,2011-08-28 18:31:48,0
88,39.9803316,116.3560383,39.98391696977997,116.3644588585819,2008-10-11 09:00:47,0
41,39.8275416,116.3393449,39.98391696977997,116.3644588585819,2009-05-02 03:04:26,0
68,39.956706,116.286215,39.98391696977997,116.3644588585819,2009-08-20 09:29:45,0
50,39.9845924377441,116.363166809082,39.98391696977997,116.3644588585819,2009-08-08 15:15:18,0
167,39.969275,116.419849,39.98391696977997,116.3644588585819,2008-05-31 03:43:04,0
153,39.926294,116.471656,39.98391696977997,116.3644588585819,2009-06-03 10:20:56,0
17,40.9308866,117.3278199,39.98391696977997,116.3644588585819,2009-01-24 04:25:30,0
169,39.98283,116.381487,39.98391696977997,116.3644588585819,2010-05-28 11:15:17,0
30,40.00481,116.318892,39.98391696977997,116.3644588585819,2009-04-30 09:14:16,0
68,39.955647,116.418763,39.98391696977997,116.3644588585819,2008-12-11 08:48:55,0
30,39.951384,116.799747,39.98391696977997,116.3644588585819,2009-01-31 05:16:53,0
65,39.965095879,116.314441514,39.98391696977997,116.3644588585819,2011-08-05 19:09:08,0
128,39.9839616,116.332315,39.98391696977997,116.3644588585819,2009-01-13 23:53:18,0
30,39.920622,116.633581,39.98391696977997,116.3644588585819,2009-04-25 12:53:10,0
2,39.936769,116.321899,39.98391696977997,116.3644588585819,2009-03-07 08:40:39,0
67,39.978535,116.332606666667,39.98391696977997,116.3644588585819,2011-04-18 13:36:22,0
8,39.97386,116.346776,39.98391696977997,116.3644588585819,2008-12-10 07:27:22,0
22,39.973429,116.333939,39.98391696977997,116.3644588585819,2009-07-13 04:28:26,0
65,39.98442,116.322823333333,39.98391696977997,116.3644588585819,2011-09-18 08:27:59,0
68,39.99008,116.417786,39.98391696977997,116.3644588585819,2009-03-31 14:31:42,0
4,40.000623,116.32697,39.98391696977997,116.3644588585819,2009-04-25 06:20:28,0
68,39.987956,116.401388,39.98391696977997,116.3644588585819,2009-06-09 13:44:55,0
128,40.3043216,116.3315,39.98391696977997,116.3644588585819,2009-05-03 03:17:51,0
39,39.979275,116.769058,39.98391696977997,116.3644588585819,2009-05-29 01:41:32,0
68,39.98465,116.418141,39.98391696977997,116.3644588585819,2009-06-18 14:04:16,0
153,39.964173,116.378957,39.98391696977997,116.3644588585819,2008-09-16 06:16:43,0
68,40.082158,116.30089,39.98391696977997,116.3644588585819,2009-08-11 02:32:29,0
40,39.951481,116.361871,39.98391696977997,116.3644588585819,2009-03-25 19:15:48,0
30,39.942106,116.793997,39.98391696977997,116.3644588585819,2009-05-24 10:41:22,0
71,39.9809633333333,116.324641666667,39.98391696977997,116.3644588585819,2012-03-20 10:43:14,0
82,39.958042,116.403091,39.98391696977997,116.3644588585819,2009-03-07 13:29:38,0
153,39.985898,116.449729,39.98391696977997,116.3644588585819,2010-12-16 10:22:02,0
141,39.9938383333333,116.305718333333,39.98391696977997,116.3644588585819,2011-09-02 10:48:24,0
144,40.0204316,116.4314816,39.98391696977997,116.3644588585819,2009-02-14 13:42:29,0
179,40.074437,116.335817,39.98391696977997,116.3644588585819,2008-09-07 09:58:43,0
92,40.0307249,116.4093533,39.98391696977997,116.3644588585819,2008-08-17 11:09:22,0
25,39.9506266,116.3728333,39.98391696977997,116.3644588585819,2009-04-01 15:46:17,0
38,39.968175,116.3136849,39.98391696977997,116.3644588585819,2009-03-06 05:02:46,0
30,40.000382,116.327042,39.98391696977997,116.3644588585819,2009-05-13 02:21:26,0
82,40.052888,116.398745,39.98391696977997,116.3644588585819,2009-03-30 23:02:23,0
153,39.931197,116.364094,39.98391696977997,116.3644588585819,2008-08-14 12:32:32,0
163,39.985102,116.450884,39.98391696977997,116.3644588585819,2011-02-09 09:56:11,0
163,39.9764333333333,116.330566666667,39.98391696977997,116.3644588585819,2007-10-23 00:57:32,0
74,39.974705,116.308621666667,39.98391696977997,116.3644588585819,2012-01-12 00:56:31,0
163,39.995375,116.445733,39.98391696977997,116.3644588585819,2010-06-15 10:14:02,0
96,39.97711,116.332296,39.98391696977997,116.3644588585819,2008-07-15 03:11:57,0
163,39.918208864,116.35011716,39.98391696977997,116.3644588585819,2012-01-19 18:09:45,0
153,39.907258,116.47154,39.98391696977997,116.3644588585819,2009-08-21 12:51:22,0
96,40.007302,116.319256,39.98391696977997,116.3644588585819,2008-11-01 05:22:41,0
153,39.9435966,116.4681233,39.98391696977997,116.3644588585819,2008-05-16 01:03:44,0
74,39.9756216666667,116.329316666667,39.98391696977997,116.3644588585819,2012-02-22 12:48:38,0
84,39.923282,116.16347,39.98391696977997,116.3644588585819,2008-09-14 01:09:39,0
68,40.000773,116.40646,39.98391696977997,116.3644588585819,2008-10-20 03:14:02,0
84,39.98069,116.327917,39.98391696977997,116.3644588585819,2008-10-19 12:29:24,0
153,39.965642,116.318221,39.98391696977997,116.3644588585819,2009-07-18 04:02:15,0
85,39.980995,116.32921,39.98391696977997,116.3644588585819,2008-11-10 07:36:17,0
130,40.005614,116.342162,39.98391696977997,116.3644588585819,2009-09-10 02:23:09,0
42,39.9059716,116.3804249,39.98391696977997,116.3644588585819,2009-02-26 02:24:31,0
10,39.998003,116.331463,39.98391696977997,116.3644588585819,2008-11-08 11:06:07,0
141,40.0161183333333,116.387735,39.98391696977997,116.3644588585819,2011-09-10 07:11:21,0
4,39.975811,116.327404,39.98391696977997,116.3644588585819,2008-12-18 10:32:15,0
95,39.9752966666667,116.329193333333,39.98391696977997,116.3644588585819,2011-05-02 16:08:53,0
74,39.9751833333333,116.320413333333,39.98391696977997,116.3644588585819,2012-03-07 00:52:22,0
14,39.977225,116.2828816,39.98391696977997,116.3644588585819,2008-12-18 13:44:05,0
41,40.3590399,116.4617466,39.98391696977997,116.3644588585819,2009-05-16 01:05:52,0
17,39.9848399,116.3251549,39.98391696977997,116.3644588585819,2009-06-17 13:20:16,0
96,40.049693,116.301224,39.98391696977997,116.3644588585819,2008-07-19 09:00:54,0
3,40.00772,116.31979,39.98391696977997,116.3644588585819,2008-11-07 22:15:54,0
119,39.957702,116.483507,39.98391696977997,116.3644588585819,2008-08-19 05:33:05,0
85,39.954371,116.329235,39.98391696977997,116.3644588585819,2008-10-28 03:12:59,0
41,39.9859033,116.3562766,39.98391696977997,116.3644588585819,2009-07-08 01:47:32,0
153,39.895454,116.310893,39.98391696977997,116.3644588585819,2011-01-22 02:04:15,0
65,39.974958,116.333097,39.98391696977997,116.3644588585819,2009-09-26 13:20:26,0
142,39.976909,116.327775,39.98391696977997,116.3644588585819,2010-05-28 02:22:31,0
58,39.9712833333333,116.460683333333,39.98391696977997,116.3644588585819,2007-05-26 03:43:57,0
50,39.9970321655273,116.301696777344,39.98391696977997,116.3644588585819,2009-08-17 14:51:28,0
2,39.906126,116.347261,39.98391696977997,116.3644588585819,2009-02-27 14:18:31,0
11,39.9385549,116.3665049,39.98391696977997,116.3644588585819,2008-11-21 11:35:23,0
153,39.986158,116.458555,39.98391696977997,116.3644588585819,2011-09-16 11:27:30,0
141,39.9755966666667,116.299253333333,39.98391696977997,116.3644588585819,2011-09-18 09:51:46,0
7,40.043674,116.253007,39.98391696977997,116.3644588585819,2008-11-04 03:53:37,0
30,40.009737,116.322592,39.98391696977997,116.3644588585819,2009-05-05 10:17:23,0
68,39.970716,116.418708,39.98391696977997,116.3644588585819,2009-04-21 03:45:55,0
11,39.9459116,116.3507383,39.98391696977997,116.3644588585819,2008-11-10 08:20:14,0
84,39.996311,116.273336,39.98391696977997,116.3644588585819,2008-09-13 07:39:45,0
153,39.903975,116.471149,39.98391696977997,116.3644588585819,2008-10-04 04:56:31,0
3,39.935604,116.366532,39.98391696977997,116.3644588585819,2009-02-27 06:01:11,0
82,40.052087,116.400887,39.98391696977997,116.3644588585819,2009-03-10 17:19:25,0
14,39.8374199,116.2804766,39.98391696977997,116.3644588585819,2008-11-09 02:01:11,0
2,39.926303,116.337896,39.98391696977997,116.3644588585819,2008-11-13 11:50:08,0
17,39.9445416,116.3572566,39.98391696977997,116.3644588585819,2009-06-16 07:16:19,0
38,39.9703083,116.3092683,39.98391696977997,116.3644588585819,2009-03-08 03:37:07,0
153,39.999622504,116.456861352,39.98391696977997,116.3644588585819,2011-10-10 17:36:29,0
40,39.895772,116.39176,39.98391696977997,116.3644588585819,2009-02-09 06:17:13,0
141,39.9666716666667,116.338885,39.98391696977997,116.3644588585819,2011-09-25 07:18:38,0
68,39.978221,116.416893,39.98391696977997,116.3644588585819,2008-10-09 08:59:17,0
68,40.061033,116.427196,39.98391696977997,116.3644588585819,2008-11-05 02:33:29,0
41,39.860015,116.2590766,39.98391696977997,116.3644588585819,2009-06-22 06:49:06,0
30,39.948784,116.457382,39.98391696977997,116.3644588585819,2009-06-11 06:40:30,0
68,40.032112,116.340097,39.98391696977997,116.3644588585819,2008-11-30 03:29:16,0
112,39.9894949,116.4013766,39.98391696977997,116.3644588585819,2008-05-18 01:21:55,0
179,40.0716,116.309872,39.98391696977997,116.3644588585819,2008-10-21 11:32:30,0
84,39.934977,116.430312,39.98391696977997,116.3644588585819,2009-04-11 02:55:10,0
141,39.9969066666667,116.385406666667,39.98391696977997,116.3644588585819,2011-09-10 05:55:56,0
68,40.034817,116.302708,39.98391696977997,116.3644588585819,2009-07-11 10:35:02,0
30,39.900674,116.268026,39.98391696977997,116.3644588585819,2009-04-12 13:35:10,0
128,40.3343783,115.9765716,39.98391696977997,116.3644588585819,2009-04-04 03:55:38,0
3,40.009574,116.316098,39.98391696977997,116.3644588585819,2009-04-29 11:13:42,0
34,39.9989833,116.3585666,39.98391696977997,116.3644588585819,2009-04-03 02:59:52,0
14,39.9852999,116.34164,39.98391696977997,116.3644588585819,2008-10-29 12:20:33,0
153,39.921752,116.471879,39.98391696977997,116.3644588585819,2009-10-02 02:10:23,0
84,39.881798,116.438603,39.98391696977997,116.3644588585819,2009-05-16 13:11:42,0
167,39.998299,116.326244,39.98391696977997,116.3644588585819,2009-01-18 14:33:48,0
115,40.0045016,116.3607266,39.98391696977997,116.3644588585819,2008-05-29 10:31:05,0
68,39.968926,116.419497,39.98391696977997,116.3644588585819,2009-04-08 00:35:49,0
125,40.008847,116.377437,39.98391696977997,116.3644588585819,2008-08-20 03:55:55,0
17,39.9128783,116.48359,39.98391696977997,116.3644588585819,2009-06-08 02:24:15,0
153,39.906951,116.459537,39.98391696977997,116.3644588585819,2009-10-02 02:36:05,0
44,40.079102,116.325269,39.98391696977997,116.3644588585819,2009-04-11 12:48:01,0
41,39.869545,116.37656,39.98391696977997,116.3644588585819,2009-06-25 01:28:20,0
3,39.997164,116.325428,39.98391696977997,116.3644588585819,2009-02-28 05:34:49,0
153,40.021303,116.411283,39.98391696977997,116.3644588585819,2010-05-31 03:27:42,0
84,39.947734,116.398489,39.98391696977997,116.3644588585819,2009-05-23 01:40:49,0
168,40.117033,116.465782,39.98391696977997,116.3644588585819,2011-05-29 01:04:17,0
153,39.987496,116.431477,39.98391696977997,116.3644588585819,2009-09-26 08:30:15,0
62,39.9872666,116.3032116,39.98391696977997,116.3644588585819,2008-12-04 09:15:59,0
30,39.906667,116.606581,39.98391696977997,116.3644588585819,2009-05-24 11:06:56,0
1,39.98047,116.330688,39.98391696977997,116.3644588585819,2008-11-07 16:17:47,0
0,39.999972,116.327511,39.98391696977997,116.3644588585819,2009-06-11 14:02:48,0
126,39.894623,116.39178,39.98391696977997,116.3644588585819,2008-10-18 11:24:49,0
68,39.939363,116.309383,39.98391696977997,116.3644588585819,2009-07-12 10:13:09,0
153,39.956635,116.426645,39.98391696977997,116.3644588585819,2010-04-22 01:50:11,0
13,39.966677,116.373605,39.98391696977997,116.3644588585819,2008-12-04 09:41:28,0
2,39.899259,116.385263,39.98391696977997,116.3644588585819,2009-01-09 06:56:54,0
89,39.9871416,116.3960716,39.98391696977997,116.3644588585819,2008-05-07 00:33:59,0
96,39.99852,116.311589,39.98391696977997,116.3644588585819,2008-10-26 05:42:21,0
144,39.9063816,116.3989433,39.98391696977997,116.3644588585819,2008-10-03 11:07:17,0
141,39.9797066666667,116.32167,39.98391696977997,116.3644588585819,2011-09-26 00:25:45,0
128,39.99003,116.1699749,39.98391696977997,116.3644588585819,2010-01-09 07:11:50,0
7,39.980286,116.344171,39.98391696977997,116.3644588585819,2008-11-10 01:01:49,0
41,39.8594533,116.2584033,39.98391696977997,116.3644588585819,2009-03-30 08:12:48,0
125,39.907595,116.338049,39.98391696977997,116.3644588585819,2008-05-24 03:50:40,0
3,40.009839,116.322518,39.98391696977997,116.3644588585819,2009-03-26 10:13:02,0
30,40.007631,116.317695,39.98391696977997,116.3644588585819,2009-07-15 04:48:23,0
20,39.9746133333333,116.321193333333,39.98391696977997,116.3644588585819,2011-12-06 15:01:39,0
126,39.982408,116.444013,39.98391696977997,116.3644588585819,2008-08-16 10:28:13,0
85,40.069324,116.3285,39.98391696977997,116.3644588585819,2009-09-22 11:43:02,0
17,40.0116916,116.3459799,39.98391696977997,116.3644588585819,2009-02-08 07:52:37,0
82,39.97527,116.33172,39.98391696977997,116.3644588585819,2009-05-10 13:12:29,0
155,39.845238,116.42223,39.98391696977997,116.3644588585819,2009-07-13 10:16:14,0
92,40.0486316,116.2298499,39.98391696977997,116.3644588585819,2008-07-15 13:16:46,0
119,40.066632,116.407856,39.98391696977997,116.3644588585819,2008-09-07 09:33:57,0
50,39.9654083251953,116.315330505371,39.98391696977997,116.3644588585819,2009-08-07 11:40:24,0
163,39.9743266,116.3113099,39.98391696977997,116.3644588585819,2008-06-28 02:23:03,0
168,40.034133,116.404818,39.98391696977997,116.3644588585819,2011-08-16 12:44:16,0
68,39.969216,116.419692,39.98391696977997,116.3644588585819,2008-11-13 01:22:20,0
128,40.0695766,116.3192566,39.98391696977997,116.3644588585819,2008-04-29 01:39:26,0
88,39.9608216,116.3490583,39.98391696977997,116.3644588585819,2008-09-27 12:53:25,0
26,39.966057,116.329555,39.98391696977997,116.3644588585819,2009-01-17 09:15:54,0
153,40.293817,116.011148,39.98391696977997,116.3644588585819,2010-05-16 09:41:31,0
167,39.97492,116.312428,39.98391696977997,116.3644588585819,2008-07-15 04:04:28,0
68,39.96767,116.418699,39.98391696977997,116.3644588585819,2009-03-07 07:17:10,0
179,40.038662,116.333698,39.98391696977997,116.3644588585819,2008-11-07 09:39:20,0
42,39.7961383,116.340665,39.98391696977997,116.3644588585819,2009-02-19 04:17:04,0
29,39.939121,116.334275,39.98391696977997,116.3644588585819,2009-03-21 03:08:49,0
17,39.9229299,116.2562583,39.98391696977997,116.3644588585819,2008-12-12 05:50:42,0
9,40.002894,116.344123,39.98391696977997,116.3644588585819,2008-11-14 15:45:06,0
41,39.8635182,116.3069716,39.98391696977997,116.3644588585819,2009-03-21 07:04:57,0
117,40.0694666666667,116.329783333333,39.98391696977997,116.3644588585819,2007-06-25 01:34:20,0
65,39.9657666666667,116.32175,39.98391696977997,116.3644588585819,2011-09-17 03:55:16,0
84,39.937365,116.42795,39.98391696977997,116.3644588585819,2009-05-05 15:28:25,0
119,39.953949,116.493178,39.98391696977997,116.3644588585819,2008-09-22 15:42:43,0
129,39.968013,116.314081,39.98391696977997,116.3644588585819,2008-05-27 06:45:00,0
10,39.991775,116.326138,39.98391696977997,116.3644588585819,2008-11-07 05:18:55,0
68,39.969172,116.418711,39.98391696977997,116.3644588585819,2008-09-15 06:08:36,0
7,40.090639,116.096033,39.98391696977997,116.3644588585819,2008-11-19 07:56:42,0
25,40.035905,116.3038016,39.98391696977997,116.3644588585819,2009-03-17 04:50:33,0
128,40.1174033,116.4417816,39.98391696977997,116.3644588585819,2010-06-13 01:22:16,0
167,39.989357,116.326975,39.98391696977997,116.3644588585819,2008-10-19 14:46:44,0
7,40.088015,116.104002,39.98391696977997,116.3644588585819,2008-11-04 07:39:16,0
10,39.852573,116.347495,39.98391696977997,116.3644588585819,2008-12-20 22:37:04,0
125,40.007142,116.322181,39.98391696977997,116.3644588585819,2008-09-16 15:35:15,0
169,39.966328,116.372526,39.98391696977997,116.3644588585819,2010-05-28 11:02:06,0
141,39.9773633333333,116.333718333333,39.98391696977997,116.3644588585819,2011-09-09 12:08:27,0
65,39.8576783333333,116.441625,39.98391696977997,116.3644588585819,2011-08-30 11:14:59,0
17,39.9680083,116.3881783,39.98391696977997,116.3644588585819,2008-12-17 00:24:13,0
167,39.97533,116.328789,39.98391696977997,116.3644588585819,2008-05-18 14:30:02,0
41,40.1661649,116.176345,39.98391696977997,116.3644588585819,2009-06-27 03:49:03,0
14,40.049285,116.4765449,39.98391696977997,116.3644588585819,2008-10-20 11:01:11,0
2,39.926171,116.337385,39.98391696977997,116.3644588585819,2008-10-30 14:00:54,0
68,39.951483,116.419128,39.98391696977997,116.3644588585819,2009-08-24 01:52:27,0
128,39.878205,116.4731249,39.98391696977997,116.3644588585819,2008-12-14 07:35:38,0
153,39.984015,116.454141,39.98391696977997,116.3644588585819,2010-09-04 10:02:39,0
125,39.9828533,116.2993066,39.98391696977997,116.3644588585819,2008-07-19 11:54:00,0
50,39.996082,116.292539,39.98391696977997,116.3644588585819,2009-07-24 10:22:15,0
163,39.927225,116.349852,39.98391696977997,116.3644588585819,2011-02-08 09:07:12,0
126,39.992277,116.32662,39.98391696977997,116.3644588585819,2008-11-01 04:40:00,0
14,40.3478483,116.8388383,39.98391696977997,116.3644588585819,2009-01-28 02:11:27,0
84,39.932143,116.396832,39.98391696977997,116.3644588585819,2008-08-20 12:01:24,0
65,39.9660066666667,116.31476,39.98391696977997,116.3644588585819,2011-09-29 14:12:05,0
25,39.9844033,116.3252216,39.98391696977997,116.3644588585819,2009-04-01 02:43:19,0
84,40.042707,116.574336,39.98391696977997,116.3644588585819,2008-08-31 08:47:22,0
128,39.9158166,116.4757066,39.98391696977997,116.3644588585819,2009-01-02 04:40:31,0
3,39.999552,116.317931,39.98391696977997,116.3644588585819,2008-12-08 06:07:10,0
39,40.072104,116.41624,39.98391696977997,116.3644588585819,2009-05-25 14:39:40,0
36,40.541855,116.799821,39.98391696977997,116.3644588585819,2009-02-12 03:29:12,0
42,39.9081683,116.4546599,39.98391696977997,116.3644588585819,2009-02-12 02:28:13,0
17,39.9929266,116.346845,39.98391696977997,116.3644588585819,2009-04-20 00:04:34,0
38,39.9686066,116.3033233,39.98391696977997,116.3644588585819,2009-02-17 11:56:15,0
3,39.995099,116.328412,39.98391696977997,116.3644588585819,2009-03-13 11:31:46,0
128,40.0706133,116.3288516,39.98391696977997,116.3644588585819,2010-04-28 13:17:01,0
35,39.976057,116.300667,39.98391696977997,116.3644588585819,2009-04-07 06:54:46,0
153,40.049356199,116.420562523,39.98391696977997,116.3644588585819,2012-03-03 17:08:09,0
65,39.9660683333333,116.32812,39.98391696977997,116.3644588585819,2011-10-15 01:50:23,0
169,40.046137,116.400499,39.98391696977997,116.3644588585819,2010-05-12 11:17:51,0
24,40.385074,115.895311,39.98391696977997,116.3644588585819,2009-01-29 11:05:39,0
35,39.990371,116.330108,39.98391696977997,116.3644588585819,2009-03-04 12:56:33,0
153,39.966735,116.432852,39.98391696977997,116.3644588585819,2009-07-09 01:10:07,0
17,39.5195933,116.7039283,39.98391696977997,116.3644588585819,2009-05-28 06:29:49,0
30,40.051857,116.300066,39.98391696977997,116.3644588585819,2009-06-14 07:58:51,0
153,39.972999501,116.44301187,39.98391696977997,116.3644588585819,2012-02-10 20:13:44,0
165,39.9664516666667,116.325943333333,39.98391696977997,116.3644588585819,2011-11-19 07:06:51,0
39,39.891884,116.45487,39.98391696977997,116.3644588585819,2009-06-03 09:46:30,0
179,39.991483,116.329199,39.98391696977997,116.3644588585819,2008-10-21 11:05:36,0
168,39.985653,116.346762,39.98391696977997,116.3644588585819,2011-06-28 23:22:41,0
20,39.9770266666667,116.331668333333,39.98391696977997,116.3644588585819,2011-10-25 14:34:03,0
96,39.999498,116.327638,39.98391696977997,116.3644588585819,2008-10-06 14:14:01,0
153,40.018169,116.419559,39.98391696977997,116.3644588585819,2009-11-13 09:58:30,0
74,39.9765633333333,116.304801666667,39.98391696977997,116.3644588585819,2012-03-13 01:15:09,0
17,39.9669216,116.4106633,39.98391696977997,116.3644588585819,2009-02-18 04:00:56,0
50,39.9589653,116.271636966667,39.98391696977997,116.3644588585819,2009-08-10 09:15:17,0
128,40.0697066,116.3137716,39.98391696977997,116.3644588585819,2010-08-09 01:22:17,0
9,39.995765,116.328288,39.98391696977997,116.3644588585819,2008-11-07 10:03:39,0
41,40.0221199,116.2817733,39.98391696977997,116.3644588585819,2009-06-03 22:41:10,0
30,40.009627,116.316143,39.98391696977997,116.3644588585819,2009-05-12 01:34:19,0
103,39.9309083,116.3165016,39.98391696977997,116.3644588585819,2008-09-05 10:20:45,0
22,39.97332,116.334306,39.98391696977997,116.3644588585819,2009-04-13 06:02:17,0
153,39.972283,116.441952,39.98391696977997,116.3644588585819,2011-02-21 00:05:09,0
135,39.968773,116.398892,39.98391696977997,116.3644588585819,2009-01-03 02:17:30,0
169,39.96855,116.3742,39.98391696977997,116.3644588585819,2010-06-04 01:47:07,0
55,39.974356604,116.331121791,39.98391696977997,116.3644588585819,2011-08-10 03:41:04,0
68,39.96811,116.418837,39.98391696977997,116.3644588585819,2008-11-24 08:13:24,0
112,39.975025,116.3187316,39.98391696977997,116.3644588585819,2008-05-17 07:34:44,0
13,39.975364,116.372486,39.98391696977997,116.3644588585819,2009-01-20 09:26:31,0
85,39.973531,116.418416,39.98391696977997,116.3644588585819,2008-07-22 23:58:06,0
17,39.9279233,116.3496849,39.98391696977997,116.3644588585819,2008-11-14 02:32:01,0
65,39.97422,116.302201666667,39.98391696977997,116.3644588585819,2011-09-07 12:53:41,0
62,39.9865466,116.3015733,39.98391696977997,116.3644588585819,2008-11-06 09:47:53,0
25,39.9913466,116.3002983,39.98391696977997,116.3644588585819,2009-04-22 02:26:36,0
43,39.944332,116.31627,39.98391696977997,116.3644588585819,2009-02-15 06:31:36,0
10,39.860261,116.367578,39.98391696977997,116.3644588585819,2008-06-17 11:17:45,0
128,40.0312666666667,116.410216666667,39.98391696977997,116.3644588585819,2007-07-22 09:22:43,0
67,39.97863,116.332838333333,39.98391696977997,116.3644588585819,2011-04-12 20:37:43,0
17,39.9263133,116.3433399,39.98391696977997,116.3644588585819,2009-05-25 04:24:34,0
167,39.98833,116.326768,39.98391696977997,116.3644588585819,2008-11-18 05:38:14,0
30,40.008186,116.318244,39.98391696977997,116.3644588585819,2009-04-06 21:51:37,0
153,39.985752,116.449807,39.98391696977997,116.3644588585819,2009-09-06 11:30:29,0
38,39.9687366,116.3089766,39.98391696977997,116.3644588585819,2009-03-09 02:22:01,0
30,40.009669,116.314779,39.98391696977997,116.3644588585819,2009-02-01 17:39:21,0
153,39.908937068,116.363325418,39.98391696977997,116.3644588585819,2012-05-01 17:08:01,0
10,39.853783,116.358414,39.98391696977997,116.3644588585819,2008-09-19 00:30:12,0
10,39.736303,116.308987,39.98391696977997,116.3644588585819,2007-09-10 08:36:01,0
7,40.087505,116.104056,39.98391696977997,116.3644588585819,2008-11-04 08:20:45,0
10,39.884219,116.368354,39.98391696977997,116.3644588585819,2008-10-06 00:29:04,0
22,39.987587,116.309635,39.98391696977997,116.3644588585819,2009-02-21 09:43:05,0
153,39.9062783,116.3039666,39.98391696977997,116.3644588585819,2008-05-01 03:56:50,0
65,39.9645166666667,116.324558333333,39.98391696977997,116.3644588585819,2011-10-15 02:54:32,0
65,39.9664016666667,116.320491666667,39.98391696977997,116.3644588585819,2011-09-07 10:55:58,0
85,39.866619,116.347377,39.98391696977997,116.3644588585819,2008-12-02 11:43:33,0
167,39.915656,116.707405,39.98391696977997,116.3644588585819,2008-06-07 01:10:39,0
25,39.9816199,116.3104833,39.98391696977997,116.3644588585819,2009-06-03 04:13:42,0
37,39.9476666,116.4091633,39.98391696977997,116.3644588585819,2009-04-16 06:51:24,0
39,40.375248,116.674396,39.98391696977997,116.3644588585819,2009-06-05 03:26:34,0
0,40.00038,116.324456,39.98391696977997,116.3644588585819,2009-04-16 08:48:37,0
163,39.983632,116.450861,39.98391696977997,116.3644588585819,2011-01-22 04:33:28,0
43,39.779623,116.535546,39.98391696977997,116.3644588585819,2009-06-17 02:05:09,0
165,39.9915266666667,116.328223333333,39.98391696977997,116.3644588585819,2011-11-19 02:10:06,0
89,39.9855833,116.3516366,39.98391696977997,116.3644588585819,2008-05-09 11:38:58,0
144,39.9683733,116.426365,39.98391696977997,116.3644588585819,2009-01-08 09:37:56,0
68,39.883373,116.443545,39.98391696977997,116.3644588585819,2009-08-24 03:46:27,0
38,39.9092783,116.4636866,39.98391696977997,116.3644588585819,2009-02-07 14:16:09,0
65,39.972808222,116.312298424,39.98391696977997,116.3644588585819,2011-08-10 22:34:55,0
25,39.97909,116.3102783,39.98391696977997,116.3644588585819,2009-04-06 10:29:02,0
68,39.996584,116.416999,39.98391696977997,116.3644588585819,2009-05-19 14:54:25,0
7,39.982119,116.345676,39.98391696977997,116.3644588585819,2008-12-07 12:38:08,0
167,40.00135,116.318768,39.98391696977997,116.3644588585819,2008-10-16 03:14:02,0
17,39.9847449,116.3194416,39.98391696977997,116.3644588585819,2008-12-22 00:29:00,0
30,40.007768,116.321302,39.98391696977997,116.3644588585819,2009-07-27 04:33:42,0
83,39.9742666,116.3324299,39.98391696977997,116.3644588585819,2009-01-14 20:06:39,0
52,39.985377,116.352959,39.98391696977997,116.3644588585819,2008-06-07 22:41:54,0
52,39.99155,116.401469,39.98391696977997,116.3644588585819,2008-08-20 00:12:12,0
68,39.972061,116.312474,39.98391696977997,116.3644588585819,2009-07-05 11:43:54,0
126,39.9695866,116.4210266,39.98391696977997,116.3644588585819,2008-06-05 08:08:24,0
167,39.9894499,116.3267283,39.98391696977997,116.3644588585819,2008-03-31 10:39:23,0
62,39.9881816,116.3029233,39.98391696977997,116.3644588585819,2008-10-30 03:06:00,0
52,39.906433,116.261425,39.98391696977997,116.3644588585819,2008-06-03 04:05:14,0
13,40.165899,116.130871,39.98391696977997,116.3644588585819,2008-10-27 22:17:07,0
4,39.936072,116.42605,39.98391696977997,116.3644588585819,2008-12-10 08:42:38,0
17,39.94686,116.3649699,39.98391696977997,116.3644588585819,2008-12-24 08:51:15,0
52,39.985925,116.349091,39.98391696977997,116.3644588585819,2008-05-21 03:25:32,0
65,39.9609333333333,116.441468333333,39.98391696977997,116.3644588585819,2011-08-30 12:50:42,0
144,40.0280666,116.4309349,39.98391696977997,116.3644588585819,2009-03-12 10:46:39,0
67,39.576745,116.019743333333,39.98391696977997,116.3644588585819,2011-05-22 22:26:01,0
42,39.8990233,116.4558883,39.98391696977997,116.3644588585819,2009-01-31 04:33:40,0
30,40.005318,116.317866,39.98391696977997,116.3644588585819,2009-07-15 01:03:35,0
1,40.016084,116.310513,39.98391696977997,116.3644588585819,2008-10-26 23:53:57,0
153,40.020132703,116.442679982,39.98391696977997,116.3644588585819,2011-10-08 17:14:20,0
14,39.9846999,116.3309633,39.98391696977997,116.3644588585819,2009-04-03 12:47:02,0
41,39.8872833,116.4552666,39.98391696977997,116.3644588585819,2009-06-03 11:27:42,0
39,40.071947,116.416308,39.98391696977997,116.3644588585819,2009-05-25 12:57:10,0
163,40.007288,116.197512,39.98391696977997,116.3644588585819,2010-04-18 06:54:53,0
38,39.9945466,116.199165,39.98391696977997,116.3644588585819,2009-07-20 13:39:07,0
153,39.893555,116.368279,39.98391696977997,116.3644588585819,2008-11-24 08:41:42,0
142,39.9692,116.327772,39.98391696977997,116.3644588585819,2010-06-18 11:16:26,0
7,39.980446,116.339141,39.98391696977997,116.3644588585819,2008-12-10 10:56:04,0
74,39.9753316666667,116.324816666667,39.98391696977997,116.3644588585819,2012-01-13 00:32:31,0
52,39.90629,116.244721,39.98391696977997,116.3644588585819,2008-06-05 09:46:11,0
153,39.998167,116.495675,39.98391696977997,116.3644588585819,2008-11-29 09:10:28,0
68,39.995124,116.401223,39.98391696977997,116.3644588585819,2009-04-25 05:25:49,0
165,39.9797583333333,116.309191666667,39.98391696977997,116.3644588585819,2011-11-19 08:20:48,0
66,39.921995,116.335222,39.98391696977997,116.3644588585819,2009-08-20 12:07:22,0
30,40.008867,116.319756,39.98391696977997,116.3644588585819,2009-04-09 03:25:30,0
17,39.8957716,116.2249633,39.98391696977997,116.3644588585819,2009-04-21 02:44:55,0
3,39.935449,116.32213,39.98391696977997,116.3644588585819,2008-12-03 03:26:47,0
30,39.942752,116.783725,39.98391696977997,116.3644588585819,2009-04-06 03:31:13,0
37,39.9810983,116.3018866,39.98391696977997,116.3644588585819,2009-03-17 07:56:52,0
163,39.979601151,116.3035293,39.98391696977997,116.3644588585819,2012-02-15 08:44:56,0
22,40.057995,116.403825,39.98391696977997,116.3644588585819,2009-07-19 22:04:53,0
153,39.986216,116.44918,39.98391696977997,116.3644588585819,2009-09-26 10:13:05,0
153,39.870882,116.454614,39.98391696977997,116.3644588585819,2009-09-13 02:23:44,0
39,39.88956,116.454846,39.98391696977997,116.3644588585819,2009-06-17 10:41:17,0
41,40.0273533,116.2883183,39.98391696977997,116.3644588585819,2009-06-23 22:36:23,0
10,39.992165,116.32618,39.98391696977997,116.3644588585819,2008-11-07 05:19:27,0
5,40.011221,116.321119,39.98391696977997,116.3644588585819,2008-11-04 00:45:32,0
68,39.989861,116.417651,39.98391696977997,116.3644588585819,2008-10-30 13:16:53,0
84,40.092439,116.293015,39.98391696977997,116.3644588585819,2008-11-29 06:43:17,0
84,39.934308,116.430086,39.98391696977997,116.3644588585819,2008-12-03 03:05:56,0
25,39.98887,116.3099433,39.98391696977997,116.3644588585819,2009-03-13 07:48:49,0
153,39.906176,116.387221,39.98391696977997,116.3644588585819,2008-08-22 09:57:39,0
153,40.042198,116.407489,39.98391696977997,116.3644588585819,2010-06-15 02:38:50,0
163,39.941752,116.323091,39.98391696977997,116.3644588585819,2010-02-17 03:16:55,0
10,39.855886,116.379318,39.98391696977997,116.3644588585819,2008-09-19 11:56:40,0
17,39.9100683,116.3676983,39.98391696977997,116.3644588585819,2009-06-30 06:16:47,0
167,39.975935,116.332848,39.98391696977997,116.3644588585819,2008-07-16 10:22:19,0
153,39.943468,116.483608,39.98391696977997,116.3644588585819,2009-08-23 09:55:37,0
153,39.926981,116.47198,39.98391696977997,116.3644588585819,2008-08-20 07:46:25,0
153,39.928288,116.472412,39.98391696977997,116.3644588585819,2008-10-14 10:32:58,0
128,40.07016,116.3288933,39.98391696977997,116.3644588585819,2010-09-18 07:11:10,0
78,39.974846,116.456034,39.98391696977997,116.3644588585819,2008-05-30 12:26:17,0
62,39.9444566,116.3186283,39.98391696977997,116.3644588585819,2008-08-23 10:09:15,0
17,40.0066766,116.3462266,39.98391696977997,116.3644588585819,2008-11-13 01:31:54,0
11,39.9841383,116.3549416,39.98391696977997,116.3644588585819,2008-11-11 09:41:01,0
92,40.0308899,116.4086199,39.98391696977997,116.3644588585819,2008-08-18 01:34:04,0
153,40.000391651,116.460684142,39.98391696977997,116.3644588585819,2011-10-26 17:50:50,0
22,39.95358,116.317809,39.98391696977997,116.3644588585819,2009-02-03 12:43:40,0
36,39.931131,116.410806,39.98391696977997,116.3644588585819,2009-07-08 08:52:29,0
2,39.973106,116.327408,39.98391696977997,116.3644588585819,2009-02-21 13:09:38,0
67,39.975925,116.305055,39.98391696977997,116.3644588585819,2011-04-19 03:34:17,0
41,40.3027416,116.7980216,39.98391696977997,116.3644588585819,2009-04-28 03:44:30,0
141,39.9837166666667,116.309228333333,39.98391696977997,116.3644588585819,2011-10-08 08:42:47,0
128,40.0496916,116.3017099,39.98391696977997,116.3644588585819,2009-04-23 13:00:30,0
112,39.9755199,116.3757299,39.98391696977997,116.3644588585819,2008-07-06 12:21:30,0
67,39.965072,116.456464,39.98391696977997,116.3644588585819,2011-03-05 04:28:45,0
35,39.981877,116.321089,39.98391696977997,116.3644588585819,2009-03-05 09:27:37,0
44,39.981688,116.299726,39.98391696977997,116.3644588585819,2009-02-22 10:56:18,0
38,39.9683983,116.30234,39.98391696977997,116.3644588585819,2009-02-28 03:21:18,0
37,39.9763233,116.25311,39.98391696977997,116.3644588585819,2009-04-04 09:12:02,0
30,39.956953,116.282439,39.98391696977997,116.3644588585819,2009-02-14 05:46:16,0
17,39.87158,116.3427333,39.98391696977997,116.3644588585819,2008-12-31 11:32:22,0
17,39.9849483,116.337555,39.98391696977997,116.3644588585819,2009-06-13 23:59:59,0
126,39.979993,116.41811,39.98391696977997,116.3644588585819,2008-12-20 05:41:43,0
167,39.983706,116.326868,39.98391696977997,116.3644588585819,2008-08-18 09:41:50,0
142,39.961412,116.268858,39.98391696977997,116.3644588585819,2010-06-01 11:34:12,0
126,39.967218,116.395296,39.98391696977997,116.3644588585819,2008-11-05 10:44:11,0
39,40.162182,116.305604,39.98391696977997,116.3644588585819,2009-05-06 06:04:22,0
30,39.960268,116.44289,39.98391696977997,116.3644588585819,2009-02-18 06:12:50,0
112,39.9720416,116.3249099,39.98391696977997,116.3644588585819,2008-05-02 03:24:32,0
67,39.978755,116.332676666667,39.98391696977997,116.3644588585819,2011-05-12 20:30:02,0
128,40.0528083,116.3237783,39.98391696977997,116.3644588585819,2009-08-04 12:50:57,0
68,39.906133,116.411906,39.98391696977997,116.3644588585819,2009-03-22 10:43:13,0
38,39.9681816,116.3014883,39.98391696977997,116.3644588585819,2009-03-06 02:14:31,0
17,39.8369666,116.3948816,39.98391696977997,116.3644588585819,2008-11-06 07:25:46,0
35,39.991285,116.315574,39.98391696977997,116.3644588585819,2009-03-12 22:04:48,0
167,39.975711,116.326881,39.98391696977997,116.3644588585819,2008-08-06 12:46:16,0
85,39.889443,116.368056,39.98391696977997,116.3644588585819,2008-10-24 08:33:15,0
3,39.992456,116.326389,39.98391696977997,116.3644588585819,2008-11-19 10:19:59,0
35,39.977409,116.327598,39.98391696977997,116.3644588585819,2009-04-03 06:02:02,0
68,39.951443,116.418871,39.98391696977997,116.3644588585819,2009-08-20 04:09:06,0
20,39.983635,116.303685,39.98391696977997,116.3644588585819,2011-09-10 11:36:03,0
41,40.0445816,116.8002383,39.98391696977997,116.3644588585819,2009-05-09 00:59:52,0
37,39.849715,116.3836833,39.98391696977997,116.3644588585819,2009-07-15 10:34:39,0
153,39.906221,116.316882,39.98391696977997,116.3644588585819,2010-07-25 03:10:54,0
65,39.90432,116.02322,39.98391696977997,116.3644588585819,2011-10-05 05:21:37,0
30,40.00016,116.327658,39.98391696977997,116.3644588585819,2009-02-15 05:50:16,0
68,39.973396,116.411634,39.98391696977997,116.3644588585819,2009-07-19 03:25:21,0
163,39.985235544,116.340297257,39.98391696977997,116.3644588585819,2011-10-21 22:31:26,0
30,39.906958,116.478872,39.98391696977997,116.3644588585819,2009-03-14 08:58:45,0
41,39.8929483,116.2584816,39.98391696977997,116.3644588585819,2009-05-11 09:25:37,0
41,39.98119,116.0349499,39.98391696977997,116.3644588585819,2009-04-27 06:04:25,0
126,39.971986,116.411434,39.98391696977997,116.3644588585819,2008-10-02 08:50:14,0
84,39.937387,116.396988,39.98391696977997,116.3644588585819,2009-09-05 11:55:57,0
50,39.9819946333333,116.309234616667,39.98391696977997,116.3644588585819,2009-08-10 09:40:32,0
33,40.044733,116.597284,39.98391696977997,116.3644588585819,2009-01-18 09:05:23,0
4,40.003472,116.322438,39.98391696977997,116.3644588585819,2008-11-20 00:19:56,0
41,39.7630949,116.3366366,39.98391696977997,116.3644588585819,2009-05-02 04:09:21,0
41,39.8451699,116.2210783,39.98391696977997,116.3644588585819,2009-02-20 07:19:06,0
66,39.781842,116.490225,39.98391696977997,116.3644588585819,2009-08-20 18:11:18,0
169,40.010081,116.380158,39.98391696977997,116.3644588585819,2010-05-25 11:20:10,0
52,39.984358,116.309684,39.98391696977997,116.3644588585819,2008-06-29 06:37:27,0
128,39.992235,116.3315266,39.98391696977997,116.3644588585819,2009-06-19 01:09:40,0
122,39.968759,116.399918,39.98391696977997,116.3644588585819,2009-06-14 02:29:49,0
68,39.935609,116.420518,39.98391696977997,116.3644588585819,2009-02-20 07:09:43,0
41,39.9496833,116.3420316,39.98391696977997,116.3644588585819,2009-02-20 12:10:13,0
168,39.993431,116.394545,39.98391696977997,116.3644588585819,2011-07-21 22:39:19,0
142,39.719297,116.092906,39.98391696977997,116.3644588585819,2010-06-27 01:16:46,0
167,39.997684,116.32588,39.98391696977997,116.3644588585819,2008-06-19 22:32:45,0
163,40.013726,116.410619,39.98391696977997,116.3644588585819,2011-03-26 10:00:39,0
14,39.966195,116.3488483,39.98391696977997,116.3644588585819,2008-12-01 11:17:24,0
55,39.9747233333333,116.331028333333,39.98391696977997,116.3644588585819,2011-09-02 20:48:14,0
68,39.988404,116.417871,39.98391696977997,116.3644588585819,2008-10-25 10:15:33,0
85,39.904742,116.336862,39.98391696977997,116.3644588585819,2009-07-28 23:37:17,0
50,39.9469299316406,116.208572387695,39.98391696977997,116.3644588585819,2009-08-22 22:39:08,0
39,40.038832,116.325119,39.98391696977997,116.3644588585819,2009-06-09 22:07:01,0
43,39.951195,116.313518,39.98391696977997,116.3644588585819,2009-02-08 10:51:10,0
2,39.91643,116.343792,39.98391696977997,116.3644588585819,2009-02-07 08:13:02,0
41,39.915255,116.4628016,39.98391696977997,116.3644588585819,2009-06-18 23:50:46,0
13,39.975179,116.352525,39.98391696977997,116.3644588585819,2009-01-14 09:21:08,0
85,39.864164,116.346873,39.98391696977997,116.3644588585819,2008-12-02 07:17:09,0
144,39.9759666666667,116.3752,39.98391696977997,116.3644588585819,2008-05-30 10:28:11,0
153,39.890712,116.48375,39.98391696977997,116.3644588585819,2010-07-17 09:09:13,0
17,39.9858416,116.354805,39.98391696977997,116.3644588585819,2008-12-20 06:55:28,0
153,39.966657,116.332179,39.98391696977997,116.3644588585819,2008-12-06 03:30:35,0
23,39.863583,116.493887,39.98391696977997,116.3644588585819,2009-02-14 08:20:49,0
50,39.9806976333333,116.309226983333,39.98391696977997,116.3644588585819,2009-08-02 08:49:43,0
22,39.973469,116.332779,39.98391696977997,116.3644588585819,2009-06-10 08:36:57,0
39,39.982806,116.309986,39.98391696977997,116.3644588585819,2009-03-21 06:17:41,0
141,39.9751883333333,116.329801666667,39.98391696977997,116.3644588585819,2011-09-09 11:53:44,0
168,40.065502,116.404242,39.98391696977997,116.3644588585819,2011-08-02 20:57:24,0
141,39.97964,116.31,39.98391696977997,116.3644588585819,2011-10-10 00:47:58,0
179,40.08711,116.306465,39.98391696977997,116.3644588585819,2008-10-02 11:51:14,0
153,40.346536,116.833209,39.98391696977997,116.3644588585819,2010-08-06 09:11:24,0
155,40.013897,116.323624,39.98391696977997,116.3644588585819,2009-06-22 01:33:42,0
10,40.01046,116.35539,39.98391696977997,116.3644588585819,2009-01-16 07:59:17,0
74,39.9766816666667,116.331488333333,39.98391696977997,116.3644588585819,2012-02-21 13:54:37,0
69,39.907641,116.305886,39.98391696977997,116.3644588585819,2008-05-27 07:33:32,0
52,39.984921,116.352428,39.98391696977997,116.3644588585819,2008-06-04 16:03:47,0
67,39.974955,116.320796666667,39.98391696977997,116.3644588585819,2011-04-19 13:26:24,0
68,39.973637,116.418559,39.98391696977997,116.3644588585819,2009-01-08 09:07:50,0
68,39.96279,116.418741,39.98391696977997,116.3644588585819,2009-09-04 05:24:18,0
59,39.9776183333333,116.329381666667,39.98391696977997,116.3644588585819,2011-08-29 11:53:06,0
163,39.986952123,116.449431279,39.98391696977997,116.3644588585819,2012-05-17 22:13:24,0
41,40.5340883,117.1273599,39.98391696977997,116.3644588585819,2009-04-07 07:30:58,0
28,39.923174,116.279056,39.98391696977997,116.3644588585819,2009-04-14 11:36:18,0
37,39.8539449,116.3488716,39.98391696977997,116.3644588585819,2009-07-16 09:59:41,0
68,39.97022,116.419698,39.98391696977997,116.3644588585819,2009-03-08 06:51:15,0
17,39.9271516,116.3487816,39.98391696977997,116.3644588585819,2008-12-23 03:26:43,0
153,39.9666266,116.4688233,39.98391696977997,116.3644588585819,2008-05-10 07:28:32,0
167,39.975227,116.331261,39.98391696977997,116.3644588585819,2008-06-25 04:56:46,0
2,39.918302,116.346841,39.98391696977997,116.3644588585819,2009-02-08 07:37:43,0
13,39.956017,116.41668,39.98391696977997,116.3644588585819,2009-01-18 00:31:37,0
167,39.99883,116.308506,39.98391696977997,116.3644588585819,2008-10-16 09:26:16,0
17,40.0225833,116.3494699,39.98391696977997,116.3644588585819,2008-12-28 07:41:58,0
128,39.9754916,116.3305816,39.98391696977997,116.3644588585819,2008-10-17 03:50:07,0
68,39.986465,116.38573,39.98391696977997,116.3644588585819,2009-08-24 12:45:02,0
122,39.968027,116.39959,39.98391696977997,116.3644588585819,2009-05-28 19:07:49,0
38,39.98437,116.3104033,39.98391696977997,116.3644588585819,2009-02-22 09:37:26,0
30,40.009265,116.32266,39.98391696977997,116.3644588585819,2009-04-12 17:23:10,0
153,39.986669,116.450107,39.98391696977997,116.3644588585819,2010-10-29 13:48:29,0
25,40.0313799,116.3086549,39.98391696977997,116.3644588585819,2009-03-09 09:00:07,0
163,39.945019,116.327652,39.98391696977997,116.3644588585819,2010-02-17 03:20:49,0
39,40.035085,116.315882,39.98391696977997,116.3644588585819,2009-06-11 09:22:11,0
84,39.984987,116.341321,39.98391696977997,116.3644588585819,2008-08-24 23:29:15,0
153,40.143349,116.476952,39.98391696977997,116.3644588585819,2010-08-08 10:52:32,0
112,39.9809733,116.32724,39.98391696977997,116.3644588585819,2008-07-13 09:49:02,0
17,39.9874966,116.3469283,39.98391696977997,116.3644588585819,2009-06-22 14:00:21,0
168,40.021533,116.364347,39.98391696977997,116.3644588585819,2011-07-23 01:45:07,0
128,39.9530849,116.4531199,39.98391696977997,116.3644588585819,2008-10-29 08:43:15,0
167,39.996397,116.326585,39.98391696977997,116.3644588585819,2008-10-19 14:51:06,0
126,39.993342,116.326431,39.98391696977997,116.3644588585819,2008-10-22 11:05:35,0
68,39.954172,116.419085,39.98391696977997,116.3644588585819,2009-03-17 08:23:43,0
25,39.9859349,116.3492949,39.98391696977997,116.3644588585819,2009-04-02 12:27:33,0
167,40.117371,116.443664,39.98391696977997,116.3644588585819,2008-12-13 08:00:54,0
46,39.905006,116.390609,39.98391696977997,116.3644588585819,2009-10-11 06:49:54,0
31,40.077285,116.583688,39.98391696977997,116.3644588585819,2009-01-23 23:43:36,0
52,39.982271,116.329767,39.98391696977997,116.3644588585819,2008-07-02 10:53:28,0
34,39.9912166,116.3171699,39.98391696977997,116.3644588585819,2009-02-16 10:03:07,0
35,39.990388,116.329686,39.98391696977997,116.3644588585819,2009-04-14 11:59:11,0
30,40.000798,116.321739,39.98391696977997,116.3644588585819,2009-06-01 01:23:28,0
145,39.997592,116.274006,39.98391696977997,116.3644588585819,2008-05-24 02:56:07,0
25,39.9882533,116.3045016,39.98391696977997,116.3644588585819,2009-06-12 14:55:24,0
24,40.053386,116.322478,39.98391696977997,116.3644588585819,2009-03-25 00:25:10,0
34,39.9681416,116.3141499,39.98391696977997,116.3644588585819,2009-03-12 05:01:11,0
24,40.034701,116.343779,39.98391696977997,116.3644588585819,2009-03-23 23:31:25,0
3,40.00987,116.322647,39.98391696977997,116.3644588585819,2009-06-16 10:21:51,0
68,39.990438,116.41783,39.98391696977997,116.3644588585819,2009-05-12 01:10:27,0
153,39.887116,116.483156,39.98391696977997,116.3644588585819,2008-09-30 10:37:21,0
84,39.931914,116.381824,39.98391696977997,116.3644588585819,2009-05-17 06:21:38,0
167,39.974247,116.467855,39.98391696977997,116.3644588585819,2008-05-30 12:24:54,0
73,39.9697366,116.3308433,39.98391696977997,116.3644588585819,2008-07-15 14:31:23,0
42,39.9998066,116.3255366,39.98391696977997,116.3644588585819,2008-10-04 09:45:55,0
140,39.9547916,116.4622933,39.98391696977997,116.3644588585819,2009-02-03 04:57:08,0
68,39.969145,116.420063,39.98391696977997,116.3644588585819,2009-03-18 03:06:13,0
28,39.999647,116.451749,39.98391696977997,116.3644588585819,2009-01-31 08:45:01,0
35,39.999686,116.309133,39.98391696977997,116.3644588585819,2009-03-13 14:01:28,0
14,39.9224633,116.2688233,39.98391696977997,116.3644588585819,2008-12-03 09:54:06,0
128,40.0696683,116.32921,39.98391696977997,116.3644588585819,2009-06-28 23:42:59,0
37,39.9836333,116.3069933,39.98391696977997,116.3644588585819,2009-03-23 00:36:01,0
30,39.999943,116.327348,39.98391696977997,116.3644588585819,2009-07-08 00:58:48,0
68,39.970506,116.41916,39.98391696977997,116.3644588585819,2009-04-22 23:57:58,0
15,39.980019,116.3264,39.98391696977997,116.3644588585819,2008-12-10 01:51:23,0
168,39.983114,116.373342,39.98391696977997,116.3644588585819,2011-07-13 13:50:49,0
65,39.9024966666667,116.024803333333,39.98391696977997,116.3644588585819,2011-10-05 06:18:31,0
68,39.989468,116.417687,39.98391696977997,116.3644588585819,2009-03-27 00:58:08,0
65,39.8557033333333,116.392775,39.98391696977997,116.3644588585819,2011-08-30 11:07:17,0
41,40.280815,116.5518699,39.98391696977997,116.3644588585819,2009-04-28 02:21:10,0
64,39.981887,116.306537,39.98391696977997,116.3644588585819,2008-08-25 08:42:37,0
153,39.935356,116.468636,39.98391696977997,116.3644588585819,2008-09-28 15:13:22,0
50,39.9252395629883,116.304565429688,39.98391696977997,116.3644588585819,2009-08-04 19:01:33,0
3,40.007424,116.319569,39.98391696977997,116.3644588585819,2008-11-07 22:45:34,0
67,39.97837,116.332811666667,39.98391696977997,116.3644588585819,2011-04-22 18:21:02,0
85,39.966464,116.3299,39.98391696977997,116.3644588585819,2008-11-05 10:54:59,0
153,39.986155823,116.449456591,39.98391696977997,116.3644588585819,2012-03-29 18:05:56,0
153,39.933320252,116.487598423,39.98391696977997,116.3644588585819,2012-05-23 14:53:32,0
38,39.9562983,116.3292166,39.98391696977997,116.3644588585819,2009-02-14 02:08:28,0
153,39.932354,116.466085,39.98391696977997,116.3644588585819,2009-06-24 13:32:32,0
103,39.981525,116.3478483,39.98391696977997,116.3644588585819,2008-09-19 06:50:06,0
84,39.955725,116.449183,39.98391696977997,116.3644588585819,2008-11-28 00:03:47,0
2,39.89852,116.37092,39.98391696977997,116.3644588585819,2009-02-04 10:40:25,0
7,39.985415,116.307785,39.98391696977997,116.3644588585819,2008-12-11 13:35:02,0
68,39.98147,116.424689,39.98391696977997,116.3644588585819,2008-10-31 06:37:04,0
85,40.066232,116.405035,39.98391696977997,116.3644588585819,2009-09-14 16:08:38,0
65,39.96444,116.325336666667,39.98391696977997,116.3644588585819,2011-09-08 04:56:19,0
141,39.9750883333333,116.318715,39.98391696977997,116.3644588585819,2011-09-29 12:19:16,0
3,39.998772,116.33842,39.98391696977997,116.3644588585819,2009-02-14 18:18:20,0
153,39.977726,116.447391,39.98391696977997,116.3644588585819,2010-10-28 10:38:19,0
179,40.070112,116.312784,39.98391696977997,116.3644588585819,2008-09-04 13:43:23,0
68,39.999311,116.41164,39.98391696977997,116.3644588585819,2009-08-13 01:59:22,0
153,39.983419,116.451005,39.98391696977997,116.3644588585819,2011-05-26 12:13:25,0
40,39.951406,116.361967,39.98391696977997,116.3644588585819,2009-03-23 14:54:42,0
9,40.003011,116.344438,39.98391696977997,116.3644588585819,2008-11-13 12:33:32,0
34,39.9813549,116.304385,39.98391696977997,116.3644588585819,2009-04-20 10:43:19,0
67,39.979113,116.332456,39.98391696977997,116.3644588585819,2011-03-13 03:14:58,0
22,39.973449,116.333598,39.98391696977997,116.3644588585819,2009-06-10 08:30:02,0
35,40.030242,116.360036,39.98391696977997,116.3644588585819,2009-03-15 02:17:15,0
74,39.974645,116.311846666667,39.98391696977997,116.3644588585819,2012-02-11 14:17:50,0
19,39.8750616,116.4520883,39.98391696977997,116.3644588585819,2008-11-15 05:40:08,0
142,40.023555,116.442057,39.98391696977997,116.3644588585819,2008-03-30 15:33:44,0
35,39.98182,116.321248,39.98391696977997,116.3644588585819,2009-04-22 07:54:05,0
10,39.63166,116.458133,39.98391696977997,116.3644588585819,2008-06-18 16:08:17,0
14,39.9680483,116.4169683,39.98391696977997,116.3644588585819,2008-10-25 14:28:49,0
17,40.0105916,116.3376499,39.98391696977997,116.3644588585819,2009-04-19 13:54:59,0
42,39.6903616,116.3258416,39.98391696977997,116.3644588585819,2009-03-20 07:31:23,0
28,39.923161,116.279644,39.98391696977997,116.3644588585819,2009-02-02 10:13:56,0
36,39.946889,116.410239,39.98391696977997,116.3644588585819,2009-07-09 09:20:28,0
17,39.9285533,116.3278616,39.98391696977997,116.3644588585819,2008-12-04 03:33:48,0
17,39.9757183,116.4089116,39.98391696977997,116.3644588585819,2009-04-20 09:41:18,0
52,40.000212,116.379501,39.98391696977997,116.3644588585819,2008-10-05 19:47:57,0
126,39.9691283,116.422225,39.98391696977997,116.3644588585819,2008-07-18 15:28:09,0
5,40.009057,116.320284,39.98391696977997,116.3644588585819,2008-11-01 10:16:30,0
30,39.911694,116.429477,39.98391696977997,116.3644588585819,2009-06-11 07:19:00,0
163,39.975102,116.4557,39.98391696977997,116.3644588585819,2011-01-29 05:55:47,0
22,40.000668,116.336981,39.98391696977997,116.3644588585819,2009-02-21 03:34:40,0
84,39.93493,116.429938,39.98391696977997,116.3644588585819,2008-10-14 02:33:38,0
115,39.9080649,116.5879799,39.98391696977997,116.3644588585819,2008-05-15 11:11:23,0
153,39.844935,116.477391,39.98391696977997,116.3644588585819,2010-04-03 09:05:27,0
179,40.074158,116.314069,39.98391696977997,116.3644588585819,2008-09-06 04:58:59,0
25,39.9850199,116.3260733,39.98391696977997,116.3644588585819,2009-04-07 06:01:24,0
17,39.96631,116.357425,39.98391696977997,116.3644588585819,2009-02-04 00:38:22,0
83,39.8796016,116.3930733,39.98391696977997,116.3644588585819,2009-01-26 16:02:07,0
44,39.968063,116.31461,39.98391696977997,116.3644588585819,2009-07-07 07:23:36,0
140,39.9846983,116.3313299,39.98391696977997,116.3644588585819,2009-06-02 15:20:44,0
13,39.954604,116.423044,39.98391696977997,116.3644588585819,2008-10-16 12:57:41,0
36,39.968174,116.417164,39.98391696977997,116.3644588585819,2009-07-06 07:51:10,0
3,40.008242,116.319499,39.98391696977997,116.3644588585819,2008-12-01 01:49:22,0
20,39.9749433333333,116.31199,39.98391696977997,116.3644588585819,2011-09-06 15:10:51,0
28,39.923466,116.179034,39.98391696977997,116.3644588585819,2009-04-06 22:49:43,0
41,39.9667899,116.3705316,39.98391696977997,116.3644588585819,2009-03-03 05:20:17,0
30,39.950883,116.803002,39.98391696977997,116.3644588585819,2009-05-23 10:15:53,0
13,39.961539,116.397111,39.98391696977997,116.3644588585819,2008-10-20 23:32:26,0
167,40.003834,116.321437,39.98391696977997,116.3644588585819,2008-04-28 18:52:51,0
17,40.0180233,116.3414533,39.98391696977997,116.3644588585819,2009-02-13 13:20:10,0
82,40.069179,116.348109,39.98391696977997,116.3644588585819,2009-05-06 14:28:47,0
128,40.0514033,116.300615,39.98391696977997,116.3644588585819,2009-09-24 00:29:13,0
22,39.973734,116.333442,39.98391696977997,116.3644588585819,2009-07-08 00:07:46,0
7,39.980197,116.338395,39.98391696977997,116.3644588585819,2008-11-18 10:23:38,0
84,39.947434,116.367939,39.98391696977997,116.3644588585819,2009-04-09 00:41:52,0
22,40.05775,116.404176,39.98391696977997,116.3644588585819,2009-07-19 03:54:18,0
78,39.974963,116.327469,39.98391696977997,116.3644588585819,2008-07-29 00:16:35,0
128,39.9953933,116.3913116,39.98391696977997,116.3644588585819,2008-05-23 10:23:20,0
167,39.975304,116.323634,39.98391696977997,116.3644588585819,2008-12-24 09:52:13,0
26,39.99141,116.321663,39.98391696977997,116.3644588585819,2009-03-13 10:37:08,0
42,39.8627733,116.2783983,39.98391696977997,116.3644588585819,2009-02-12 07:33:51,0
5,40.011822,116.321087,39.98391696977997,116.3644588585819,2009-01-14 22:44:08,0
140,39.984525,116.3140699,39.98391696977997,116.3644588585819,2008-09-24 07:01:27,0
83,39.9923016,116.3052999,39.98391696977997,116.3644588585819,2009-03-08 19:35:51,0
65,39.974685,116.309793333333,39.98391696977997,116.3644588585819,2011-09-16 01:33:07,0
4,39.982924,116.310513,39.98391696977997,116.3644588585819,2009-02-24 10:52:33,0
30,40.001169,116.325351,39.98391696977997,116.3644588585819,2009-05-15 09:12:44,0
84,39.932924,116.430234,39.98391696977997,116.3644588585819,2008-10-13 02:41:32,0
68,39.990655,116.417728,39.98391696977997,116.3644588585819,2009-08-17 14:29:01,0
17,39.9397816,116.4318533,39.98391696977997,116.3644588585819,2009-04-08 05:13:55,0
2,39.926229,116.337103,39.98391696977997,116.3644588585819,2008-11-04 14:45:05,0
62,39.97399,116.3004866,39.98391696977997,116.3644588585819,2008-10-16 08:31:57,0
163,39.895897,116.329475,39.98391696977997,116.3644588585819,2011-02-06 14:44:02,0
17,39.9990283,116.3319566,39.98391696977997,116.3644588585819,2008-11-04 09:38:06,0
144,39.937074,116.335334,39.98391696977997,116.3644588585819,2009-09-24 07:22:06,0
3,39.864705,116.425397,39.98391696977997,116.3644588585819,2009-05-27 11:57:11,0
14,39.9751016,116.3347916,39.98391696977997,116.3644588585819,2009-03-18 08:24:29,0
33,39.912149,116.463254,39.98391696977997,116.3644588585819,2009-01-15 01:39:16,0
16,39.97338,116.333617,39.98391696977997,116.3644588585819,2008-11-21 08:35:33,0
50,39.9070701666667,116.3015213,39.98391696977997,116.3644588585819,2009-08-04 04:27:37,0
62,39.986585,116.3027133,39.98391696977997,116.3644588585819,2008-11-16 11:44:11,0
3,39.925998,116.241746,39.98391696977997,116.3644588585819,2009-04-10 08:28:23,0
25,39.9853199,116.3093416,39.98391696977997,116.3644588585819,2009-04-06 06:12:40,0
62,40.2104266,116.2244683,39.98391696977997,116.3644588585819,2008-10-04 11:56:02,0
20,39.9811533333333,116.32709,39.98391696977997,116.3644588585819,2011-11-05 05:04:34,0
126,39.991311,116.330838,39.98391696977997,116.3644588585819,2008-10-15 15:02:03,0
153,39.967129,116.345519,39.98391696977997,116.3644588585819,2008-08-07 21:30:49,0
41,39.9026499,116.26129,39.98391696977997,116.3644588585819,2009-04-22 15:10:25,0
128,39.9769266,116.3749116,39.98391696977997,116.3644588585819,2010-01-16 03:35:18,0
17,40.0176466,116.3400899,39.98391696977997,116.3644588585819,2008-11-22 18:25:53,0
2,39.940377,116.310842,39.98391696977997,116.3644588585819,2009-01-01 06:44:50,0
22,39.819849,116.281659,39.98391696977997,116.3644588585819,2009-05-03 02:18:28,0
153,39.982349,116.450392,39.98391696977997,116.3644588585819,2008-09-29 04:45:46,0
24,39.534309,116.732589,39.98391696977997,116.3644588585819,2009-02-10 08:53:09,0
25,39.9715599,116.3126933,39.98391696977997,116.3644588585819,2009-04-25 13:02:42,0
36,39.980021,116.345506,39.98391696977997,116.3644588585819,2009-04-24 11:47:25,0
50,39.8760871887207,116.304542541504,39.98391696977997,116.3644588585819,2009-08-19 15:12:25,0
37,39.9696466,116.2586533,39.98391696977997,116.3644588585819,2009-03-04 10:36:25,0
38,39.9694716,116.3008849,39.98391696977997,116.3644588585819,2009-02-10 13:22:54,0
17,39.9852866,116.3318033,39.98391696977997,116.3644588585819,2009-06-11 23:57:28,0
3,39.968745,116.327774,39.98391696977997,116.3644588585819,2009-07-05 03:43:27,0
62,39.9894199,116.3126833,39.98391696977997,116.3644588585819,2008-07-28 12:09:57,0
30,39.996729,116.326262,39.98391696977997,116.3644588585819,2009-04-03 11:01:55,0
141,39.9916,116.32975,39.98391696977997,116.3644588585819,2011-09-24 05:51:46,0
163,39.939840278,116.448553888,39.98391696977997,116.3644588585819,2012-03-06 09:18:41,0
65,39.9729283333333,116.318918333333,39.98391696977997,116.3644588585819,2011-09-17 03:15:16,0
96,40.082495,116.301401,39.98391696977997,116.3644588585819,2008-10-26 12:09:13,0
147,39.986203,116.351803,39.98391696977997,116.3644588585819,2011-05-09 09:11:07,0
30,40.00344,116.323533,39.98391696977997,116.3644588585819,2009-06-03 00:54:58,0
125,40.002441,116.324526,39.98391696977997,116.3644588585819,2008-05-23 14:10:27,0
30,39.98809,116.331765,39.98391696977997,116.3644588585819,2009-03-10 10:44:03,0
10,39.901698,116.304331,39.98391696977997,116.3644588585819,2009-02-13 11:44:49,0
126,40.006982,116.319741,39.98391696977997,116.3644588585819,2009-01-16 16:42:14,0
39,40.071878,116.416401,39.98391696977997,116.3644588585819,2009-05-24 11:20:13,0
167,40.005776,116.321258,39.98391696977997,116.3644588585819,2008-11-18 05:29:48,0
37,39.9773233,116.2830599,39.98391696977997,116.3644588585819,2009-02-20 08:18:04,0
65,39.9791233333333,116.331063333333,39.98391696977997,116.3644588585819,2011-09-03 04:29:07,0
30,39.933477,116.756621,39.98391696977997,116.3644588585819,2009-04-06 09:30:03,0
42,39.8958433,116.3093349,39.98391696977997,116.3644588585819,2009-02-16 03:53:50,0
141,39.9885133333333,116.309771666667,39.98391696977997,116.3644588585819,2011-10-22 08:24:08,0
0,39.992705,116.327025,39.98391696977997,116.3644588585819,2009-04-05 06:24:48,0
115,39.976845,116.3273866,39.98391696977997,116.3644588585819,2008-06-30 01:02:36,0
36,39.976786,116.339577,39.98391696977997,116.3644588585819,2009-03-22 16:47:10,0
50,39.9924125671387,116.210166931152,39.98391696977997,116.3644588585819,2009-08-05 13:31:23,0
65,39.977605,116.303606666667,39.98391696977997,116.3644588585819,2011-09-13 01:06:02,0
52,39.989224,116.292966,39.98391696977997,116.3644588585819,2008-08-31 08:37:06,0
163,39.8840983,116.2986116,39.98391696977997,116.3644588585819,2008-06-30 08:22:42,0
3,40.002514,116.326219,39.98391696977997,116.3644588585819,2009-06-09 13:03:12,0
18,40.0274816,116.5478099,39.98391696977997,116.3644588585819,2008-12-01 02:21:55,0
65,39.9746533333333,116.309886666667,39.98391696977997,116.3644588585819,2011-10-09 12:11:26,0
140,39.9788299,116.3348933,39.98391696977997,116.3644588585819,2009-05-31 00:36:42,0
17,39.9665949,116.373395,39.98391696977997,116.3644588585819,2008-12-12 07:54:54,0
41,39.9528966,116.2697249,39.98391696977997,116.3644588585819,2009-05-21 10:14:31,0
128,40.0768283,116.3249666,39.98391696977997,116.3644588585819,2008-09-20 10:37:28,0
17,40.0965166,116.4069833,39.98391696977997,116.3644588585819,2008-11-22 07:59:27,0
10,39.502446,116.715606,39.98391696977997,116.3644588585819,2008-12-19 15:01:30,0
153,39.908486,116.363882,39.98391696977997,116.3644588585819,2008-09-13 12:54:59,0
17,40.0138483,116.3442233,39.98391696977997,116.3644588585819,2009-05-30 07:22:31,0
84,39.986335,116.417769,39.98391696977997,116.3644588585819,2008-11-03 00:07:46,0
167,39.985912,116.347229,39.98391696977997,116.3644588585819,2008-08-03 04:12:37,0
153,39.892643,116.45422,39.98391696977997,116.3644588585819,2010-10-26 03:42:31,0
41,39.91816,116.2057666,39.98391696977997,116.3644588585819,2009-03-04 00:43:50,0
163,39.98151774,116.450132546,39.98391696977997,116.3644588585819,2012-06-05 08:08:44,0
25,39.9663616,116.3629533,39.98391696977997,116.3644588585819,2009-06-22 05:44:00,0
24,40.171085,116.242202,39.98391696977997,116.3644588585819,2009-05-19 09:34:17,0
68,39.982517,116.418058,39.98391696977997,116.3644588585819,2009-05-30 23:53:14,0
33,39.990057,116.406984,39.98391696977997,116.3644588585819,2009-01-15 00:50:28,0
17,40.0080833,116.3460283,39.98391696977997,116.3644588585819,2009-04-11 00:06:12,0
13,39.975254,116.358324,39.98391696977997,116.3644588585819,2008-10-07 23:56:36,0
28,40.71639,117.268592,39.98391696977997,116.3644588585819,2009-01-31 06:01:18,0
153,40.025615,116.404336,39.98391696977997,116.3644588585819,2010-05-01 02:10:36,0
50,39.9588470458984,116.27042388916,39.98391696977997,116.3644588585819,2009-08-01 11:40:55,0
55,39.9746766666667,116.33119,39.98391696977997,116.3644588585819,2011-09-03 01:29:46,0
153,39.944504,116.455647,39.98391696977997,116.3644588585819,2011-05-14 07:31:50,0
142,39.96615,116.268493,39.98391696977997,116.3644588585819,2010-04-16 11:34:11,0
82,39.987106,116.417633,39.98391696977997,116.3644588585819,2009-03-11 11:25:37,0
7,39.980557,116.343394,39.98391696977997,116.3644588585819,2008-11-07 01:45:27,0
17,39.92393,116.3042149,39.98391696977997,116.3644588585819,2009-06-30 03:34:27,0
18,39.8717566,116.4069,39.98391696977997,116.3644588585819,2008-12-10 02:04:47,0
167,39.986268,116.41784,39.98391696977997,116.3644588585819,2008-05-17 02:55:21,0
168,40.066097,116.404991,39.98391696977997,116.3644588585819,2011-08-02 16:50:34,0
153,39.987353,116.449266,39.98391696977997,116.3644588585819,2010-10-29 22:21:02,0
52,39.985035,116.352678,39.98391696977997,116.3644588585819,2008-06-05 04:58:07,0
167,39.970272,116.419351,39.98391696977997,116.3644588585819,2008-09-29 13:15:27,0
65,39.90941,116.427056666667,39.98391696977997,116.3644588585819,2011-10-18 09:05:56,0
85,39.980851,116.3271,39.98391696977997,116.3644588585819,2008-05-21 10:47:45,0
82,40.069657,116.314208,39.98391696977997,116.3644588585819,2009-04-17 13:35:19,0
68,40.06936,116.330679,39.98391696977997,116.3644588585819,2009-07-22 14:46:57,0
68,40.034755,116.301762,39.98391696977997,116.3644588585819,2009-08-08 10:20:58,0
52,39.988887,116.307438,39.98391696977997,116.3644588585819,2008-05-25 08:03:55,0
0,39.994308,116.326423,39.98391696977997,116.3644588585819,2009-04-10 07:39:28,0
52,39.984841,116.352535,39.98391696977997,116.3644588585819,2008-06-10 14:50:54,0
37,39.9207466,116.4281883,39.98391696977997,116.3644588585819,2009-03-09 06:07:50,0
41,40.0634899,116.4760733,39.98391696977997,116.3644588585819,2009-06-10 01:48:17,0
5,39.975898,116.336308,39.98391696977997,116.3644588585819,2009-01-16 21:10:21,0
140,39.9483466,116.4211966,39.98391696977997,116.3644588585819,2008-08-30 06:19:34,0
62,39.9903833,116.3098549,39.98391696977997,116.3644588585819,2008-09-16 06:51:38,0
25,39.94386,116.354365,39.98391696977997,116.3644588585819,2009-05-21 04:46:18,0
153,39.977196,116.451886,39.98391696977997,116.3644588585819,2009-07-21 12:11:14,0
22,39.97332,116.334577,39.98391696977997,116.3644588585819,2009-04-10 04:12:17,0
153,39.922688,116.472128,39.98391696977997,116.3644588585819,2009-10-14 10:08:40,0
39,40.039246,116.318372,39.98391696977997,116.3644588585819,2009-05-06 23:29:59,0
30,39.952746,116.269344,39.98391696977997,116.3644588585819,2009-04-10 08:20:40,0
13,39.966345,116.348928,39.98391696977997,116.3644588585819,2008-12-04 09:35:12,0
153,39.928562,116.466859,39.98391696977997,116.3644588585819,2008-09-28 11:56:06,0
41,39.8695433,116.499865,39.98391696977997,116.3644588585819,2009-05-24 02:40:41,0
128,40.0730299,116.3069716,39.98391696977997,116.3644588585819,2010-08-10 01:45:24,0
141,39.9908833333333,116.30439,39.98391696977997,116.3644588585819,2011-09-18 08:58:38,0
0,40.040867,116.572661,39.98391696977997,116.3644588585819,2009-05-03 06:14:47,0
82,40.069064,116.35395,39.98391696977997,116.3644588585819,2009-03-09 12:52:20,0
41,39.8561799,116.4159683,39.98391696977997,116.3644588585819,2009-05-12 05:47:46,0
128,40.0072499,116.3586533,39.98391696977997,116.3644588585819,2010-06-05 14:12:41,0
24,40.057806,116.33231,39.98391696977997,116.3644588585819,2009-02-01 04:04:19,0
5,39.983977,116.313349,39.98391696977997,116.3644588585819,2008-12-05 06:58:59,0
141,40.0011366666667,116.267925,39.98391696977997,116.3644588585819,2011-10-22 05:57:25,0
165,39.977795,116.301838333333,39.98391696977997,116.3644588585819,2011-11-14 02:00:49,0
165,39.9787633333333,116.307331666667,39.98391696977997,116.3644588585819,2011-11-18 01:52:41,0
4,40.000014,116.327308,39.98391696977997,116.3644588585819,2009-05-23 13:19:52,0
30,40.00843,116.323716,39.98391696977997,116.3644588585819,2009-04-15 10:06:17,0
14,40.0944383,116.5068133,39.98391696977997,116.3644588585819,2009-01-17 02:51:22,0
3,39.994975,116.318264,39.98391696977997,116.3644588585819,2009-04-25 07:39:17,0
41,39.6162599,116.4266883,39.98391696977997,116.3644588585819,2009-02-24 02:35:44,0
153,39.987382,116.45875,39.98391696977997,116.3644588585819,2009-10-02 03:08:06,0
33,39.947775,116.688502,39.98391696977997,116.3644588585819,2009-01-16 02:10:16,0
34,40.0299883,116.34096,39.98391696977997,116.3644588585819,2009-03-06 02:41:19,0
19,39.8653099,116.383855,39.98391696977997,116.3644588585819,2008-12-10 09:53:39,0
20,39.9748533333333,116.31453,39.98391696977997,116.3644588585819,2011-09-14 01:46:00,0
55,39.974585,116.33114,39.98391696977997,116.3644588585819,2011-08-28 21:48:23,0
153,39.98289,116.433948,39.98391696977997,116.3644588585819,2009-12-01 00:01:02,0
25,40.0497849,116.326135,39.98391696977997,116.3644588585819,2008-12-26 01:03:28,0
153,39.932514,116.472658,39.98391696977997,116.3644588585819,2009-10-25 10:17:48,0
163,39.966289,116.352436,39.98391696977997,116.3644588585819,2008-05-15 14:13:48,0
153,39.987255491,116.475486125,39.98391696977997,116.3644588585819,2011-12-31 21:10:15,0
37,39.9140733,116.4266266,39.98391696977997,116.3644588585819,2009-02-25 02:22:27,0
41,39.8504466,116.230405,39.98391696977997,116.3644588585819,2009-02-20 06:12:20,0
38,39.9949566,116.1972299,39.98391696977997,116.3644588585819,2009-07-12 11:33:05,0
50,39.994987,116.197269,39.98391696977997,116.3644588585819,2009-07-07 20:59:44,0
128,40.0742533,116.3282099,39.98391696977997,116.3644588585819,2008-09-01 12:46:55,0
144,40.027496,116.432574,39.98391696977997,116.3644588585819,2009-08-04 23:12:15,0
115,39.9083849,116.5915783,39.98391696977997,116.3644588585819,2008-09-08 02:00:22,0
52,39.968649,116.310027,39.98391696977997,116.3644588585819,2008-08-31 10:16:18,0
30,39.973721,116.278451,39.98391696977997,116.3644588585819,2009-04-13 08:08:42,0
4,39.916372,116.45576,39.98391696977997,116.3644588585819,2009-04-07 07:34:36,0
167,40.18131,116.394939,39.98391696977997,116.3644588585819,2008-10-12 01:22:50,0
85,39.945841,116.350536,39.98391696977997,116.3644588585819,2008-10-31 08:59:52,0
144,39.9929399,116.3254116,39.98391696977997,116.3644588585819,2008-09-03 00:32:40,0
84,39.88831,116.343184,39.98391696977997,116.3644588585819,2008-09-01 01:25:00,0
163,39.955523,116.449457,39.98391696977997,116.3644588585819,2008-05-16 13:41:19,0
119,39.927173,116.471032,39.98391696977997,116.3644588585819,2008-08-01 11:25:20,0
3,39.95087,116.329098,39.98391696977997,116.3644588585819,2009-04-30 10:39:25,0
85,40.069136,116.335473,39.98391696977997,116.3644588585819,2009-08-12 01:30:33,0
64,39.982963,116.308062,39.98391696977997,116.3644588585819,2008-08-28 15:12:44,0
144,40.4512366,116.6555999,39.98391696977997,116.3644588585819,2008-10-10 23:14:17,0
67,39.977895,116.303651666667,39.98391696977997,116.3644588585819,2011-05-06 03:55:24,0
40,39.968328,116.302359,39.98391696977997,116.3644588585819,2009-02-20 12:15:00,0
43,39.767379,116.542465,39.98391696977997,116.3644588585819,2009-06-17 02:30:57,0
84,39.981729,116.327133,39.98391696977997,116.3644588585819,2008-10-08 07:25:40,0
37,39.9555866,116.4492749,39.98391696977997,116.3644588585819,2009-04-07 10:11:23,0
141,39.974435,116.336375,39.98391696977997,116.3644588585819,2011-10-08 11:12:35,0
30,39.99995,116.327382,39.98391696977997,116.3644588585819,2009-07-21 12:38:19,0
62,39.9818299,116.3106166,39.98391696977997,116.3644588585819,2008-12-12 12:39:37,0
153,40.030962,116.430455,39.98391696977997,116.3644588585819,2011-09-28 09:27:19,0
24,40.175248,116.297826,39.98391696977997,116.3644588585819,2009-03-22 06:02:47,0
128,39.9679016,116.42474,39.98391696977997,116.3644588585819,2008-05-15 01:32:51,0
153,39.986459,116.448726,39.98391696977997,116.3644588585819,2011-09-05 09:52:45,0
17,39.9062083,116.2678283,39.98391696977997,116.3644588585819,2009-04-02 10:07:36,0
2,39.898626,116.369533,39.98391696977997,116.3644588585819,2009-02-02 10:06:16,0
68,39.957074,116.418626,39.98391696977997,116.3644588585819,2009-03-15 06:57:17,0
153,39.923403,116.471949,39.98391696977997,116.3644588585819,2009-09-08 23:34:05,0
78,39.972065,116.325434,39.98391696977997,116.3644588585819,2008-08-07 16:18:26,0
17,39.9256833,116.3474166,39.98391696977997,116.3644588585819,2008-11-10 08:16:06,0
0,40.001608,116.321694,39.98391696977997,116.3644588585819,2009-06-03 12:59:30,0
32,39.973346,116.333824,39.98391696977997,116.3644588585819,2008-12-10 03:43:03,0
142,39.803422,116.196236,39.98391696977997,116.3644588585819,2010-06-27 01:03:12,0
128,40.0667483,116.131335,39.98391696977997,116.3644588585819,2008-11-16 08:19:38,0
124,39.862995,116.368793,39.98391696977997,116.3644588585819,2008-10-06 11:42:18,0
62,39.9885383,116.30498,39.98391696977997,116.3644588585819,2008-09-18 05:46:26,0
126,39.990379,116.32653,39.98391696977997,116.3644588585819,2008-11-22 04:03:08,0
128,40.0123049,116.5614116,39.98391696977997,116.3644588585819,2008-07-06 07:28:20,0
153,39.929954,116.467126,39.98391696977997,116.3644588585819,2008-10-26 09:30:58,0
140,39.9995699,116.4062133,39.98391696977997,116.3644588585819,2008-08-29 13:06:52,0
22,40.057929,116.403695,39.98391696977997,116.3644588585819,2009-07-12 10:58:08,0
153,39.901558,116.408028,39.98391696977997,116.3644588585819,2008-11-10 12:44:27,0
165,39.9752333333333,116.336556666667,39.98391696977997,116.3644588585819,2011-11-20 06:25:52,0
153,39.966563,116.363411,39.98391696977997,116.3644588585819,2010-02-16 05:43:47,0
128,40.0105383,116.3555766,39.98391696977997,116.3644588585819,2009-09-21 01:01:55,0
17,39.9668133,116.3693083,39.98391696977997,116.3644588585819,2009-01-11 06:25:34,0
85,39.982224,116.309492,39.98391696977997,116.3644588585819,2009-02-24 02:34:03,0
96,39.992625,116.326526,39.98391696977997,116.3644588585819,2008-07-25 01:21:59,0
140,39.9414116,116.45578,39.98391696977997,116.3644588585819,2009-07-17 19:05:17,0
41,39.8302299,116.3720933,39.98391696977997,116.3644588585819,2009-05-09 08:42:10,0
141,40.3606233333333,115.991803333333,39.98391696977997,116.3644588585819,2011-10-23 02:22:45,0
28,39.940863,116.34795,39.98391696977997,116.3644588585819,2009-01-23 04:53:01,0
141,39.975385,116.369416666667,39.98391696977997,116.3644588585819,2011-10-23 00:52:20,0
153,39.987639,116.475497,39.98391696977997,116.3644588585819,2010-07-24 03:03:21,0
153,40.272575,116.088912,39.98391696977997,116.3644588585819,2011-04-30 00:16:17,0
15,40.050427,116.30405,39.98391696977997,116.3644588585819,2008-11-24 13:17:34,0
122,40.137808,116.137808,39.98391696977997,116.3644588585819,2009-10-03 16:11:20,0
153,39.989436,116.430945,39.98391696977997,116.3644588585819,2008-10-12 08:47:42,0
128,40.0753166,116.3277266,39.98391696977997,116.3644588585819,2008-09-14 09:25:47,0
84,39.986651,116.377191,39.98391696977997,116.3644588585819,2008-09-16 10:25:22,0
102,39.975155,116.303215,39.98391696977997,116.3644588585819,2011-11-15 01:39:22,0
4,39.93954,116.306264,39.98391696977997,116.3644588585819,2009-03-20 09:55:29,0
50,39.9940185546875,116.199211120605,39.98391696977997,116.3644588585819,2009-08-05 13:36:18,0
85,39.974493,116.331127,39.98391696977997,116.3644588585819,2008-09-26 11:00:55,0
22,40.057964,116.404287,39.98391696977997,116.3644588585819,2009-07-19 01:52:53,0
128,40.3530283,116.240995,39.98391696977997,116.3644588585819,2009-10-31 08:45:24,0
32,39.973631,116.334086,39.98391696977997,116.3644588585819,2008-12-17 02:58:39,0
35,39.990345,116.318462,39.98391696977997,116.3644588585819,2009-02-13 13:41:40,0
85,39.944433,116.318771,39.98391696977997,116.3644588585819,2009-03-31 04:38:48,0
167,39.96983,116.418764,39.98391696977997,116.3644588585819,2008-10-12 06:51:36,0
17,39.9844916,116.3218899,39.98391696977997,116.3644588585819,2009-06-29 00:15:58,0
17,39.9473733,116.3709583,39.98391696977997,116.3644588585819,2009-01-06 08:27:51,0
73,39.97246,116.32722,39.98391696977997,116.3644588585819,2008-08-11 14:42:13,0
163,39.987921,116.426918,39.98391696977997,116.3644588585819,2011-04-05 04:13:40,0
153,39.988612,116.460996,39.98391696977997,116.3644588585819,2011-09-03 08:09:57,0
11,39.875615,116.2827849,39.98391696977997,116.3644588585819,2008-12-13 02:38:12,0
41,39.8934283,116.2675733,39.98391696977997,116.3644588585819,2009-06-22 14:33:29,0
50,39.88308335,116.3045044,39.98391696977997,116.3644588585819,2009-08-19 08:10:00,0
22,39.819679,116.282352,39.98391696977997,116.3644588585819,2009-05-03 04:20:03,0
128,39.9755283,116.3313416,39.98391696977997,116.3644588585819,2010-06-10 08:54:16,0
37,39.9913449,116.2828566,39.98391696977997,116.3644588585819,2009-03-25 05:14:24,0
153,39.932533365,116.48738003,39.98391696977997,116.3644588585819,2012-05-23 14:47:53,0
153,40.04616366,116.399468148,39.98391696977997,116.3644588585819,2011-10-15 10:08:09,0
14,39.9398633,116.2680433,39.98391696977997,116.3644588585819,2009-04-16 09:00:01,0
119,39.95396,116.49347,39.98391696977997,116.3644588585819,2008-08-02 01:03:47,0
68,39.969229,116.419494,39.98391696977997,116.3644588585819,2008-12-03 01:53:57,0
9,40.004892,116.344337,39.98391696977997,116.3644588585819,2008-11-02 10:21:09,0
42,39.6961899,116.3313466,39.98391696977997,116.3644588585819,2009-03-18 06:35:25,0
167,40.006262,116.318031,39.98391696977997,116.3644588585819,2008-10-18 03:03:19,0
65,39.979645,116.320873333333,39.98391696977997,116.3644588585819,2011-08-25 00:46:06,0
17,39.995275,116.3466799,39.98391696977997,116.3644588585819,2008-12-20 04:22:31,0
68,39.996904,116.418154,39.98391696977997,116.3644588585819,2009-08-31 01:09:02,0
37,39.8009516,116.2711149,39.98391696977997,116.3644588585819,2009-02-27 03:51:08,0
65,39.9728816666667,116.31233,39.98391696977997,116.3644588585819,2011-09-26 00:57:47,0
44,40.001329,116.396485,39.98391696977997,116.3644588585819,2009-07-06 03:10:15,0
142,39.946887,116.266549,39.98391696977997,116.3644588585819,2011-01-24 18:38:58,0
37,39.8011699,116.2728083,39.98391696977997,116.3644588585819,2009-02-27 03:50:34,0
96,40.000191,116.324625,39.98391696977997,116.3644588585819,2008-09-07 14:17:24,0
42,40.0015249,116.3245833,39.98391696977997,116.3644588585819,2008-10-15 12:57:54,0
84,39.976836,116.330986,39.98391696977997,116.3644588585819,2008-09-13 11:43:11,0
35,39.990788,116.330291,39.98391696977997,116.3644588585819,2009-02-23 12:17:53,0
128,39.9430616,116.352185,39.98391696977997,116.3644588585819,2008-08-15 05:41:07,0
34,40.0294216,116.3415166,39.98391696977997,116.3644588585819,2009-04-20 07:19:52,0
73,39.9752549,116.3287016,39.98391696977997,116.3644588585819,2008-08-12 12:38:18,0
17,40.0200933,116.4025916,39.98391696977997,116.3644588585819,2009-05-30 07:30:08,0
43,39.817059,116.573156,39.98391696977997,116.3644588585819,2009-06-16 00:40:06,0
89,39.9917616,116.3375433,39.98391696977997,116.3644588585819,2008-05-11 07:04:24,0
165,39.9754933333333,116.330026666667,39.98391696977997,116.3644588585819,2011-11-13 14:41:09,0
103,39.9266816,116.2969633,39.98391696977997,116.3644588585819,2008-09-04 01:48:30,0
9,39.984037,116.347419,39.98391696977997,116.3644588585819,2008-11-16 02:28:08,0
41,39.6511849,116.6617532,39.98391696977997,116.3644588585819,2009-03-18 02:20:01,0
26,39.936308,116.305134,39.98391696977997,116.3644588585819,2009-03-12 11:35:29,0
85,39.96524,116.301877,39.98391696977997,116.3644588585819,2008-05-11 23:36:02,0
25,39.9931866,116.2983749,39.98391696977997,116.3644588585819,2009-07-05 10:22:18,0
128,40.0486683,116.4765283,39.98391696977997,116.3644588585819,2008-08-14 06:44:52,0
36,39.906357,116.38679,39.98391696977997,116.3644588585819,2009-07-09 09:55:17,0
39,39.986336,116.36695,39.98391696977997,116.3644588585819,2009-06-04 08:10:17,0
68,39.903693,116.428226,39.98391696977997,116.3644588585819,2009-09-04 05:56:11,0
50,39.937084197998,116.321624755859,39.98391696977997,116.3644588585819,2009-08-21 14:21:17,0
8,39.980488,116.326722,39.98391696977997,116.3644588585819,2008-10-28 12:38:11,0
74,39.975465,116.302996666667,39.98391696977997,116.3644588585819,2012-01-09 00:17:58,0
153,40.019342,116.452667,39.98391696977997,116.3644588585819,2011-09-21 09:28:47,0
96,39.984557,116.326941,39.98391696977997,116.3644588585819,2008-09-01 02:01:22,0
163,40.287057,116.236108,39.98391696977997,116.3644588585819,2010-06-15 06:14:52,0
126,40.18091,116.1970033,39.98391696977997,116.3644588585819,2008-05-01 09:27:39,0
128,40.0030849,116.331045,39.98391696977997,116.3644588585819,2010-03-10 13:36:31,0
43,39.947632,116.317811,39.98391696977997,116.3644588585819,2009-02-14 23:44:01,0
22,39.990939,116.332915,39.98391696977997,116.3644588585819,2009-07-21 10:28:12,0
115,39.975975,116.45594,39.98391696977997,116.3644588585819,2008-07-13 18:28:35,0
84,39.975354,116.336125,39.98391696977997,116.3644588585819,2008-09-14 11:04:21,0
153,39.937332,116.410508,39.98391696977997,116.3644588585819,2008-09-12 05:12:11,0
4,39.979347,116.309548,39.98391696977997,116.3644588585819,2009-05-17 09:37:57,0
84,39.973467,116.418497,39.98391696977997,116.3644588585819,2008-09-22 00:11:38,0
16,39.974103,116.333772,39.98391696977997,116.3644588585819,2008-10-30 07:40:44,0
128,39.9066333333333,116.3911,39.98391696977997,116.3644588585819,2008-04-05 06:13:07,0
36,39.906873,116.400296,39.98391696977997,116.3644588585819,2009-07-09 09:49:02,0
3,39.975462,116.327376,39.98391696977997,116.3644588585819,2008-12-19 14:21:33,0
179,40.087405,116.314721,39.98391696977997,116.3644588585819,2008-08-21 08:37:52,0
17,39.9576283,116.3732416,39.98391696977997,116.3644588585819,2009-06-26 08:00:14,0
14,39.9611699,116.35489,39.98391696977997,116.3644588585819,2009-04-13 10:21:50,0
38,39.9689866,116.3010033,39.98391696977997,116.3644588585819,2009-02-08 13:47:12,0
68,39.970072,116.419809,39.98391696977997,116.3644588585819,2009-05-25 11:25:45,0
17,39.9779216,116.3275216,39.98391696977997,116.3644588585819,2009-01-22 07:07:38,0
165,39.96649,116.32957,39.98391696977997,116.3644588585819,2011-11-18 01:19:35,0
42,39.6904916,116.3290583,39.98391696977997,116.3644588585819,2009-03-20 07:27:53,0
85,39.92359,116.338245,39.98391696977997,116.3644588585819,2009-05-06 23:23:12,0
0,40.007495,116.301291,39.98391696977997,116.3644588585819,2008-10-28 02:29:46,0
50,40.0024147,116.268424983333,39.98391696977997,116.3644588585819,2009-08-08 12:23:00,0
126,39.980005,116.418024,39.98391696977997,116.3644588585819,2008-08-03 12:29:58,0
30,39.946922,116.793046,39.98391696977997,116.3644588585819,2009-04-19 04:45:56,0
38,39.9585033,116.4140016,39.98391696977997,116.3644588585819,2009-07-17 07:22:36,0
41,39.9370416,116.3340466,39.98391696977997,116.3644588585819,2009-06-29 05:40:23,0
29,39.827705,116.486667,39.98391696977997,116.3644588585819,2009-02-11 23:53:28,0
43,39.97389,116.332324,39.98391696977997,116.3644588585819,2009-03-20 02:38:18,0
41,39.8292949,116.3003233,39.98391696977997,116.3644588585819,2009-06-03 03:15:06,0
4,39.99677,116.326561,39.98391696977997,116.3644588585819,2009-03-11 21:50:17,0
115,39.908335,116.5935583,39.98391696977997,116.3644588585819,2008-07-10 07:11:23,0
4,39.978164,116.418139,39.98391696977997,116.3644588585819,2009-02-16 09:54:03,0
110,39.908925,116.3147066,39.98391696977997,116.3644588585819,2008-03-19 15:29:04,0
13,40.001242,116.401087,39.98391696977997,116.3644588585819,2008-10-18 06:46:31,0
41,40.49098,116.0731949,39.98391696977997,116.3644588585819,2009-03-05 06:03:31,0
36,39.892213,116.44236,39.98391696977997,116.3644588585819,2009-02-17 08:35:42,0
42,39.9070833,116.4435849,39.98391696977997,116.3644588585819,2009-02-18 02:53:20,0
131,39.9849583,116.3191583,39.98391696977997,116.3644588585819,2009-07-22 11:57:41,0
67,39.9747916666667,116.330573333333,39.98391696977997,116.3644588585819,2011-04-13 13:36:26,0
44,39.976372,116.327176,39.98391696977997,116.3644588585819,2009-02-04 06:01:02,0
149,40.6751466,117.2350416,39.98391696977997,116.3644588585819,2009-09-12 12:41:11,0
12,39.871443,116.417939,39.98391696977997,116.3644588585819,2008-11-14 12:27:03,0
43,39.797912,116.514206,39.98391696977997,116.3644588585819,2009-06-22 08:47:46,0
85,39.967431,116.327951,39.98391696977997,116.3644588585819,2008-12-08 07:22:25,0
13,39.97499,116.338719,39.98391696977997,116.3644588585819,2009-02-03 10:09:17,0
11,39.9364566,116.34768,39.98391696977997,116.3644588585819,2008-09-29 09:35:29,0
17,39.9324416,116.3336066,39.98391696977997,116.3644588585819,2009-06-30 04:37:19,0
30,39.947465,116.799882,39.98391696977997,116.3644588585819,2009-04-26 03:04:34,0
67,39.7301383333333,116.31314,39.98391696977997,116.3644588585819,2011-06-17 02:19:55,0
167,39.982678,116.308692,39.98391696977997,116.3644588585819,2008-04-30 09:15:15,0
2,39.926218,116.337548,39.98391696977997,116.3644588585819,2008-11-11 13:29:11,0
40,39.950415,116.362144,39.98391696977997,116.3644588585819,2009-05-13 18:20:46,0
122,40.137451,116.137979,39.98391696977997,116.3644588585819,2009-10-03 17:46:52,0
167,39.993163,116.30929,39.98391696977997,116.3644588585819,2008-11-04 12:52:48,0
167,39.996875,116.326248,39.98391696977997,116.3644588585819,2008-05-23 01:21:04,0
153,39.926828,116.471543,39.98391696977997,116.3644588585819,2008-09-25 11:45:01,0
41,39.8288733,116.3468433,39.98391696977997,116.3644588585819,2009-04-19 06:19:34,0
82,40.052268,116.403154,39.98391696977997,116.3644588585819,2009-03-11 01:06:52,0
36,39.905632,116.353242,39.98391696977997,116.3644588585819,2009-07-02 01:22:16,0
2,39.926693,116.337516,39.98391696977997,116.3644588585819,2008-11-14 12:34:05,0
30,39.946639,116.787227,39.98391696977997,116.3644588585819,2009-02-03 04:21:15,0
43,39.806793,116.541801,39.98391696977997,116.3644588585819,2009-06-10 03:11:27,0
9,39.999673,116.341958,39.98391696977997,116.3644588585819,2008-11-15 10:26:48,0
144,40.0392,116.3632,39.98391696977997,116.3644588585819,2008-07-19 09:50:44,0
128,40.0616199,116.3167833,39.98391696977997,116.3644588585819,2010-02-25 01:52:11,0
9,39.996124,116.328912,39.98391696977997,116.3644588585819,2008-10-29 10:48:47,0
22,39.974714,116.311485,39.98391696977997,116.3644588585819,2009-02-07 11:17:34,0
128,40.0724233,116.5393166,39.98391696977997,116.3644588585819,2008-04-26 00:55:45,0
153,39.594851,116.272357,39.98391696977997,116.3644588585819,2011-04-04 04:07:20,0
84,39.961881,116.389308,39.98391696977997,116.3644588585819,2008-08-25 10:38:39,0
13,39.967603,116.418354,39.98391696977997,116.3644588585819,2009-01-20 09:50:37,0
141,39.976755,116.32817,39.98391696977997,116.3644588585819,2011-09-24 06:38:35,0
14,40.0212099,116.3891049,39.98391696977997,116.3644588585819,2009-01-17 04:36:59,0
34,40.04269,116.3315933,39.98391696977997,116.3644588585819,2009-04-05 07:05:53,0
17,39.8824866,116.4833483,39.98391696977997,116.3644588585819,2009-06-05 05:53:04,0
41,39.8907466,116.25845,39.98391696977997,116.3644588585819,2009-02-15 22:41:46,0
167,39.969483,116.419979,39.98391696977997,116.3644588585819,2008-07-25 14:24:04,0
153,39.981242222,116.457528791,39.98391696977997,116.3644588585819,2012-02-19 12:39:27,0
82,40.052598,116.400276,39.98391696977997,116.3644588585819,2009-05-15 22:32:10,0
68,39.973714,116.41827,39.98391696977997,116.3644588585819,2009-03-05 23:57:16,0
153,39.927224,116.472272,39.98391696977997,116.3644588585819,2009-06-11 01:01:27,0
41,39.6340782,116.0618916,39.98391696977997,116.3644588585819,2009-02-20 06:54:48,0
17,39.9326299,116.3495116,39.98391696977997,116.3644588585819,2008-12-04 01:44:20,0
1,40.014464,116.311891,39.98391696977997,116.3644588585819,2008-12-10 09:38:02,0
14,40.0323466,116.4654366,39.98391696977997,116.3644588585819,2008-12-16 00:31:28,0
68,39.958749,116.418927,39.98391696977997,116.3644588585819,2009-08-26 03:10:34,0
37,39.92312,116.43256,39.98391696977997,116.3644588585819,2009-03-28 03:32:01,0
84,39.949237,116.419346,39.98391696977997,116.3644588585819,2008-07-23 00:10:22,0
115,39.906865,116.4982966,39.98391696977997,116.3644588585819,2008-07-07 23:17:38,0
115,39.98493,116.3373949,39.98391696977997,116.3644588585819,2008-06-20 10:17:19,0
39,40.086092,116.266738,39.98391696977997,116.3644588585819,2009-05-31 09:38:18,0
17,39.9950266,116.3466716,39.98391696977997,116.3644588585819,2009-03-29 08:22:29,0
25,39.9876166,116.3033416,39.98391696977997,116.3644588585819,2009-01-10 00:05:49,0
141,40.008575,116.389153333333,39.98391696977997,116.3644588585819,2011-09-10 06:32:31,0
10,39.975223,116.333884,39.98391696977997,116.3644588585819,2009-03-01 15:07:27,0
167,40.008599,116.32213,39.98391696977997,116.3644588585819,2009-02-02 11:24:16,0
1,40.008463,116.317735,39.98391696977997,116.3644588585819,2008-11-17 13:31:40,0
30,39.789863,116.279841,39.98391696977997,116.3644588585819,2009-04-12 13:15:33,0
13,40.008069,116.404552,39.98391696977997,116.3644588585819,2008-10-18 06:41:24,0
17,39.9841766,116.315995,39.98391696977997,116.3644588585819,2009-06-13 23:58:15,0
112,39.974255,116.3407316,39.98391696977997,116.3644588585819,2008-06-24 15:36:56,0
36,39.95967,116.432211,39.98391696977997,116.3644588585819,2009-07-06 05:52:51,0
167,39.980814,116.446979,39.98391696977997,116.3644588585819,2008-05-31 13:17:44,0
68,39.987178,116.397903,39.98391696977997,116.3644588585819,2009-05-01 05:28:32,0
78,39.975282,116.330931,39.98391696977997,116.3644588585819,2008-08-20 02:33:50,0
26,39.994747,116.32844,39.98391696977997,116.3644588585819,2009-03-11 11:35:52,0
25,40.3214783,116.3212349,39.98391696977997,116.3644588585819,2009-04-05 06:54:47,0
37,39.9841799,116.3167366,39.98391696977997,116.3644588585819,2009-03-02 01:57:54,0
153,39.981606,116.450394,39.98391696977997,116.3644588585819,2011-01-14 12:21:53,0
153,39.903736,116.448526,39.98391696977997,116.3644588585819,2010-02-11 10:29:05,0
52,39.983785,116.307352,39.98391696977997,116.3644588585819,2008-06-06 13:12:50,0
35,39.990462,116.329974,39.98391696977997,116.3644588585819,2009-04-13 12:46:07,0
163,39.986664,116.388909,39.98391696977997,116.3644588585819,2010-04-18 12:59:51,0
52,39.989275,116.307736,39.98391696977997,116.3644588585819,2008-05-25 05:58:25,0
41,39.9461049,116.28972,39.98391696977997,116.3644588585819,2009-03-16 04:59:26,0
12,39.857295,116.380505,39.98391696977997,116.3644588585819,2008-11-02 07:46:38,0
22,40.026402,116.345136,39.98391696977997,116.3644588585819,2009-05-31 19:19:18,0
35,40.030217,116.360049,39.98391696977997,116.3644588585819,2009-03-15 02:03:55,0
33,39.951108,116.362342,39.98391696977997,116.3644588585819,2009-01-09 23:27:14,0
14,40.1705416,116.4893483,39.98391696977997,116.3644588585819,2009-02-08 04:39:17,0
142,39.957767,116.292157,39.98391696977997,116.3644588585819,2010-05-25 01:34:55,0
144,40.0076749,116.4235799,39.98391696977997,116.3644588585819,2008-12-27 01:46:37,0
128,40.07023,116.3106216,39.98391696977997,116.3644588585819,2008-11-15 10:10:03,0
126,39.970951,116.41873,39.98391696977997,116.3644588585819,2008-11-20 12:32:50,0
28,39.967794,116.101518,39.98391696977997,116.3644588585819,2009-02-07 09:49:31,0
17,39.98482,116.3207933,39.98391696977997,116.3644588585819,2009-03-30 11:35:52,0
140,39.94393,116.4558099,39.98391696977997,116.3644588585819,2009-06-06 01:09:11,0
167,39.985623,116.418191,39.98391696977997,116.3644588585819,2008-06-15 04:45:37,0
163,39.987177,116.448763,39.98391696977997,116.3644588585819,2010-10-18 19:08:05,0
85,39.981045,116.329192,39.98391696977997,116.3644588585819,2008-10-25 14:28:30,0
128,40.051395,116.0878533,39.98391696977997,116.3644588585819,2009-04-05 03:14:37,0
153,39.966026,116.340013,39.98391696977997,116.3644588585819,2008-07-22 09:33:34,0
0,39.923242,116.2693,39.98391696977997,116.3644588585819,2009-04-14 05:29:25,0
104,39.9695733,116.31381,39.98391696977997,116.3644588585819,2008-10-08 16:43:22,0
68,39.978895,116.418129,39.98391696977997,116.3644588585819,2009-09-11 06:49:51,0
7,40.067128,116.13842,39.98391696977997,116.3644588585819,2008-11-11 04:14:31,0
17,39.9837349,116.3813016,39.98391696977997,116.3644588585819,2009-04-13 04:44:11,0
17,39.3684666,116.6300483,39.98391696977997,116.3644588585819,2009-05-28 08:09:50,0
167,39.990901,116.327,39.98391696977997,116.3644588585819,2008-04-28 18:44:31,0
42,39.8646483,116.560815,39.98391696977997,116.3644588585819,2009-03-10 06:56:57,0
9,40.002978,116.343983,39.98391696977997,116.3644588585819,2008-11-11 14:50:22,0
62,39.9867233,116.3945783,39.98391696977997,116.3644588585819,2008-08-12 23:35:08,0
153,40.031168339,116.431583563,39.98391696977997,116.3644588585819,2011-11-16 08:27:33,0
38,39.9678683,116.3138783,39.98391696977997,116.3644588585819,2009-04-15 04:55:33,0
50,39.9946861333333,116.199234016667,39.98391696977997,116.3644588585819,2009-08-24 23:30:46,0
41,39.7288849,116.3399266,39.98391696977997,116.3644588585819,2009-05-23 06:37:14,0
13,39.960763,116.424801,39.98391696977997,116.3644588585819,2008-11-16 06:35:43,0
13,39.975157,116.347129,39.98391696977997,116.3644588585819,2008-11-12 11:07:54,0
42,39.9101649,116.4553183,39.98391696977997,116.3644588585819,2009-02-11 00:04:35,0
10,39.90316,116.422295,39.98391696977997,116.3644588585819,2007-08-04 04:07:07,0
141,39.9902833333333,116.309971666667,39.98391696977997,116.3644588585819,2011-10-10 11:07:57,0
153,39.963167,116.473545,39.98391696977997,116.3644588585819,2009-10-17 11:09:07,0
52,39.993266,116.369481,39.98391696977997,116.3644588585819,2008-10-06 14:04:37,0
10,39.902351,116.421034,39.98391696977997,116.3644588585819,2008-12-19 13:00:05,0
153,39.95415,116.32924,39.98391696977997,116.3644588585819,2011-01-13 11:09:37,0
142,39.958002,116.279001,39.98391696977997,116.3644588585819,2008-12-26 09:34:50,0
68,39.986461,116.368793,39.98391696977997,116.3644588585819,2009-03-27 01:18:50,0
62,39.9753183,116.3684116,39.98391696977997,116.3644588585819,2008-08-23 08:14:17,0
39,40.363009,115.958574,39.98391696977997,116.3644588585819,2009-05-02 07:57:04,0
42,39.899915,116.3458666,39.98391696977997,116.3644588585819,2009-04-10 02:42:01,0
101,39.9901799,116.292145,39.98391696977997,116.3644588585819,2008-03-30 10:06:35,0
30,40.000214,116.326766,39.98391696977997,116.3644588585819,2009-07-03 04:47:50,0
112,39.9906399,116.2741249,39.98391696977997,116.3644588585819,2008-05-24 10:57:34,0
10,40.03507,116.317258,39.98391696977997,116.3644588585819,2009-03-07 05:12:28,0
5,40.005155,116.324333,39.98391696977997,116.3644588585819,2008-11-07 08:52:13,0
141,40.360215,116.007863333333,39.98391696977997,116.3644588585819,2011-10-23 02:41:08,0
24,39.938016,116.189179,39.98391696977997,116.3644588585819,2009-05-20 06:07:28,0
73,39.9128266,116.1923683,39.98391696977997,116.3644588585819,2008-05-24 08:58:35,0
30,39.895656,116.293298,39.98391696977997,116.3644588585819,2009-06-28 14:11:34,0
67,39.97486,116.321098333333,39.98391696977997,116.3644588585819,2011-05-01 13:57:45,0
68,39.990779,116.417902,39.98391696977997,116.3644588585819,2009-04-28 06:48:38,0
14,40.0129449,116.3793099,39.98391696977997,116.3644588585819,2008-10-26 08:14:21,0
62,40.093655,116.2865499,39.98391696977997,116.3644588585819,2008-11-16 06:43:53,0
153,39.999696,116.511207,39.98391696977997,116.3644588585819,2010-05-08 04:17:55,0
50,39.9674606333333,116.31884765,39.98391696977997,116.3644588585819,2009-08-08 08:55:41,0
125,40.000786,116.324538,39.98391696977997,116.3644588585819,2008-09-13 14:47:23,0
14,40.0958699,116.5167166,39.98391696977997,116.3644588585819,2008-12-06 08:35:46,0
41,39.9468983,116.2083416,39.98391696977997,116.3644588585819,2009-03-04 08:31:05,0
17,39.9936316,116.3808733,39.98391696977997,116.3644588585819,2009-03-08 07:08:54,0
167,40.008946,116.320054,39.98391696977997,116.3644588585819,2008-08-11 03:30:55,0
22,39.968738,116.411585,39.98391696977997,116.3644588585819,2009-05-28 12:08:39,0
42,39.9157416,116.3037666,39.98391696977997,116.3644588585819,2009-04-06 06:14:06,0
62,39.9776816,116.3637066,39.98391696977997,116.3644588585819,2008-11-01 07:28:21,0
168,39.986361,116.366776,39.98391696977997,116.3644588585819,2011-06-28 23:18:35,0
167,40.288604,116.524663,39.98391696977997,116.3644588585819,2008-05-01 02:04:47,0
17,39.98436,116.3199866,39.98391696977997,116.3644588585819,2009-06-10 23:53:21,0
78,39.9751183,116.3289883,39.98391696977997,116.3644588585819,2008-04-30 20:00:03,0
78,39.9349066,116.3879016,39.98391696977997,116.3644588585819,2008-05-17 20:15:02,0
11,39.9434049,116.3498149,39.98391696977997,116.3644588585819,2008-10-06 23:55:35,0
40,39.972452,116.397265,39.98391696977997,116.3644588585819,2009-03-09 09:03:47,0
30,39.999847,116.326064,39.98391696977997,116.3644588585819,2009-06-09 16:49:30,0
167,40.001732,116.321774,39.98391696977997,116.3644588585819,2008-11-17 04:25:21,0
3,39.939656,116.382916,39.98391696977997,116.3644588585819,2009-04-05 11:29:58,0
126,40.11486,116.081063,39.98391696977997,116.3644588585819,2008-09-29 06:44:16,0
44,39.973088,116.33359,39.98391696977997,116.3644588585819,2009-02-26 02:09:26,0
3,39.994063,116.326762,39.98391696977997,116.3644588585819,2008-12-01 09:57:38,0
11,39.9566433,116.3173366,39.98391696977997,116.3644588585819,2008-11-18 06:53:23,0
3,40.007727,116.319717,39.98391696977997,116.3644588585819,2009-05-12 20:02:38,0
14,39.9847183,116.3202533,39.98391696977997,116.3644588585819,2008-10-27 00:51:56,0
153,39.986984,116.483752,39.98391696977997,116.3644588585819,2008-11-04 03:08:09,0
153,39.8982399,116.3652049,39.98391696977997,116.3644588585819,2008-05-09 08:22:58,0
1,40.009178,116.316493,39.98391696977997,116.3644588585819,2008-11-07 16:49:41,0
2,39.921415,116.34696,39.98391696977997,116.3644588585819,2008-11-07 00:19:42,0
42,39.8659516,116.2976249,39.98391696977997,116.3644588585819,2009-02-10 04:00:25,0
91,40.0832999,116.31996,39.98391696977997,116.3644588585819,2007-11-22 22:35:31,0
126,40.00194,116.318245,39.98391696977997,116.3644588585819,2008-11-28 12:27:03,0
128,39.9778466,116.2747666,39.98391696977997,116.3644588585819,2009-12-22 08:13:21,0
39,39.895107,116.450769,39.98391696977997,116.3644588585819,2009-04-02 04:34:29,0
153,40.011448,116.386222,39.98391696977997,116.3644588585819,2010-05-31 09:10:46,0
41,39.859455,116.2584299,39.98391696977997,116.3644588585819,2009-04-14 09:36:54,0
38,39.932735,116.30447,39.98391696977997,116.3644588585819,2009-02-10 13:10:52,0
68,39.996012,116.417285,39.98391696977997,116.3644588585819,2009-03-04 12:25:03,0
9,40.003254,116.342852,39.98391696977997,116.3644588585819,2008-11-09 11:45:17,0
144,40.023241,116.293243,39.98391696977997,116.3644588585819,2009-07-19 07:41:36,0
68,39.96756,116.417298,39.98391696977997,116.3644588585819,2009-06-26 08:25:56,0
144,40.1152633,116.4074883,39.98391696977997,116.3644588585819,2008-10-19 07:02:39,0
153,39.974695,116.456494,39.98391696977997,116.3644588585819,2011-04-08 10:18:23,0
101,40.0237749,116.2729066,39.98391696977997,116.3644588585819,2008-03-30 09:56:59,0
20,39.9757,116.305108333333,39.98391696977997,116.3644588585819,2011-09-05 14:25:32,0
167,40.006054,116.320615,39.98391696977997,116.3644588585819,2008-05-19 14:35:52,0
128,39.9844199,116.3148733,39.98391696977997,116.3644588585819,2009-02-21 06:57:21,0
81,39.991654,116.32439,39.98391696977997,116.3644588585819,2008-06-02 05:11:56,0
35,39.97797,116.300542,39.98391696977997,116.3644588585819,2009-04-24 04:18:01,0
179,39.999736,116.328124,39.98391696977997,116.3644588585819,2008-10-02 02:45:17,0
17,40.0085349,116.3461849,39.98391696977997,116.3644588585819,2009-06-01 23:53:03,0
167,39.975416,116.331061,39.98391696977997,116.3644588585819,2008-05-29 10:27:08,0
128,40.0072133,115.9786199,39.98391696977997,116.3644588585819,2009-07-05 08:37:08,0
65,39.98271,116.329551666667,39.98391696977997,116.3644588585819,2011-09-18 01:15:42,0
3,40.000543,116.333543,39.98391696977997,116.3644588585819,2009-02-21 03:50:53,0
153,40.030951,116.436971,39.98391696977997,116.3644588585819,2011-08-09 09:23:34,0
141,39.916795,116.35035,39.98391696977997,116.3644588585819,2011-09-25 07:51:00,0
3,39.921533,116.649868,39.98391696977997,116.3644588585819,2009-04-25 12:59:10,0
71,39.9808766666667,116.323445,39.98391696977997,116.3644588585819,2012-03-20 11:26:25,0
153,39.899467,116.471504,39.98391696977997,116.3644588585819,2009-01-12 12:09:31,0
36,39.977506,116.34021,39.98391696977997,116.3644588585819,2009-03-19 05:33:43,0
11,39.9753549,116.3497649,39.98391696977997,116.3644588585819,2008-11-09 23:35:56,0
1,39.973118,116.327685,39.98391696977997,116.3644588585819,2008-12-09 02:40:22,0
17,39.8975216,116.3680783,39.98391696977997,116.3644588585819,2008-11-10 02:36:52,0
68,39.995171,116.418231,39.98391696977997,116.3644588585819,2009-07-05 22:09:06,0
115,40.0208783,116.4116183,39.98391696977997,116.3644588585819,2008-04-24 10:26:46,0
128,40.0722683,116.3285483,39.98391696977997,116.3644588585819,2010-02-23 01:25:49,0
141,39.9837783333333,116.306828333333,39.98391696977997,116.3644588585819,2011-09-03 06:26:53,0
24,40.37817,115.879369,39.98391696977997,116.3644588585819,2009-03-08 08:43:50,0
35,39.990366,116.330045,39.98391696977997,116.3644588585819,2009-04-07 11:34:33,0
153,40.006748,116.451937,39.98391696977997,116.3644588585819,2010-05-31 02:58:54,0
17,39.9665733,116.3706166,39.98391696977997,116.3644588585819,2009-01-11 08:04:17,0
84,39.981313,116.327812,39.98391696977997,116.3644588585819,2008-11-27 22:17:50,0
153,39.986149,116.449637,39.98391696977997,116.3644588585819,2010-10-25 00:09:52,0
96,40.00762,116.319555,39.98391696977997,116.3644588585819,2008-10-08 15:08:45,0
67,39.9341666666667,116.3799,39.98391696977997,116.3644588585819,2011-06-18 08:26:45,0
38,39.9679733,116.3023516,39.98391696977997,116.3644588585819,2009-04-16 14:30:48,0
41,39.8585483,116.2593666,39.98391696977997,116.3644588585819,2009-02-22 07:34:35,0
67,39.985703,116.483488,39.98391696977997,116.3644588585819,2011-03-05 01:39:20,0
163,39.986872,116.449405,39.98391696977997,116.3644588585819,2010-10-23 12:29:20,0
29,39.798611,116.51835,39.98391696977997,116.3644588585819,2009-02-01 09:08:07,0
128,40.0012316,116.3929283,39.98391696977997,116.3644588585819,2008-07-06 02:49:21,0
126,39.982861,116.326956,39.98391696977997,116.3644588585819,2008-10-24 11:17:47,0
168,39.915037,116.268829,39.98391696977997,116.3644588585819,2011-07-13 02:03:34,0
41,39.874535,116.3814499,39.98391696977997,116.3644588585819,2009-03-13 05:51:13,0
125,39.9999466,116.3599566,39.98391696977997,116.3644588585819,2008-07-02 00:34:04,0
41,39.8593099,116.2593816,39.98391696977997,116.3644588585819,2009-02-25 04:19:23,0
4,39.975295,116.31137,39.98391696977997,116.3644588585819,2009-06-28 04:16:18,0
153,39.987778246,116.453912277,39.98391696977997,116.3644588585819,2011-10-08 17:36:37,0
44,40.058782,116.319738,39.98391696977997,116.3644588585819,2009-03-14 12:49:21,0
20,39.9775633333333,116.331143333333,39.98391696977997,116.3644588585819,2011-08-28 23:56:16,0
42,39.9056133,116.4205866,39.98391696977997,116.3644588585819,2009-01-31 03:08:25,0
128,39.9745849,116.3298166,39.98391696977997,116.3644588585819,2010-06-10 04:13:49,0
4,40.009407,116.32052,39.98391696977997,116.3644588585819,2009-06-24 04:04:28,0
140,39.8395799,116.4101199,39.98391696977997,116.3644588585819,2008-08-31 13:26:53,0
35,39.981854,116.32135,39.98391696977997,116.3644588585819,2009-04-07 01:59:16,0
149,40.6768266,117.2322099,39.98391696977997,116.3644588585819,2009-09-12 12:24:48,0
74,39.9751433333333,116.328991666667,39.98391696977997,116.3644588585819,2012-02-02 00:25:08,0
50,39.9586639333333,116.27417755,39.98391696977997,116.3644588585819,2009-08-02 10:04:04,0
4,39.996129,116.326706,39.98391696977997,116.3644588585819,2008-11-07 12:56:48,0
84,39.892591,116.286492,39.98391696977997,116.3644588585819,2008-09-25 09:27:06,0
24,40.089523,116.545595,39.98391696977997,116.3644588585819,2009-05-12 04:53:44,0
62,39.98748,116.3003483,39.98391696977997,116.3644588585819,2008-11-09 06:34:01,0
13,39.975629,116.331675,39.98391696977997,116.3644588585819,2008-10-16 00:01:30,0
22,40.027565,116.345608,39.98391696977997,116.3644588585819,2009-06-01 01:33:13,0
17,39.9874733,116.3810699,39.98391696977997,116.3644588585819,2009-01-22 02:53:06,0
24,40.074022,116.291583,39.98391696977997,116.3644588585819,2009-05-15 05:41:56,0
65,39.9625783333333,116.307071666667,39.98391696977997,116.3644588585819,2011-10-05 15:25:28,0
2,39.905962,116.347978,39.98391696977997,116.3644588585819,2009-02-14 11:51:23,0
153,39.978616,116.448065,39.98391696977997,116.3644588585819,2010-07-31 09:48:47,0
35,39.990337,116.330493,39.98391696977997,116.3644588585819,2009-03-01 12:44:57,0
30,40.003526,116.323677,39.98391696977997,116.3644588585819,2009-05-13 10:26:36,0
130,39.964076,116.436572,39.98391696977997,116.3644588585819,2009-09-12 15:24:01,0
50,39.9569053649902,116.275329589844,39.98391696977997,116.3644588585819,2009-08-01 11:53:07,0
11,39.98413,116.3527266,39.98391696977997,116.3644588585819,2008-10-07 10:58:12,0
22,39.974134,116.334246,39.98391696977997,116.3644588585819,2009-05-12 10:47:17,0
22,39.953353,116.317302,39.98391696977997,116.3644588585819,2009-01-10 04:13:01,0
42,39.6946666,116.3273766,39.98391696977997,116.3644588585819,2009-03-11 05:04:31,0
52,39.999343,116.379812,39.98391696977997,116.3644588585819,2008-07-23 14:36:12,0
85,40.002046,116.331189,39.98391696977997,116.3644588585819,2009-09-28 01:28:54,0
131,39.9846049,116.32579,39.98391696977997,116.3644588585819,2009-07-16 18:11:05,0
41,39.9060216,116.2682933,39.98391696977997,116.3644588585819,2009-07-03 23:57:16,0
68,39.978513,116.417846,39.98391696977997,116.3644588585819,2009-04-03 00:12:50,0
17,39.9874449,116.3723433,39.98391696977997,116.3644588585819,2008-12-27 13:02:03,0
14,39.9678766,116.3328199,39.98391696977997,116.3644588585819,2009-02-11 10:36:59,0
17,40.91255,117.3153616,39.98391696977997,116.3644588585819,2009-01-28 01:57:38,0
43,39.789605,116.525129,39.98391696977997,116.3644588585819,2009-06-09 01:07:32,0
4,40.008893,116.321353,39.98391696977997,116.3644588585819,2008-10-28 10:41:30,0
13,39.974033,116.346816,39.98391696977997,116.3644588585819,2008-12-05 09:58:48,0
153,39.968534,116.461915,39.98391696977997,116.3644588585819,2010-07-03 08:18:06,0
39,40.0719,116.416132,39.98391696977997,116.3644588585819,2009-06-23 12:29:21,0
83,39.9494549,116.3724416,39.98391696977997,116.3644588585819,2009-02-21 16:08:32,0
140,39.9963716,116.4109633,39.98391696977997,116.3644588585819,2008-09-13 07:15:51,0
104,39.9250916,116.2931233,39.98391696977997,116.3644588585819,2008-10-02 14:34:41,0
52,39.985005,116.35273,39.98391696977997,116.3644588585819,2008-06-06 06:07:48,0
163,39.7786,116.450095,39.98391696977997,116.3644588585819,2011-02-02 03:59:14,0
13,40.166721,116.128042,39.98391696977997,116.3644588585819,2008-10-27 09:31:30,0
41,39.8669216,116.3498183,39.98391696977997,116.3644588585819,2009-05-08 22:47:40,0
85,39.975063,116.334073,39.98391696977997,116.3644588585819,2009-03-29 01:02:51,0
52,39.982976,116.329668,39.98391696977997,116.3644588585819,2008-07-30 11:48:29,0
153,39.965535,116.3464666,39.98391696977997,116.3644588585819,2008-06-08 12:24:08,0
68,39.932427,116.456416,39.98391696977997,116.3644588585819,2009-09-11 10:36:51,0
38,39.9683749,116.3092099,39.98391696977997,116.3644588585819,2009-02-26 12:22:57,0
41,39.8591583,116.2769133,39.98391696977997,116.3644588585819,2009-04-18 23:36:32,0
167,39.968261,116.415334,39.98391696977997,116.3644588585819,2008-05-30 05:28:02,0
81,39.992778,116.328265,39.98391696977997,116.3644588585819,2008-06-20 00:11:21,0
7,39.974986,116.340299,39.98391696977997,116.3644588585819,2008-10-29 11:14:26,0
9,39.996281,116.327258,39.98391696977997,116.3644588585819,2008-11-12 01:20:53,0
39,40.031209,116.306324,39.98391696977997,116.3644588585819,2009-05-06 23:41:34,0
37,39.8699733,116.4575849,39.98391696977997,116.3644588585819,2009-02-25 03:45:36,0
126,39.9776633,116.3628133,39.98391696977997,116.3644588585819,2008-06-14 09:52:33,0
9,39.995741,116.328948,39.98391696977997,116.3644588585819,2008-11-04 04:45:11,0
0,39.975362,116.380995,39.98391696977997,116.3644588585819,2009-06-09 00:59:30,0
169,40.020071,116.395947,39.98391696977997,116.3644588585819,2010-05-11 10:49:01,0
3,40.007818,116.319529,39.98391696977997,116.3644588585819,2008-11-22 02:45:35,0
58,39.978585,116.328768333333,39.98391696977997,116.3644588585819,2011-08-29 11:50:58,0
67,40.027037,116.453077,39.98391696977997,116.3644588585819,2011-01-16 14:53:54,0
126,39.9915666,116.3382466,39.98391696977997,116.3644588585819,2008-06-14 09:28:35,0
50,39.8699379,116.272666933333,39.98391696977997,116.3644588585819,2009-08-06 04:15:38,0
7,39.979826,116.339263,39.98391696977997,116.3644588585819,2008-11-16 15:55:29,0
17,39.9233783,116.1941533,39.98391696977997,116.3644588585819,2009-04-11 09:44:23,0
4,40.012451,116.321456,39.98391696977997,116.3644588585819,2008-11-03 21:55:21,0
96,40.008073,116.319219,39.98391696977997,116.3644588585819,2008-12-05 12:47:20,0
153,40.180454,116.233675,39.98391696977997,116.3644588585819,2009-07-09 02:37:49,0
12,39.984914,116.3256,39.98391696977997,116.3644588585819,2008-11-18 01:08:09,0
65,39.9715933333333,116.313036666667,39.98391696977997,116.3644588585819,2011-10-14 01:08:14,0
67,40.0599966666667,116.617381666667,39.98391696977997,116.3644588585819,2011-06-08 07:49:35,0
153,39.92699,116.471553,39.98391696977997,116.3644588585819,2008-09-25 11:42:51,0
56,39.974683,116.309887,39.98391696977997,116.3644588585819,2008-05-16 10:08:41,0
20,39.9748133333333,116.305236666667,39.98391696977997,116.3644588585819,2011-08-30 01:34:38,0
153,39.895061784,116.483547911,39.98391696977997,116.3644588585819,2012-01-24 12:28:40,0
65,39.9578733333333,116.328693333333,39.98391696977997,116.3644588585819,2011-09-18 08:42:56,0
85,39.899645,116.340328,39.98391696977997,116.3644588585819,2008-12-19 08:36:01,0
10,40.230394,116.368244,39.98391696977997,116.3644588585819,2009-02-14 03:40:53,0
4,39.995139,116.327604,39.98391696977997,116.3644588585819,2009-04-23 08:51:31,0
14,40.0452066,116.4763049,39.98391696977997,116.3644588585819,2009-03-14 08:42:05,0
36,39.977643,116.339042,39.98391696977997,116.3644588585819,2009-03-22 17:14:40,0
2,39.900366,116.384313,39.98391696977997,116.3644588585819,2008-11-19 10:27:15,0
115,39.9853266,116.3446399,39.98391696977997,116.3644588585819,2008-05-07 10:16:57,0
68,39.969557,116.420005,39.98391696977997,116.3644588585819,2009-02-17 07:55:26,0
153,39.987973,116.473061,39.98391696977997,116.3644588585819,2010-05-09 01:59:23,0
17,39.9856433,116.3450899,39.98391696977997,116.3644588585819,2008-12-17 09:15:55,0
126,39.97944,116.449528,39.98391696977997,116.3644588585819,2008-08-16 12:51:46,0
126,39.9914116,116.3242516,39.98391696977997,116.3644588585819,2008-05-16 14:05:16,0
153,39.975330044,116.455350883,39.98391696977997,116.3644588585819,2011-10-07 20:24:04,0
85,40.39453,116.682892,39.98391696977997,116.3644588585819,2009-01-02 02:58:04,0
153,39.81434,116.485268,39.98391696977997,116.3644588585819,2009-09-11 05:21:40,0
18,40.0318483,116.5592516,39.98391696977997,116.3644588585819,2008-12-02 04:18:50,0
143,39.987727,116.482414,39.98391696977997,116.3644588585819,2009-09-12 20:21:24,0
41,39.9942733,116.5795699,39.98391696977997,116.3644588585819,2009-04-21 06:43:24,0
65,39.9794666666667,116.32298,39.98391696977997,116.3644588585819,2011-08-25 00:44:41,0
153,39.895008,116.312385,39.98391696977997,116.3644588585819,2010-02-19 08:00:00,0
30,39.923171,116.264253,39.98391696977997,116.3644588585819,2009-04-10 08:26:36,0
153,39.982109,116.450715,39.98391696977997,116.3644588585819,2010-10-08 13:57:07,0
14,39.9667833,116.3669599,39.98391696977997,116.3644588585819,2009-03-12 00:00:13,0
144,40.0306933,116.4310733,39.98391696977997,116.3644588585819,2009-03-09 10:44:11,0
52,39.999953,116.380108,39.98391696977997,116.3644588585819,2008-07-23 14:42:27,0
163,39.874854123,116.482894505,39.98391696977997,116.3644588585819,2012-01-24 12:32:25,0
163,39.915711,116.45541,39.98391696977997,116.3644588585819,2011-01-29 15:11:59,0
144,39.9959,116.329166666667,39.98391696977997,116.3644588585819,2008-06-19 10:37:59,0
68,39.909621,116.350474,39.98391696977997,116.3644588585819,2009-06-09 12:22:38,0
144,40.054554,116.408733,39.98391696977997,116.3644588585819,2009-08-30 08:24:46,0
14,39.9848333,116.3226883,39.98391696977997,116.3644588585819,2008-11-25 23:52:05,0
71,39.98097,116.327925,39.98391696977997,116.3644588585819,2012-04-09 13:14:07,0
34,40.0127249,116.35512,39.98391696977997,116.3644588585819,2009-03-12 09:11:14,0
30,39.946128,116.794688,39.98391696977997,116.3644588585819,2009-03-13 12:41:07,0
59,39.9753566666667,116.321161666667,39.98391696977997,116.3644588585819,2011-08-30 00:27:26,0
38,39.9686483,116.3118499,39.98391696977997,116.3644588585819,2009-02-20 08:12:47,0
65,39.9521533333333,116.35582,39.98391696977997,116.3644588585819,2011-10-01 08:14:29,0
140,39.9154149,116.4370916,39.98391696977997,116.3644588585819,2009-03-14 07:53:25,0
65,39.96544,116.324135,39.98391696977997,116.3644588585819,2011-09-08 04:53:32,0
30,39.994709,116.318254,39.98391696977997,116.3644588585819,2009-05-17 06:52:28,0
153,39.982255,116.433441,39.98391696977997,116.3644588585819,2009-11-28 00:07:52,0
41,39.976665,116.3274066,39.98391696977997,116.3644588585819,2009-04-04 03:43:20,0
128,40.0753566,116.3277049,39.98391696977997,116.3644588585819,2008-08-21 14:40:33,0
125,40.103588,116.188612,39.98391696977997,116.3644588585819,2008-05-23 06:31:36,0
62,39.9420016,116.4559633,39.98391696977997,116.3644588585819,2008-10-31 07:55:52,0
96,40.062522,116.293692,39.98391696977997,116.3644588585819,2008-07-12 09:50:22,0
40,39.967477,116.311525,39.98391696977997,116.3644588585819,2009-02-17 08:52:08,0
17,39.9863616,116.3751066,39.98391696977997,116.3644588585819,2009-02-20 09:21:44,0
68,39.990095,116.417693,39.98391696977997,116.3644588585819,2009-03-05 23:46:50,0
115,39.9832049,116.3270983,39.98391696977997,116.3644588585819,2008-07-13 11:15:06,0
36,39.805853,116.110457,39.98391696977997,116.3644588585819,2009-07-08 11:27:18,0
65,39.9777016666667,116.331876666667,39.98391696977997,116.3644588585819,2011-09-02 11:05:51,0
30,39.935616,116.761093,39.98391696977997,116.3644588585819,2009-06-21 10:43:18,0
35,39.981577,116.321286,39.98391696977997,116.3644588585819,2009-02-26 00:19:36,0
156,40.356601,116.01206,39.98391696977997,116.3644588585819,2009-07-09 04:57:53,0
30,40.00563,116.317875,39.98391696977997,116.3644588585819,2009-07-06 16:49:42,0
141,40.0048716666667,116.253783333333,39.98391696977997,116.3644588585819,2011-10-22 05:43:17,0
67,39.97532,116.326953333333,39.98391696977997,116.3644588585819,2011-05-09 00:51:12,0
42,39.9021883,116.3465683,39.98391696977997,116.3644588585819,2009-02-19 03:55:36,0
20,39.9798233333333,116.30766,39.98391696977997,116.3644588585819,2011-11-15 01:43:34,0
5,40.011298,116.321013,39.98391696977997,116.3644588585819,2009-01-16 00:26:19,0
128,40.07037,116.328145,39.98391696977997,116.3644588585819,2008-09-02 13:47:32,0
68,39.989045,116.417864,39.98391696977997,116.3644588585819,2008-10-31 06:46:24,0
24,40.086653,116.367682,39.98391696977997,116.3644588585819,2009-01-15 02:45:26,0
59,39.9753716666667,116.320181666667,39.98391696977997,116.3644588585819,2011-08-30 00:28:48,0
64,39.989653,116.309952,39.98391696977997,116.3644588585819,2008-08-18 11:22:35,0
17,39.9755933,116.3802033,39.98391696977997,116.3644588585819,2009-01-19 11:01:21,0
96,39.992137,116.33122,39.98391696977997,116.3644588585819,2008-11-01 02:33:51,0
52,40.000287,116.379337,39.98391696977997,116.3644588585819,2008-07-21 21:54:46,0
130,39.978415,116.307877,39.98391696977997,116.3644588585819,2009-09-09 18:22:39,0
179,40.033617,116.313087,39.98391696977997,116.3644588585819,2008-11-07 13:46:46,0
168,39.98424,116.294858,39.98391696977997,116.3644588585819,2011-08-06 10:03:15,0
167,39.865719,116.489621,39.98391696977997,116.3644588585819,2008-06-20 01:59:51,0
37,39.9230483,116.4312949,39.98391696977997,116.3644588585819,2009-02-17 03:20:00,0
65,39.9748916666667,116.325618333333,39.98391696977997,116.3644588585819,2011-08-30 15:12:13,0
13,39.966968,116.384017,39.98391696977997,116.3644588585819,2008-12-01 09:37:19,0
14,39.9967583,116.3807266,39.98391696977997,116.3644588585819,2009-03-16 02:13:11,0
147,39.986016,116.349171,39.98391696977997,116.3644588585819,2011-03-18 09:12:20,0
30,39.957753,116.281972,39.98391696977997,116.3644588585819,2009-02-14 04:54:26,0
85,39.976497,116.329895,39.98391696977997,116.3644588585819,2009-02-23 09:28:27,0
10,39.898165,116.367226,39.98391696977997,116.3644588585819,2008-10-09 11:44:27,0
125,40.009838,116.507666,39.98391696977997,116.3644588585819,2008-05-30 07:29:06,0
153,39.966613,116.483704,39.98391696977997,116.3644588585819,2008-11-26 23:22:10,0
62,39.8971666,116.3944266,39.98391696977997,116.3644588585819,2008-07-30 15:45:27,0
41,39.8701866,116.3054566,39.98391696977997,116.3644588585819,2009-03-14 05:02:46,0
74,39.974905,116.318998333333,39.98391696977997,116.3644588585819,2012-01-30 14:10:32,0
141,39.99115,116.302686666667,39.98391696977997,116.3644588585819,2011-09-18 09:01:15,0
44,39.956202,116.283375,39.98391696977997,116.3644588585819,2009-07-08 02:35:46,0
42,39.9117216,116.453515,39.98391696977997,116.3644588585819,2009-02-18 10:58:39,0
5,40.000534,116.326871,39.98391696977997,116.3644588585819,2008-10-29 02:07:12,0
84,39.984922,116.337188,39.98391696977997,116.3644588585819,2009-09-06 06:52:32,0
64,39.973778,116.311899,39.98391696977997,116.3644588585819,2008-08-16 12:07:12,0
153,39.929496,116.471998,39.98391696977997,116.3644588585819,2009-10-04 10:22:40,0
140,39.9923916,116.41451,39.98391696977997,116.3644588585819,2009-05-07 14:14:06,0
41,39.829075,116.3102583,39.98391696977997,116.3644588585819,2009-06-15 01:18:17,0
144,40.077004,116.587213,39.98391696977997,116.3644588585819,2009-07-04 09:22:45,0
96,40.006432,116.318391,39.98391696977997,116.3644588585819,2008-11-28 12:03:30,0
50,39.930103302002,116.206008911133,39.98391696977997,116.3644588585819,2009-08-22 22:37:45,0
4,40.000196,116.324938,39.98391696977997,116.3644588585819,2009-01-13 19:39:43,0
84,39.985534,116.362525,39.98391696977997,116.3644588585819,2008-08-19 23:31:55,0
44,39.992298,116.325915,39.98391696977997,116.3644588585819,2009-07-14 03:23:20,0
169,39.993816,116.380803,39.98391696977997,116.3644588585819,2010-06-03 01:14:09,0
126,39.992546,116.326837,39.98391696977997,116.3644588585819,2008-09-29 12:21:40,0
155,39.848165,116.427138,39.98391696977997,116.3644588585819,2009-07-28 10:32:55,0
68,39.97414,116.418191,39.98391696977997,116.3644588585819,2009-01-02 11:30:21,0
30,40.006712,116.323873,39.98391696977997,116.3644588585819,2009-04-24 04:01:48,0
68,39.981439,116.418511,39.98391696977997,116.3644588585819,2009-06-23 12:30:39,0
153,39.947655,116.467828,39.98391696977997,116.3644588585819,2009-04-06 04:55:12,0
15,39.973576,116.334731,39.98391696977997,116.3644588585819,2008-11-13 08:11:39,0
41,40.6214466,116.6533299,39.98391696977997,116.3644588585819,2009-03-04 06:47:46,0
153,39.986654,116.448618,39.98391696977997,116.3644588585819,2010-07-15 11:36:15,0
42,40.0253216,116.5179799,39.98391696977997,116.3644588585819,2009-05-07 09:19:04,0
128,40.0709066,116.3286949,39.98391696977997,116.3644588585819,2008-09-03 13:48:22,0
66,40.01089,116.448095,39.98391696977997,116.3644588585819,2009-05-27 17:07:22,0
7,39.93078,116.319429,39.98391696977997,116.3644588585819,2008-12-11 05:55:47,0
179,40.003226,116.31677,39.98391696977997,116.3644588585819,2008-10-01 02:04:03,0
62,39.9781516,116.3110366,39.98391696977997,116.3644588585819,2008-06-20 05:01:36,0
30,40.009961,116.312538,39.98391696977997,116.3644588585819,2009-07-04 01:24:03,0
15,39.768704,116.297439,39.98391696977997,116.3644588585819,2009-02-26 07:31:18,0
41,39.9138716,116.4202066,39.98391696977997,116.3644588585819,2009-04-22 13:31:56,0
41,40.1034549,116.2851166,39.98391696977997,116.3644588585819,2009-06-27 00:32:34,0
0,40.005375,116.322255,39.98391696977997,116.3644588585819,2009-04-21 04:12:20,0
25,39.9923366,116.322665,39.98391696977997,116.3644588585819,2009-04-24 12:11:07,0
19,40.2972133,116.5976916,39.98391696977997,116.3644588585819,2008-11-14 04:30:21,0
35,39.982015,116.326496,39.98391696977997,116.3644588585819,2009-02-24 06:34:13,0
15,40.000778,116.327278,39.98391696977997,116.3644588585819,2009-03-02 10:27:05,0
128,39.985055,116.3299749,39.98391696977997,116.3644588585819,2008-12-31 03:00:30,0
0,40.011311,116.296919,39.98391696977997,116.3644588585819,2008-11-11 00:37:29,0
17,40.0217916,116.3604166,39.98391696977997,116.3644588585819,2009-04-02 10:41:15,0
126,39.996099,116.385171,39.98391696977997,116.3644588585819,2008-10-15 13:28:08,0
41,40.47413,116.8332449,39.98391696977997,116.3644588585819,2009-06-07 00:35:23,0
68,39.986827,116.417906,39.98391696977997,116.3644588585819,2009-03-28 06:54:14,0
52,39.931956,116.392841,39.98391696977997,116.3644588585819,2008-07-21 04:39:36,0
31,40.033573,116.653361,39.98391696977997,116.3644588585819,2009-01-23 07:56:00,0
68,39.96934,116.42017,39.98391696977997,116.3644588585819,2008-10-05 14:12:58,0
33,40.045247,116.529675,39.98391696977997,116.3644588585819,2009-01-18 03:44:51,0
128,39.9399133,116.4427466,39.98391696977997,116.3644588585819,2010-04-06 13:09:22,0
30,39.973766,116.331248,39.98391696977997,116.3644588585819,2009-01-13 02:33:23,0
85,40.051458,116.405286,39.98391696977997,116.3644588585819,2009-07-03 08:41:37,0
115,39.9863966,116.377325,39.98391696977997,116.3644588585819,2008-06-15 23:39:17,0
153,39.998815836,116.461773145,39.98391696977997,116.3644588585819,2011-12-24 20:44:21,0
4,40.007792,116.323354,39.98391696977997,116.3644588585819,2009-06-03 15:05:02,0
68,39.994987,116.418379,39.98391696977997,116.3644588585819,2009-05-06 00:01:10,0
41,39.9012283,116.25868,39.98391696977997,116.3644588585819,2009-06-24 21:26:15,0
16,39.932765,116.347149,39.98391696977997,116.3644588585819,2008-12-14 12:14:25,0
62,39.984585,116.3095049,39.98391696977997,116.3644588585819,2008-08-11 09:07:01,0
39,39.883327,116.431859,39.98391696977997,116.3644588585819,2009-04-05 08:10:41,0
2,39.926948,116.334058,39.98391696977997,116.3644588585819,2008-12-12 00:04:53,0
13,39.96225,116.418728,39.98391696977997,116.3644588585819,2008-11-12 11:33:30,0
14,39.9859683,116.3607016,39.98391696977997,116.3644588585819,2009-02-10 00:19:36,0
141,39.9802683333333,116.320235,39.98391696977997,116.3644588585819,2011-10-08 00:33:28,0
68,39.994017,116.418327,39.98391696977997,116.3644588585819,2009-06-16 00:18:32,0
39,39.983775,116.307425,39.98391696977997,116.3644588585819,2009-03-21 06:45:16,0
39,39.97341,116.488349,39.98391696977997,116.3644588585819,2009-04-27 06:33:34,0
112,39.9960616,116.2872783,39.98391696977997,116.3644588585819,2008-05-24 01:26:39,0
37,39.84477,116.36378,39.98391696977997,116.3644588585819,2009-07-14 00:33:50,0
153,39.92703,116.472101,39.98391696977997,116.3644588585819,2009-06-29 01:58:32,0
153,39.992206,116.431142,39.98391696977997,116.3644588585819,2009-06-20 07:01:44,0
128,40.0702449,116.3289166,39.98391696977997,116.3644588585819,2008-07-28 01:43:01,0
4,40.000655,116.32692,39.98391696977997,116.3644588585819,2008-11-10 11:49:10,0
65,39.9812816666667,116.411111666667,39.98391696977997,116.3644588585819,2011-08-30 13:03:34,0
64,39.987519,116.29999,39.98391696977997,116.3644588585819,2008-08-20 12:11:07,0
52,39.98505,116.352314,39.98391696977997,116.3644588585819,2008-06-07 17:33:27,0
8,39.956441,116.360049,39.98391696977997,116.3644588585819,2008-10-26 12:23:42,0
38,39.9683416,116.3092216,39.98391696977997,116.3644588585819,2009-02-24 10:57:35,0
41,39.8665149,116.3174983,39.98391696977997,116.3644588585819,2009-06-15 22:54:13,0
168,39.973031,116.375003,39.98391696977997,116.3644588585819,2011-06-23 23:39:43,0
62,39.9957366,116.2945616,39.98391696977997,116.3644588585819,2008-08-16 10:09:02,0
126,40.0034299,116.32289,39.98391696977997,116.3644588585819,2008-07-13 09:58:51,0
10,39.991519,116.329708,39.98391696977997,116.3644588585819,2008-11-07 00:27:14,0
25,39.9844633,116.3096383,39.98391696977997,116.3644588585819,2009-04-30 10:54:06,0
141,39.996515,116.265286666667,39.98391696977997,116.3644588585819,2011-10-22 07:19:17,0
73,39.9750533,116.3275299,39.98391696977997,116.3644588585819,2008-08-15 17:25:54,0
62,39.9679833,116.3639033,39.98391696977997,116.3644588585819,2008-08-23 08:18:13,0
38,40.0418233,116.5281766,39.98391696977997,116.3644588585819,2009-03-22 12:42:00,0
153,39.98758,116.447922,39.98391696977997,116.3644588585819,2009-12-09 12:38:02,0
163,39.98780086,116.474457558,39.98391696977997,116.3644588585819,2012-03-25 11:32:06,0
8,39.956794,116.360456,39.98391696977997,116.3644588585819,2008-12-05 13:44:53,0
167,39.985126,116.32729,39.98391696977997,116.3644588585819,2009-02-14 10:14:19,0
128,39.9511399,116.3728133,39.98391696977997,116.3644588585819,2009-02-14 08:23:22,0
51,39.9897199,116.3017383,39.98391696977997,116.3644588585819,2007-12-15 01:06:34,0
14,39.9507066,116.3491616,39.98391696977997,116.3644588585819,2008-11-30 01:06:01,0
35,39.981817,116.321334,39.98391696977997,116.3644588585819,2009-02-23 00:12:09,0
85,39.981039,116.329255,39.98391696977997,116.3644588585819,2009-03-06 22:42:00,0
167,40.114387,116.081316,39.98391696977997,116.3644588585819,2008-09-29 06:33:52,0
23,39.94998,116.312426666667,39.98391696977997,116.3644588585819,2009-01-12 19:49:34,0
68,39.979839,116.418158,39.98391696977997,116.3644588585819,2009-03-10 13:17:41,0
41,39.6067082,116.1128283,39.98391696977997,116.3644588585819,2009-03-06 12:39:10,0
11,39.9747666,116.3597316,39.98391696977997,116.3644588585819,2008-09-28 13:36:04,0
84,39.933228,116.42818,39.98391696977997,116.3644588585819,2008-11-05 05:12:37,0
96,40.008115,116.319404,39.98391696977997,116.3644588585819,2008-07-10 20:44:36,0
42,40.050125,116.2799416,39.98391696977997,116.3644588585819,2008-10-07 01:01:42,0
128,40.0752266,116.3277316,39.98391696977997,116.3644588585819,2010-07-28 13:22:58,0
153,39.967508,116.438213,39.98391696977997,116.3644588585819,2011-06-21 15:15:43,0
141,39.9917783333333,116.216816666667,39.98391696977997,116.3644588585819,2011-10-22 05:24:14,0
3,39.885605,116.437616,39.98391696977997,116.3644588585819,2009-01-12 07:41:36,0
65,39.9048083333333,116.024276666667,39.98391696977997,116.3644588585819,2011-10-05 04:59:23,0
10,39.973896,116.33381,39.98391696977997,116.3644588585819,2008-09-23 12:21:18,0
163,39.667436,116.095509,39.98391696977997,116.3644588585819,2008-05-01 04:54:20,0
4,39.99264,116.324829,39.98391696977997,116.3644588585819,2008-12-06 05:14:48,0
36,39.979709,116.342991,39.98391696977997,116.3644588585819,2009-03-23 05:50:45,0
30,39.949121,116.793357,39.98391696977997,116.3644588585819,2009-05-24 00:40:14,0
17,39.9849516,116.32968,39.98391696977997,116.3644588585819,2009-04-16 10:16:15,0
9,40.002651,116.344106,39.98391696977997,116.3644588585819,2008-12-13 14:06:32,0
126,39.9739166,116.33438,39.98391696977997,116.3644588585819,2008-05-01 09:02:16,0
153,39.973095,116.483751,39.98391696977997,116.3644588585819,2009-01-15 04:24:34,0
119,39.954424,116.491002,39.98391696977997,116.3644588585819,2008-10-05 10:28:17,0
11,39.9162566,116.3673999,39.98391696977997,116.3644588585819,2008-10-01 01:53:46,0
38,39.9687316,116.3091983,39.98391696977997,116.3644588585819,2009-02-22 12:56:44,0
55,39.974572456,116.331156467,39.98391696977997,116.3644588585819,2011-08-09 23:38:46,0
142,39.960552,116.301307,39.98391696977997,116.3644588585819,2011-01-25 01:42:58,0
50,39.968620300293,116.266639709473,39.98391696977997,116.3644588585819,2009-08-03 08:59:42,0
141,39.9720333333333,116.28872,39.98391696977997,116.3644588585819,2011-09-18 10:09:46,0
41,39.9228983,116.2049066,39.98391696977997,116.3644588585819,2009-06-10 08:52:12,0
41,39.8658116,116.2678299,39.98391696977997,116.3644588585819,2009-06-09 01:48:02,0
85,40.058886,116.387259,39.98391696977997,116.3644588585819,2009-09-14 14:52:17,0
26,39.998773,116.331337,39.98391696977997,116.3644588585819,2009-04-15 02:05:22,0
39,40.046661,116.301502,39.98391696977997,116.3644588585819,2009-06-10 03:48:01,0
39,39.904936,116.451491,39.98391696977997,116.3644588585819,2009-04-14 11:22:11,0
17,39.9673816,116.4315716,39.98391696977997,116.3644588585819,2009-05-25 07:43:09,0
167,39.969297,116.419855,39.98391696977997,116.3644588585819,2008-12-14 12:49:22,0
153,39.985549,116.449501,39.98391696977997,116.3644588585819,2010-10-21 00:12:52,0
17,39.9848149,116.3220683,39.98391696977997,116.3644588585819,2009-04-02 11:14:04,0
128,40.0755299,116.3276416,39.98391696977997,116.3644588585819,2010-08-04 13:26:25,0
42,39.9105699,116.455275,39.98391696977997,116.3644588585819,2009-03-10 10:43:26,0
153,39.9327216,116.4646799,39.98391696977997,116.3644588585819,2008-06-01 05:41:35,0
153,40.274929,116.245257,39.98391696977997,116.3644588585819,2010-06-15 06:33:39,0
4,39.968486,116.301262,39.98391696977997,116.3644588585819,2009-07-26 04:43:47,0
163,40.031371777,116.406987039,39.98391696977997,116.3644588585819,2011-11-22 17:15:35,0
119,39.966211,116.48379,39.98391696977997,116.3644588585819,2008-09-27 04:20:22,0
167,39.985952,116.373803,39.98391696977997,116.3644588585819,2008-09-30 13:19:13,0
128,39.9800033,116.3098249,39.98391696977997,116.3644588585819,2009-03-29 08:00:13,0
96,40.008193,116.319283,39.98391696977997,116.3644588585819,2008-08-28 11:47:05,0
35,40.000718,116.31243,39.98391696977997,116.3644588585819,2009-02-16 22:05:17,0
16,40.004519,116.331134,39.98391696977997,116.3644588585819,2008-11-11 09:15:50,0
35,40.005005,116.312693,39.98391696977997,116.3644588585819,2009-02-15 22:01:14,0
128,39.9749466,116.4559166,39.98391696977997,116.3644588585819,2010-06-24 12:43:12,0
30,39.941444,116.78961,39.98391696977997,116.3644588585819,2009-05-29 07:26:07,0
83,39.9800966,116.4030883,39.98391696977997,116.3644588585819,2009-02-21 15:35:29,0
22,39.973471,116.333655,39.98391696977997,116.3644588585819,2009-07-07 18:39:01,0
25,40.3602316,116.6110516,39.98391696977997,116.3644588585819,2009-04-18 05:23:45,0
10,39.90594,116.441064,39.98391696977997,116.3644588585819,2009-03-15 12:04:14,0
35,39.990383,116.330399,39.98391696977997,116.3644588585819,2009-03-07 11:47:14,0
22,39.979499,116.306046,39.98391696977997,116.3644588585819,2009-04-29 08:04:27,0
22,39.973348,116.33198,39.98391696977997,116.3644588585819,2009-07-24 04:37:39,0
17,39.967515,116.3977783,39.98391696977997,116.3644588585819,2009-01-13 07:29:29,0
163,39.874871,116.45502,39.98391696977997,116.3644588585819,2011-04-04 05:54:15,0
96,40.00751,116.319526,39.98391696977997,116.3644588585819,2008-10-01 14:16:59,0
62,39.8573716,116.431955,39.98391696977997,116.3644588585819,2008-08-03 07:18:56,0
41,39.8865283,116.1108699,39.98391696977997,116.3644588585819,2009-05-19 04:24:43,0
128,40.0699283,116.3153899,39.98391696977997,116.3644588585819,2008-06-06 12:40:03,0
20,39.9780233333333,116.305098333333,39.98391696977997,116.3644588585819,2011-09-02 15:32:44,0
153,39.648644,116.317349,39.98391696977997,116.3644588585819,2011-04-03 05:14:09,0
52,39.983675,116.303329,39.98391696977997,116.3644588585819,2008-05-21 07:21:05,0
85,40.066132,116.404857,39.98391696977997,116.3644588585819,2009-08-27 20:45:43,0
62,39.9252466,116.44454,39.98391696977997,116.3644588585819,2008-10-16 06:27:51,0
41,39.8771133,116.2820633,39.98391696977997,116.3644588585819,2009-05-10 22:07:23,0
153,39.96882,116.46491,39.98391696977997,116.3644588585819,2009-09-26 10:25:02,0
3,40.011074,116.321897,39.98391696977997,116.3644588585819,2009-04-10 17:13:33,0
141,39.9768833333333,116.331115,39.98391696977997,116.3644588585819,2011-09-09 11:59:04,0
30,39.906747,116.502868,39.98391696977997,116.3644588585819,2009-03-15 11:15:14,0
153,39.916714,116.471957,39.98391696977997,116.3644588585819,2009-06-01 00:28:45,0
153,40.281403,116.074756,39.98391696977997,116.3644588585819,2010-05-14 11:10:46,0
41,39.777155,116.3102116,39.98391696977997,116.3644588585819,2009-05-23 04:06:17,0
179,40.084089,116.320914,39.98391696977997,116.3644588585819,2008-11-07 09:09:26,0
30,40.00088,116.318007,39.98391696977997,116.3644588585819,2009-01-21 02:50:42,0
4,39.983042,116.443521,39.98391696977997,116.3644588585819,2009-05-23 12:50:22,0
17,40.9048533,117.31629,39.98391696977997,116.3644588585819,2009-01-30 04:04:07,0
17,39.9309416,116.3479383,39.98391696977997,116.3644588585819,2009-06-19 03:13:00,0
3,40.04111,116.301261,39.98391696977997,116.3644588585819,2008-11-08 02:12:38,0
41,39.8288549,116.3164083,39.98391696977997,116.3644588585819,2009-04-29 01:01:04,0
153,39.9186,116.471976,39.98391696977997,116.3644588585819,2009-01-07 10:31:01,0
10,40.040536,116.333109,39.98391696977997,116.3644588585819,2009-01-16 01:58:03,0
52,39.985188,116.35272,39.98391696977997,116.3644588585819,2008-05-25 21:16:13,0
179,40.003446,116.320424,39.98391696977997,116.3644588585819,2008-11-06 05:06:10,0
20,39.9797516666667,116.325103333333,39.98391696977997,116.3644588585819,2011-11-01 01:47:34,0
85,39.856718,116.128303,39.98391696977997,116.3644588585819,2008-11-15 01:51:05,0
37,39.9809166,116.3098383,39.98391696977997,116.3644588585819,2009-04-15 02:21:26,0
29,39.828408,116.485598,39.98391696977997,116.3644588585819,2009-03-08 23:56:52,0
65,39.96644,116.320156666667,39.98391696977997,116.3644588585819,2011-09-08 04:49:05,0
128,40.0548816,116.2962349,39.98391696977997,116.3644588585819,2008-10-08 02:05:46,0
14,39.9780983,116.3188783,39.98391696977997,116.3644588585819,2008-11-14 12:44:33,0
3,40.006672,116.322202,39.98391696977997,116.3644588585819,2008-11-11 04:14:35,0
85,39.975728,116.331007,39.98391696977997,116.3644588585819,2008-10-10 10:48:44,0
115,39.9690833,116.5179449,39.98391696977997,116.3644588585819,2008-05-25 23:42:44,0
22,39.974499,116.305114,39.98391696977997,116.3644588585819,2009-02-11 15:47:13,0
4,39.968703,116.311589,39.98391696977997,116.3644588585819,2009-06-07 11:32:16,0
14,39.9993583,116.3743166,39.98391696977997,116.3644588585819,2008-11-12 12:00:24,0
52,40.006595,116.401534,39.98391696977997,116.3644588585819,2008-09-01 11:47:02,0
85,39.904907,116.337058,39.98391696977997,116.3644588585819,2008-11-26 02:25:06,0
34,39.9765983,116.2997133,39.98391696977997,116.3644588585819,2009-02-12 04:19:29,0
85,39.936684,116.329515,39.98391696977997,116.3644588585819,2009-04-19 23:03:37,0
17,39.8956966,116.2732949,39.98391696977997,116.3644588585819,2008-11-05 04:11:25,0
153,40.253762,116.238753,39.98391696977997,116.3644588585819,2010-06-15 04:14:39,0
89,39.98493,116.440085,39.98391696977997,116.3644588585819,2008-05-11 06:43:42,0
22,39.973392,116.334326,39.98391696977997,116.3644588585819,2009-04-10 03:27:27,0
179,40.00725,116.319224,39.98391696977997,116.3644588585819,2008-09-11 21:12:08,0
141,39.9749216666667,116.310105,39.98391696977997,116.3644588585819,2011-09-23 10:36:03,0
131,40.0932733,116.479,39.98391696977997,116.3644588585819,2009-04-21 10:51:41,0
41,39.8046083,116.6950466,39.98391696977997,116.3644588585819,2009-04-29 05:51:30,0
169,39.960746,116.477658,39.98391696977997,116.3644588585819,2010-05-30 10:46:07,0
153,39.911218,116.472081,39.98391696977997,116.3644588585819,2009-06-26 00:44:02,0
68,39.962407,116.411723,39.98391696977997,116.3644588585819,2009-03-10 10:29:33,0
38,39.9684266,116.3094016,39.98391696977997,116.3644588585819,2009-02-28 04:41:41,0
153,39.926063,116.304201,39.98391696977997,116.3644588585819,2008-09-08 09:44:43,0
141,40.358165,116.003788333333,39.98391696977997,116.3644588585819,2011-10-23 03:37:55,0
125,40.007297,116.322146,39.98391696977997,116.3644588585819,2008-05-23 15:43:50,0
155,39.913239,116.353755,39.98391696977997,116.3644588585819,2009-07-31 00:48:05,0
3,39.992697,116.321836,39.98391696977997,116.3644588585819,2008-11-18 08:34:56,0
6,39.974106,116.34234,39.98391696977997,116.3644588585819,2008-12-04 13:34:41,0
68,39.99187,116.417629,39.98391696977997,116.3644588585819,2009-05-15 13:40:01,0
24,40.028601,116.521036,39.98391696977997,116.3644588585819,2009-03-18 05:49:41,0
167,39.999788,116.325324,39.98391696977997,116.3644588585819,2008-05-29 15:57:05,0
144,39.895773,116.320638,39.98391696977997,116.3644588585819,2009-05-26 05:55:23,0
41,39.8692966,116.3747333,39.98391696977997,116.3644588585819,2009-05-26 00:13:43,0
4,39.999815,116.32605,39.98391696977997,116.3644588585819,2009-01-09 19:31:21,0
126,39.927582,116.455805,39.98391696977997,116.3644588585819,2008-08-10 12:46:56,0
165,39.9914183333333,116.328231666667,39.98391696977997,116.3644588585819,2011-11-19 02:03:32,0
7,39.980398,116.339557,39.98391696977997,116.3644588585819,2008-11-20 16:55:10,0
165,39.97648,116.304925,39.98391696977997,116.3644588585819,2011-11-04 01:17:16,0
85,39.980861,116.329302,39.98391696977997,116.3644588585819,2008-11-09 19:50:02,0
85,39.980816,116.327865,39.98391696977997,116.3644588585819,2008-05-30 21:37:41,0
81,40.029501,116.268122,39.98391696977997,116.3644588585819,2008-05-23 02:17:47,0
82,40.052223,116.400729,39.98391696977997,116.3644588585819,2009-05-05 14:51:41,0
163,39.986106716,116.363078961,39.98391696977997,116.3644588585819,2012-05-31 09:34:02,0
41,39.6727233,116.3060833,39.98391696977997,116.3644588585819,2009-05-04 00:45:12,0
68,39.906815,116.512638,39.98391696977997,116.3644588585819,2009-07-04 15:37:11,0
19,39.8831183,116.4350149,39.98391696977997,116.3644588585819,2008-11-14 00:14:52,0
153,40.0311,116.415023,39.98391696977997,116.3644588585819,2009-01-17 13:24:51,0
41,40.1416416,116.6018816,39.98391696977997,116.3644588585819,2009-04-02 01:56:47,0
163,39.839838,116.470766,39.98391696977997,116.3644588585819,2010-04-03 09:04:43,0
5,39.963708,116.359947,39.98391696977997,116.3644588585819,2008-11-27 10:04:28,0
13,40.007223,116.281952,39.98391696977997,116.3644588585819,2008-10-31 09:01:27,0
41,39.6939432,116.3231599,39.98391696977997,116.3644588585819,2009-05-22 01:02:34,0
78,40.014612,116.543016,39.98391696977997,116.3644588585819,2008-05-30 09:31:43,0
68,39.969209,116.419862,39.98391696977997,116.3644588585819,2008-11-25 10:16:59,0
5,40.011436,116.321318,39.98391696977997,116.3644588585819,2008-11-01 12:12:40,0
88,39.9775916,116.3633716,39.98391696977997,116.3644588585819,2008-10-08 01:05:59,0
128,40.0776533,116.3269649,39.98391696977997,116.3644588585819,2009-08-14 00:30:50,0
126,40.200947,115.999927,39.98391696977997,116.3644588585819,2008-07-27 02:35:07,0
41,39.8189666,116.4999833,39.98391696977997,116.3644588585819,2009-05-18 10:45:44,0
44,39.976192,116.333025,39.98391696977997,116.3644588585819,2009-04-08 01:39:40,0
68,39.936081,116.420386,39.98391696977997,116.3644588585819,2008-10-28 07:21:05,0
51,39.8384366,116.4216483,39.98391696977997,116.3644588585819,2007-12-15 21:39:52,0
168,39.979625,116.303464,39.98391696977997,116.3644588585819,2011-07-17 22:57:25,0
52,39.984916,116.346745,39.98391696977997,116.3644588585819,2008-05-31 13:10:56,0
130,39.812912,116.338702,39.98391696977997,116.3644588585819,2009-07-12 14:35:19,0
141,39.9788266666667,116.305363333333,39.98391696977997,116.3644588585819,2011-08-30 00:49:54,0
67,40.036509,116.59544,39.98391696977997,116.3644588585819,2011-02-08 22:34:42,0
84,39.975263,116.330037,39.98391696977997,116.3644588585819,2008-08-21 00:09:56,0
17,40.0076649,116.3565166,39.98391696977997,116.3644588585819,2009-07-04 06:40:13,0
153,39.974247,116.330375,39.98391696977997,116.3644588585819,2008-10-01 11:24:17,0
128,39.9796833333333,116.386216666667,39.98391696977997,116.3644588585819,2007-05-06 07:38:00,0
17,40.4621166,117.0221583,39.98391696977997,116.3644588585819,2009-01-24 02:18:08,0
128,39.9757016,116.3315549,39.98391696977997,116.3644588585819,2010-05-31 12:45:19,0
41,39.9451283,116.2784683,39.98391696977997,116.3644588585819,2009-02-25 06:31:17,0
68,39.969219,116.420021,39.98391696977997,116.3644588585819,2008-10-05 14:17:14,0
159,39.97892,116.33096,39.98391696977997,116.3644588585819,2012-04-08 14:40:55,0
41,39.9033249,116.2663216,39.98391696977997,116.3644588585819,2009-05-07 10:37:41,0
41,39.7735083,116.4177616,39.98391696977997,116.3644588585819,2009-05-18 10:52:22,0
68,39.944212,116.419447,39.98391696977997,116.3644588585819,2009-07-28 05:09:36,0
140,39.9664833,116.3593216,39.98391696977997,116.3644588585819,2009-06-23 18:10:37,0
103,39.982155,116.3471999,39.98391696977997,116.3644588585819,2008-09-19 06:51:58,0
40,39.972899,116.33306,39.98391696977997,116.3644588585819,2009-04-12 06:42:15,0
82,40.0696,116.342237,39.98391696977997,116.3644588585819,2009-03-24 00:50:56,0
67,39.9766416666667,116.305005,39.98391696977997,116.3644588585819,2011-04-23 04:27:54,0
128,40.4482316,115.9290483,39.98391696977997,116.3644588585819,2010-08-08 04:05:31,0
140,39.9505049,116.4557066,39.98391696977997,116.3644588585819,2009-06-06 01:20:24,0
153,39.967512,116.345344,39.98391696977997,116.3644588585819,2008-07-22 09:42:52,0
50,39.9852562,116.293975833333,39.98391696977997,116.3644588585819,2009-08-08 12:10:25,0
68,39.961061,116.37972,39.98391696977997,116.3644588585819,2008-10-04 14:03:38,0
50,39.9897766166667,116.174659733333,39.98391696977997,116.3644588585819,2009-08-18 06:53:47,0
17,39.9861783,116.37542,39.98391696977997,116.3644588585819,2008-11-17 08:01:21,0
28,39.960822,116.104682,39.98391696977997,116.3644588585819,2009-04-13 11:09:42,0
22,39.969164,116.305659,39.98391696977997,116.3644588585819,2009-03-21 07:30:54,0
67,39.915421,116.304389,39.98391696977997,116.3644588585819,2011-03-26 09:24:38,0
64,39.983265,116.30821,39.98391696977997,116.3644588585819,2008-08-28 15:44:32,0
17,39.9845716,116.3143416,39.98391696977997,116.3644588585819,2009-03-13 10:24:49,0
24,40.232658,116.519179,39.98391696977997,116.3644588585819,2009-01-13 09:19:31,0
167,39.987045,116.408577,39.98391696977997,116.3644588585819,2008-09-30 13:29:29,0
167,39.987141,116.401467,39.98391696977997,116.3644588585819,2008-06-09 15:58:32,0
41,39.888155,116.2877666,39.98391696977997,116.3644588585819,2009-05-14 06:59:42,0
144,39.902132,116.439947,39.98391696977997,116.3644588585819,2009-09-04 05:26:26,0
50,39.8949279833333,116.303680416667,39.98391696977997,116.3644588585819,2009-08-19 07:03:28,0
10,40.428649,115.955668,39.98391696977997,116.3644588585819,2008-12-27 08:52:39,0
50,39.9056053161621,116.490661621094,39.98391696977997,116.3644588585819,2009-08-07 16:46:11,0
1,39.966238,116.336834,39.98391696977997,116.3644588585819,2008-12-09 05:15:21,0
13,39.975388,116.362803,39.98391696977997,116.3644588585819,2009-01-16 09:36:18,0
30,40.003946,116.317836,39.98391696977997,116.3644588585819,2009-01-20 06:34:52,0
163,39.93708,116.349667,39.98391696977997,116.3644588585819,2011-05-15 05:58:30,0
78,39.9753849,116.3305049,39.98391696977997,116.3644588585819,2008-05-29 15:59:27,0
22,40.058113,116.404275,39.98391696977997,116.3644588585819,2009-07-20 08:25:43,0
14,39.9865466,116.3196483,39.98391696977997,116.3644588585819,2008-12-24 09:10:24,0
103,39.9289916,116.2980549,39.98391696977997,116.3644588585819,2008-09-20 10:54:39,0
71,39.97518,116.318758333333,39.98391696977997,116.3644588585819,2012-05-11 14:11:35,0
4,39.895811,116.259047,39.98391696977997,116.3644588585819,2009-02-26 04:22:00,0
84,39.981385,116.328052,39.98391696977997,116.3644588585819,2008-08-25 14:46:43,0
128,40.1345166,116.1335016,39.98391696977997,116.3644588585819,2008-05-10 07:57:45,0
153,39.804642,116.444883,39.98391696977997,116.3644588585819,2010-04-03 08:48:12,0
22,39.961343,116.316411,39.98391696977997,116.3644588585819,2009-02-13 08:27:06,0
153,39.97701,116.30481,39.98391696977997,116.3644588585819,2011-04-22 10:25:43,0
96,40.00832,116.319377,39.98391696977997,116.3644588585819,2008-07-17 18:24:55,0
179,39.915409,116.367447,39.98391696977997,116.3644588585819,2008-08-22 07:10:30,0
150,39.9779833333333,116.340733333333,39.98391696977997,116.3644588585819,2007-08-07 10:41:47,0
41,40.0215533,116.2783799,39.98391696977997,116.3644588585819,2009-02-18 22:36:04,0
96,39.986806,116.326377,39.98391696977997,116.3644588585819,2008-10-16 03:40:06,0
20,39.9783283333333,116.332116666667,39.98391696977997,116.3644588585819,2011-11-20 16:19:17,0
42,40.0226299,116.5060133,39.98391696977997,116.3644588585819,2009-04-09 03:06:53,0
110,39.958715,116.3169249,39.98391696977997,116.3644588585819,2008-01-07 10:58:55,0
68,39.950678,116.349137,39.98391696977997,116.3644588585819,2009-07-29 00:40:33,0
140,39.9851466,116.3404333,39.98391696977997,116.3644588585819,2009-05-19 09:00:21,0
174,39.9710333333333,116.303833333333,39.98391696977997,116.3644588585819,2008-01-11 05:19:34,0
68,39.977962,116.418172,39.98391696977997,116.3644588585819,2008-10-10 13:47:08,0
153,39.836944242,116.462333784,39.98391696977997,116.3644588585819,2012-01-23 18:04:33,0
17,40.11409,116.2709,39.98391696977997,116.3644588585819,2008-12-05 09:11:59,0
85,39.981054,116.329271,39.98391696977997,116.3644588585819,2008-11-05 22:36:25,0
62,39.9877983,116.4330599,39.98391696977997,116.3644588585819,2008-09-07 07:02:19,0
52,39.98488,116.352518,39.98391696977997,116.3644588585819,2008-07-02 14:35:48,0
73,39.9750149,116.3280433,39.98391696977997,116.3644588585819,2008-08-01 02:08:04,0
34,40.0286916,116.3450816,39.98391696977997,116.3644588585819,2009-02-20 11:41:15,0
35,39.981644,116.321085,39.98391696977997,116.3644588585819,2009-04-08 21:27:26,0
22,39.973938,116.333895,39.98391696977997,116.3644588585819,2009-04-22 05:19:15,0
25,39.8963933,116.3424349,39.98391696977997,116.3644588585819,2009-02-07 03:14:47,0
14,39.9639566,116.3524899,39.98391696977997,116.3644588585819,2008-11-10 00:16:39,0
141,39.9912966666667,116.305243333333,39.98391696977997,116.3644588585819,2011-10-08 10:26:59,0
17,40.81289,117.370065,39.98391696977997,116.3644588585819,2009-01-28 02:29:39,0
17,40.250175,116.5462766,39.98391696977997,116.3644588585819,2009-01-31 09:32:51,0
13,40.167295,116.12903,39.98391696977997,116.3644588585819,2008-10-28 02:20:21,0
14,40.0914699,116.4760216,39.98391696977997,116.3644588585819,2008-12-24 10:18:27,0
67,39.908231,116.317576,39.98391696977997,116.3644588585819,2011-03-26 02:40:43,0
36,39.91693,116.347483,39.98391696977997,116.3644588585819,2009-07-10 03:18:52,0
8,39.966156,116.354099,39.98391696977997,116.3644588585819,2008-12-06 06:34:03,0
126,39.966435,116.360855,39.98391696977997,116.3644588585819,2008-09-04 13:44:19,0
119,39.927033,116.471058,39.98391696977997,116.3644588585819,2008-09-09 17:32:07,0
94,40.0102333333333,116.467183333333,39.98391696977997,116.3644588585819,2007-08-06 09:57:40,0
10,39.922425,116.47342,39.98391696977997,116.3644588585819,2007-09-03 09:54:58,0
20,39.974915,116.328995,39.98391696977997,116.3644588585819,2011-10-13 01:47:57,0
13,39.97508,116.339794,39.98391696977997,116.3644588585819,2008-12-09 23:55:53,0
128,40.4443016,116.3290816,39.98391696977997,116.3644588585819,2010-09-11 06:18:06,0
153,39.986664,116.48365,39.98391696977997,116.3644588585819,2008-11-11 05:42:58,0
4,40.005459,116.324247,39.98391696977997,116.3644588585819,2008-12-16 23:57:45,0
84,40.39787,115.911095,39.98391696977997,116.3644588585819,2009-04-18 06:41:48,0
40,39.951304,116.361914,39.98391696977997,116.3644588585819,2009-03-23 18:34:12,0
62,39.9678733,116.4174266,39.98391696977997,116.3644588585819,2008-11-06 01:44:46,0
22,39.990996,116.309986,39.98391696977997,116.3644588585819,2009-02-20 07:19:26,0
140,39.9927366,116.4109599,39.98391696977997,116.3644588585819,2009-06-12 20:01:06,0
155,39.977939,116.331218,39.98391696977997,116.3644588585819,2009-07-20 12:01:38,0
152,39.940893,116.346964,39.98391696977997,116.3644588585819,2008-08-22 02:48:39,0
126,39.9875283,116.4165766,39.98391696977997,116.3644588585819,2008-05-18 14:10:37,0
101,40.0144799,116.3116949,39.98391696977997,116.3644588585819,2008-06-29 11:49:16,0
62,39.9999766,116.3111849,39.98391696977997,116.3644588585819,2008-09-08 09:42:45,0
12,39.981324,116.328119,39.98391696977997,116.3644588585819,2008-11-09 05:57:22,0
179,40.088977,116.299142,39.98391696977997,116.3644588585819,2008-10-21 11:38:22,0
167,39.980631,116.327065,39.98391696977997,116.3644588585819,2008-05-29 01:42:28,0
30,39.972619,116.334912,39.98391696977997,116.3644588585819,2009-05-02 07:09:56,0
20,39.9798566666667,116.318691666667,39.98391696977997,116.3644588585819,2011-10-25 01:31:55,0
153,39.9905866,116.3920633,39.98391696977997,116.3644588585819,2008-05-23 10:31:35,0
85,39.927891,116.337769,39.98391696977997,116.3644588585819,2009-04-29 09:30:40,0
65,39.9046866666667,116.025085,39.98391696977997,116.3644588585819,2011-10-05 04:48:30,0
30,40.004222,116.316743,39.98391696977997,116.3644588585819,2009-01-22 00:49:31,0
34,40.0327233,116.2783849,39.98391696977997,116.3644588585819,2009-02-15 11:21:54,0
4,39.990329,116.328753,39.98391696977997,116.3644588585819,2009-03-07 12:24:45,0
29,39.942247,116.331452,39.98391696977997,116.3644588585819,2009-03-21 05:04:38,0
91,39.9808333333333,116.327483333333,39.98391696977997,116.3644588585819,2007-11-16 07:38:40,0
38,39.9680416,116.3089716,39.98391696977997,116.3644588585819,2009-02-20 12:07:12,0
41,39.9720899,116.2753299,39.98391696977997,116.3644588585819,2009-02-18 23:03:04,0
68,39.976411,116.214453,39.98391696977997,116.3644588585819,2009-08-05 22:09:57,0
64,39.967286,116.386961,39.98391696977997,116.3644588585819,2008-08-16 09:51:32,0
140,39.9941166,116.40332,39.98391696977997,116.3644588585819,2008-09-13 07:09:04,0
84,39.98095,116.328175,39.98391696977997,116.3644588585819,2008-09-24 12:20:41,0
30,40.002141,116.315973,39.98391696977997,116.3644588585819,2009-01-21 02:19:26,0
34,40.0733049,116.3073883,39.98391696977997,116.3644588585819,2009-02-15 04:55:17,0
12,39.988259,116.319864,39.98391696977997,116.3644588585819,2008-11-13 10:24:41,0
41,40.2087216,116.5596366,39.98391696977997,116.3644588585819,2009-06-10 03:17:32,0
153,39.980279,116.449119,39.98391696977997,116.3644588585819,2010-08-17 23:57:45,0
24,39.975664,116.51315,39.98391696977997,116.3644588585819,2009-02-25 04:25:01,0
25,40.1151116,116.4056366,39.98391696977997,116.3644588585819,2009-04-05 08:34:06,0
153,39.928355,116.472004,39.98391696977997,116.3644588585819,2008-11-08 02:36:58,0
85,39.90266,116.385386,39.98391696977997,116.3644588585819,2008-11-01 08:13:48,0
153,40.003605573,116.456191289,39.98391696977997,116.3644588585819,2012-05-05 12:53:56,0
14,39.98778,116.3809483,39.98391696977997,116.3644588585819,2008-11-09 23:49:40,0
44,39.973219,116.333476,39.98391696977997,116.3644588585819,2009-04-10 06:17:36,0
119,39.968071,116.483977,39.98391696977997,116.3644588585819,2008-09-27 14:11:27,0
84,39.975126,116.338705,39.98391696977997,116.3644588585819,2008-09-19 10:30:48,0
153,39.937319,116.483463,39.98391696977997,116.3644588585819,2008-11-16 09:28:43,0
141,39.9932666666667,116.309068333333,39.98391696977997,116.3644588585819,2011-09-02 10:57:24,0
153,39.979431,116.448476,39.98391696977997,116.3644588585819,2010-05-16 23:51:59,0
30,39.906626,116.502653,39.98391696977997,116.3644588585819,2009-06-05 12:31:33,0
68,39.969393,116.419925,39.98391696977997,116.3644588585819,2009-07-02 09:38:51,0
36,39.980048,116.341501,39.98391696977997,116.3644588585819,2009-04-24 15:08:28,0
82,40.051642,116.406646,39.98391696977997,116.3644588585819,2009-03-16 14:40:30,0
50,39.86984635,116.272819516667,39.98391696977997,116.3644588585819,2009-08-06 03:44:23,0
68,39.995988,116.308884,39.98391696977997,116.3644588585819,2009-07-11 14:08:59,0
68,40.044511,116.252379,39.98391696977997,116.3644588585819,2009-08-14 19:28:16,0
163,39.970493,116.345457,39.98391696977997,116.3644588585819,2008-05-19 01:30:50,0
128,40.07353,116.3281199,39.98391696977997,116.3644588585819,2010-01-17 14:02:32,0
15,39.906779,116.501488,39.98391696977997,116.3644588585819,2009-03-01 23:34:56,0
35,39.978163,116.30075,39.98391696977997,116.3644588585819,2009-03-19 03:34:30,0
3,40.010759,116.32369,39.98391696977997,116.3644588585819,2008-12-14 14:13:58,0
10,39.900195,116.4161,39.98391696977997,116.3644588585819,2009-02-14 08:25:34,0
128,40.0713766,116.3287766,39.98391696977997,116.3644588585819,2008-09-09 01:11:43,0
85,39.980938,116.329391,39.98391696977997,116.3644588585819,2008-11-16 06:36:08,0
29,39.820936,116.495098,39.98391696977997,116.3644588585819,2009-01-22 00:04:10,0
38,39.9687533,116.30704,39.98391696977997,116.3644588585819,2009-02-17 10:05:13,0
163,39.980298,116.474802,39.98391696977997,116.3644588585819,2009-01-19 01:42:19,0
153,39.909466,116.471943,39.98391696977997,116.3644588585819,2008-09-22 00:32:15,0
64,39.985409,116.299855,39.98391696977997,116.3644588585819,2008-08-28 11:31:46,0
17,39.9637783,116.3471833,39.98391696977997,116.3644588585819,2008-11-10 08:08:18,0
17,40.0071833,116.3461666,39.98391696977997,116.3644588585819,2008-12-10 00:00:18,0
39,40.037806,116.333844,39.98391696977997,116.3644588585819,2009-05-11 07:28:07,0
34,40.0278683,116.3424266,39.98391696977997,116.3644588585819,2009-04-20 01:54:23,0
112,39.97514,116.3270683,39.98391696977997,116.3644588585819,2008-04-14 12:04:23,0
128,40.0739499,116.3282199,39.98391696977997,116.3644588585819,2010-03-02 13:59:36,0
26,39.761756,116.168036,39.98391696977997,116.3644588585819,2009-02-18 12:54:35,0
52,39.996165,116.40148,39.98391696977997,116.3644588585819,2008-09-02 08:39:03,0
42,39.9933216,116.3269133,39.98391696977997,116.3644588585819,2008-11-16 15:24:03,0
131,39.98628,116.3734166,39.98391696977997,116.3644588585819,2009-07-02 08:21:55,0
11,39.9829216,116.3554466,39.98391696977997,116.3644588585819,2008-12-07 06:12:14,0
3,40.0114,116.321679,39.98391696977997,116.3644588585819,2008-12-02 23:45:21,0
141,39.97611,116.331865,39.98391696977997,116.3644588585819,2011-10-08 11:27:11,0
159,39.9783066666667,116.330753333333,39.98391696977997,116.3644588585819,2012-03-30 23:38:02,0
17,39.9756449,116.3984216,39.98391696977997,116.3644588585819,2009-03-16 09:58:15,0
41,39.9462049,116.2887816,39.98391696977997,116.3644588585819,2009-02-20 11:59:11,0
67,39.8081316666667,116.269441666667,39.98391696977997,116.3644588585819,2011-06-17 02:26:59,0
128,39.8984016,116.3922433,39.98391696977997,116.3644588585819,2009-05-17 03:02:57,0
85,40.042864,116.40472,39.98391696977997,116.3644588585819,2008-05-25 09:42:45,0
141,40.0590483333333,116.318925,39.98391696977997,116.3644588585819,2011-10-23 01:16:45,0
65,39.9768183333333,116.328225,39.98391696977997,116.3644588585819,2011-09-09 14:18:57,0
85,39.966956,116.328121,39.98391696977997,116.3644588585819,2008-05-19 04:22:03,0
144,40.444882,117.008105,39.98391696977997,116.3644588585819,2009-08-08 23:17:29,0
50,39.9361610412598,116.304420471191,39.98391696977997,116.3644588585819,2009-08-19 16:40:37,0
125,40.009807,116.374515,39.98391696977997,116.3644588585819,2008-08-20 09:42:29,0
41,39.9186283,116.2692166,39.98391696977997,116.3644588585819,2009-06-17 10:10:14,0
25,39.9879166,116.3004066,39.98391696977997,116.3644588585819,2009-06-15 13:28:14,0
167,39.975388,116.335607,39.98391696977997,116.3644588585819,2008-06-14 14:10:56,0
163,39.86554,116.49016,39.98391696977997,116.3644588585819,2008-06-20 02:17:59,0
156,40.123227,116.262416,39.98391696977997,116.3644588585819,2009-07-09 10:11:52,0
85,40.043353,116.305936,39.98391696977997,116.3644588585819,2009-09-18 10:52:02,0
153,39.934784,116.455608,39.98391696977997,116.3644588585819,2009-08-07 02:16:50,0
38,39.9688816,116.3058916,39.98391696977997,116.3644588585819,2009-03-24 22:36:07,0
17,39.9751966,116.3526433,39.98391696977997,116.3644588585819,2008-12-23 10:20:09,0
167,39.9781916,116.3272266,39.98391696977997,116.3644588585819,2008-04-14 11:48:22,0
67,39.978893,116.332754,39.98391696977997,116.3644588585819,2011-03-13 04:20:41,0
68,39.978399,116.41668,39.98391696977997,116.3644588585819,2008-10-14 05:26:40,0
67,40.0332583333333,116.313398333333,39.98391696977997,116.3644588585819,2011-04-23 15:00:59,0
141,40.356425,116.00063,39.98391696977997,116.3644588585819,2011-10-23 04:07:20,0
1,39.980621,116.327236,39.98391696977997,116.3644588585819,2008-10-27 00:30:40,0
28,39.938116,116.319334,39.98391696977997,116.3644588585819,2009-04-20 09:43:05,0
68,39.898238,116.339982,39.98391696977997,116.3644588585819,2009-06-13 12:09:55,0
29,39.831608,116.482292,39.98391696977997,116.3644588585819,2009-02-11 23:52:50,0
128,40.0765049,116.3253133,39.98391696977997,116.3644588585819,2008-09-27 11:59:56,0
14,40.05055,116.4764183,39.98391696977997,116.3644588585819,2008-10-30 23:56:16,0
10,40.181966,116.195401,39.98391696977997,116.3644588585819,2009-02-14 03:07:03,0
78,40.015371,116.542259,39.98391696977997,116.3644588585819,2008-05-30 09:39:16,0
10,40.163183,116.219295,39.98391696977997,116.3644588585819,2009-03-07 08:08:28,0
2,39.94051,116.311998,39.98391696977997,116.3644588585819,2009-01-01 06:51:10,0
65,40.00109,116.325306666667,39.98391696977997,116.3644588585819,2011-10-25 09:15:37,0
153,39.932733,116.45726,39.98391696977997,116.3644588585819,2008-09-13 08:01:57,0
3,39.987195,116.298961,39.98391696977997,116.3644588585819,2009-04-12 13:51:50,0
96,40.087158,116.305738,39.98391696977997,116.3644588585819,2008-08-31 10:48:06,0
67,39.9779183333333,116.333823333333,39.98391696977997,116.3644588585819,2011-04-09 14:49:21,0
52,39.939348,116.267888,39.98391696977997,116.3644588585819,2008-05-22 10:25:16,0
41,39.8636699,116.259955,39.98391696977997,116.3644588585819,2009-05-03 09:31:13,0
36,39.977414,116.339636,39.98391696977997,116.3644588585819,2009-03-06 17:47:10,0
179,39.982662,116.308959,39.98391696977997,116.3644588585819,2008-08-28 06:02:29,0
68,39.906467,116.400168,39.98391696977997,116.3644588585819,2009-01-02 05:31:22,0
167,39.972732,116.418286,39.98391696977997,116.3644588585819,2008-05-31 05:27:48,0
128,39.8953099,116.314945,39.98391696977997,116.3644588585819,2008-05-01 04:12:08,0
44,39.973203,116.333852,39.98391696977997,116.3644588585819,2009-04-13 02:52:54,0
36,39.981979,116.34612,39.98391696977997,116.3644588585819,2009-03-12 11:24:51,0
125,39.991225,116.327188,39.98391696977997,116.3644588585819,2008-10-06 15:32:00,0
167,40.004896,116.320792,39.98391696977997,116.3644588585819,2009-01-18 13:53:03,0
155,40.051915,116.40526,39.98391696977997,116.3644588585819,2009-06-02 14:03:14,0
179,40.05316,116.322864,39.98391696977997,116.3644588585819,2008-11-07 09:28:52,0
17,40.0267066,116.4031216,39.98391696977997,116.3644588585819,2009-05-23 04:38:30,0
128,40.07154,116.3287433,39.98391696977997,116.3644588585819,2009-09-24 13:49:08,0
168,40.021698,116.353677,39.98391696977997,116.3644588585819,2011-08-13 02:41:06,0
92,39.9712283,116.3030466,39.98391696977997,116.3644588585819,2008-07-03 05:41:19,0
0,39.998331,116.321599,39.98391696977997,116.3644588585819,2009-04-11 05:48:18,0
126,40.0010983,116.3975316,39.98391696977997,116.3644588585819,2008-05-23 07:21:55,0
128,39.9083283,116.4717866,39.98391696977997,116.3644588585819,2008-05-28 11:14:42,0
163,40.38415,117.0159,39.98391696977997,116.3644588585819,2010-08-08 10:22:48,0
20,39.9780066666667,116.331618333333,39.98391696977997,116.3644588585819,2011-11-30 15:30:53,0
13,39.957856,116.420375,39.98391696977997,116.3644588585819,2009-01-17 10:11:34,0
52,39.984995,116.352872,39.98391696977997,116.3644588585819,2008-06-09 14:38:13,0
14,39.98479,116.3201533,39.98391696977997,116.3644588585819,2008-10-25 11:42:55,0
165,39.9745,116.303486666667,39.98391696977997,116.3644588585819,2011-11-21 01:34:43,0
35,39.990437,116.330216,39.98391696977997,116.3644588585819,2009-02-27 12:16:18,0
71,39.98038,116.335315,39.98391696977997,116.3644588585819,2012-04-30 12:42:32,0
128,40.0517166,116.4045883,39.98391696977997,116.3644588585819,2009-08-01 02:54:54,0
3,40.009049,116.324,39.98391696977997,116.3644588585819,2009-04-11 05:27:08,0
85,39.980896,116.329312,39.98391696977997,116.3644588585819,2008-11-09 22:20:08,0
153,40.210152,116.27697,39.98391696977997,116.3644588585819,2010-06-15 03:49:35,0
35,39.981695,116.321299,39.98391696977997,116.3644588585819,2009-04-01 08:48:19,0
126,39.9866416,116.3761299,39.98391696977997,116.3644588585819,2008-07-12 14:39:26,0
41,39.9334083,116.2686116,39.98391696977997,116.3644588585819,2009-02-20 11:53:53,0
35,39.990397,116.330084,39.98391696977997,116.3644588585819,2009-03-20 11:38:33,0
55,39.9746716666667,116.331215,39.98391696977997,116.3644588585819,2011-09-02 12:39:26,0
52,40.000147,116.379268,39.98391696977997,116.3644588585819,2008-07-24 07:59:15,0
3,39.99106,116.318485,39.98391696977997,116.3644588585819,2009-04-03 10:02:20,0
41,40.1163433,116.6364283,39.98391696977997,116.3644588585819,2009-04-23 07:34:28,0
22,39.969464,116.300832,39.98391696977997,116.3644588585819,2009-03-05 01:01:24,0
65,39.9752066666667,116.32093,39.98391696977997,116.3644588585819,2011-09-16 01:01:54,0
153,39.94864,116.402273,39.98391696977997,116.3644588585819,2010-02-14 05:46:25,0
153,39.988522,116.47628,39.98391696977997,116.3644588585819,2010-03-28 05:34:02,0
153,39.99999,116.457448,39.98391696977997,116.3644588585819,2010-02-25 00:15:38,0
41,39.8623266,116.6389016,39.98391696977997,116.3644588585819,2009-04-09 01:56:38,0
126,40.198336,116.21948,39.98391696977997,116.3644588585819,2008-07-27 02:04:32,0
74,39.9746633333333,116.310941666667,39.98391696977997,116.3644588585819,2012-01-11 14:24:29,0
30,39.926578,116.728943,39.98391696977997,116.3644588585819,2009-02-02 09:08:41,0
3,39.930077,116.421499,39.98391696977997,116.3644588585819,2008-12-11 04:39:37,0
41,39.8465283,116.4782766,39.98391696977997,116.3644588585819,2009-05-20 07:34:49,0
85,39.932736,116.42968,39.98391696977997,116.3644588585819,2008-07-22 00:31:21,0
100,39.974487545,116.30794917,39.98391696977997,116.3644588585819,2011-07-29 15:30:39,0
153,39.974277,116.443915,39.98391696977997,116.3644588585819,2011-01-01 09:55:48,0
68,40.058186,116.336457,39.98391696977997,116.3644588585819,2008-10-21 01:54:44,0
30,39.889631,116.357166,39.98391696977997,116.3644588585819,2009-05-01 01:24:53,0
19,39.9910199,116.3107299,39.98391696977997,116.3644588585819,2008-11-22 07:18:12,0
2,39.917075,116.339121,39.98391696977997,116.3644588585819,2009-02-17 11:22:21,0
141,39.97446,116.302821666667,39.98391696977997,116.3644588585819,2011-10-09 11:28:25,0
67,39.9156416666667,116.447011666667,39.98391696977997,116.3644588585819,2011-06-17 12:28:23,0
153,40.030161,116.435569,39.98391696977997,116.3644588585819,2011-09-01 23:32:44,0
68,39.883741,116.448679,39.98391696977997,116.3644588585819,2009-08-25 07:35:38,0
163,39.8672733,116.4879016,39.98391696977997,116.3644588585819,2008-06-20 07:29:18,0
3,39.99648,116.326804,39.98391696977997,116.3644588585819,2009-06-14 09:18:05,0
30,39.908086,116.531972,39.98391696977997,116.3644588585819,2009-05-22 12:23:27,0
4,40.004259,116.321975,39.98391696977997,116.3644588585819,2008-12-01 10:03:44,0
126,40.3875333,116.8517716,39.98391696977997,116.3644588585819,2008-05-11 06:13:56,0
79,39.925817,116.349915,39.98391696977997,116.3644588585819,2010-05-29 14:11:17,0
9,40.002995,116.343955,39.98391696977997,116.3644588585819,2008-12-03 11:33:55,0
36,39.966709,116.383228,39.98391696977997,116.3644588585819,2009-02-21 01:29:17,0
38,39.8833849,116.4673366,39.98391696977997,116.3644588585819,2009-07-23 09:09:10,0
163,39.995460835,116.451549257,39.98391696977997,116.3644588585819,2012-04-22 12:13:56,0
25,40.1601916,116.4020833,39.98391696977997,116.3644588585819,2009-04-05 02:33:49,0
31,40.033197,116.56889,39.98391696977997,116.3644588585819,2009-01-23 07:49:20,0
30,39.999816,116.321977,39.98391696977997,116.3644588585819,2009-03-06 11:33:55,0
4,39.999191,116.312572,39.98391696977997,116.3644588585819,2009-03-25 04:47:50,0
3,39.997528,116.326693,39.98391696977997,116.3644588585819,2009-06-12 11:24:25,0
3,39.999996,116.327387,39.98391696977997,116.3644588585819,2009-04-10 14:04:43,0
65,39.9814633333333,116.328338333333,39.98391696977997,116.3644588585819,2011-09-11 13:35:37,0
153,39.990865,116.310281,39.98391696977997,116.3644588585819,2009-08-10 03:07:48,0
52,39.991913,116.342502,39.98391696977997,116.3644588585819,2008-07-23 10:10:37,0
38,39.9682,116.3011133,39.98391696977997,116.3644588585819,2009-02-17 03:02:52,0
10,39.880828,116.304804,39.98391696977997,116.3644588585819,2008-12-07 11:59:46,0
153,39.995941,116.386924,39.98391696977997,116.3644588585819,2011-05-14 12:25:30,0
153,39.991584448,116.450913907,39.98391696977997,116.3644588585819,2012-04-07 12:56:48,0
163,39.948093,116.417273,39.98391696977997,116.3644588585819,2011-01-29 15:48:06,0
43,39.812147,116.569801,39.98391696977997,116.3644588585819,2009-06-17 01:52:39,0
43,39.943035,116.316572,39.98391696977997,116.3644588585819,2009-02-15 06:32:21,0
163,39.980304,116.447187,39.98391696977997,116.3644588585819,2011-05-06 12:31:18,0
1,39.996192,116.327102,39.98391696977997,116.3644588585819,2008-11-04 00:21:09,0
153,39.976837,116.310823,39.98391696977997,116.3644588585819,2008-08-07 13:29:11,0
17,39.9662383,116.4687983,39.98391696977997,116.3644588585819,2008-11-22 10:36:08,0
62,40.0061666,116.3025616,39.98391696977997,116.3644588585819,2008-08-07 06:59:34,0
126,40.23833,115.962448,39.98391696977997,116.3644588585819,2008-07-27 05:35:12,0
68,39.999156,116.343843,39.98391696977997,116.3644588585819,2009-06-21 07:08:40,0
68,39.992824,116.400898,39.98391696977997,116.3644588585819,2008-11-30 03:03:44,0
41,40.0247866,116.2867633,39.98391696977997,116.3644588585819,2009-06-02 10:42:44,0
3,39.797697,116.259794,39.98391696977997,116.3644588585819,2009-04-10 08:47:38,0
33,39.951772,116.360984,39.98391696977997,116.3644588585819,2009-01-09 21:26:01,0
24,39.890543,116.234981,39.98391696977997,116.3644588585819,2009-05-16 08:09:10,0
41,39.8882183,116.3044216,39.98391696977997,116.3644588585819,2009-06-23 22:04:43,0
30,39.936114,116.336574,39.98391696977997,116.3644588585819,2009-01-22 02:19:44,0
68,39.758029,116.334339,39.98391696977997,116.3644588585819,2009-06-08 10:30:16,0
33,39.96123,116.340555,39.98391696977997,116.3644588585819,2009-01-12 15:39:07,0
30,40.009737,116.315254,39.98391696977997,116.3644588585819,2009-06-12 17:51:54,0
141,39.9771983333333,116.303596666667,39.98391696977997,116.3644588585819,2011-09-05 00:50:18,0
17,40.0210566,116.3452766,39.98391696977997,116.3644588585819,2009-01-16 04:42:13,0
17,39.9116349,116.3602049,39.98391696977997,116.3644588585819,2009-03-06 05:12:10,0
41,40.0034866,116.2826583,39.98391696977997,116.3644588585819,2009-05-13 22:22:00,0
153,39.971613,116.483635,39.98391696977997,116.3644588585819,2010-12-01 02:34:12,0
9,40.007879,116.344653,39.98391696977997,116.3644588585819,2008-12-01 00:19:06,0
30,40.006739,116.320233,39.98391696977997,116.3644588585819,2009-05-28 09:58:34,0
7,40.088429,116.104606,39.98391696977997,116.3644588585819,2008-11-14 07:00:57,0
126,39.98066,116.327122,39.98391696977997,116.3644588585819,2008-11-25 04:55:47,0
67,39.894875,116.221461666667,39.98391696977997,116.3644588585819,2011-05-22 22:53:40,0
17,40.04087,116.4056366,39.98391696977997,116.3644588585819,2009-04-09 10:14:25,0
41,39.9982966,116.0913716,39.98391696977997,116.3644588585819,2009-05-19 05:08:42,0
41,39.7861733,116.3415783,39.98391696977997,116.3644588585819,2009-04-16 23:39:07,0
10,39.881148,116.426479,39.98391696977997,116.3644588585819,2008-06-18 03:15:13,0
30,39.999687,116.327085,39.98391696977997,116.3644588585819,2009-05-31 09:32:12,0
35,39.990763,116.330046,39.98391696977997,116.3644588585819,2009-02-24 11:53:33,0
24,40.03199,116.464546,39.98391696977997,116.3644588585819,2009-01-22 11:44:38,0
155,39.990425,116.331903,39.98391696977997,116.3644588585819,2009-06-08 13:19:31,0
84,39.953755,116.22955,39.98391696977997,116.3644588585819,2009-04-06 07:46:15,0
85,39.960179,116.364713,39.98391696977997,116.3644588585819,2008-10-10 10:23:03,0
141,40.026305,116.401866666667,39.98391696977997,116.3644588585819,2011-09-10 07:57:08,0
11,39.9833466,116.3554716,39.98391696977997,116.3644588585819,2008-10-11 08:58:27,0
144,40.0242566,116.4027733,39.98391696977997,116.3644588585819,2009-03-07 04:32:23,0
14,39.9849983,116.3335466,39.98391696977997,116.3644588585819,2009-01-20 10:41:14,0
153,39.987607,116.432343,39.98391696977997,116.3644588585819,2011-04-27 13:59:17,0
30,39.938053,116.768512,39.98391696977997,116.3644588585819,2009-04-15 07:45:27,0
0,39.985373,116.321052,39.98391696977997,116.3644588585819,2009-04-03 09:56:30,0
17,39.8994183,116.4304583,39.98391696977997,116.3644588585819,2008-11-13 07:14:22,0
125,39.943381,116.345786,39.98391696977997,116.3644588585819,2008-06-21 06:56:41,0
29,39.854865,116.456922,39.98391696977997,116.3644588585819,2009-02-20 09:32:36,0
153,39.978655,116.448214,39.98391696977997,116.3644588585819,2010-01-13 09:55:30,0
20,39.9805566666667,116.30682,39.98391696977997,116.3644588585819,2011-08-27 07:10:24,0
165,39.9664716666667,116.325946666667,39.98391696977997,116.3644588585819,2011-11-19 07:05:41,0
65,39.8760466666667,116.094716666667,39.98391696977997,116.3644588585819,2011-10-05 07:18:05,0
67,39.914129,116.319505,39.98391696977997,116.3644588585819,2011-03-26 06:46:41,0
153,40.580427,117.153625,39.98391696977997,116.3644588585819,2009-09-19 13:28:43,0
41,39.6818366,116.65193,39.98391696977997,116.3644588585819,2009-03-18 00:03:44,0
29,39.864204,116.358976,39.98391696977997,116.3644588585819,2009-02-24 22:58:28,0
153,40.035981,116.356882,39.98391696977997,116.3644588585819,2011-03-13 04:21:54,0
22,39.991247,116.33015,39.98391696977997,116.3644588585819,2009-07-24 14:33:36,0
167,39.998915,116.3267333,39.98391696977997,116.3644588585819,2008-04-17 17:55:44,0
14,39.9779016,116.3477,39.98391696977997,116.3644588585819,2009-03-11 05:27:45,0
85,39.909881,116.367892,39.98391696977997,116.3644588585819,2008-11-01 05:21:40,0
100,39.983907996,116.309998624,39.98391696977997,116.3644588585819,2011-08-09 14:38:58,0
3,39.992342,116.309562,39.98391696977997,116.3644588585819,2009-07-02 02:34:15,0
128,39.9512616,116.3297599,39.98391696977997,116.3644588585819,2008-08-25 12:04:46,0
17,40.0138966,116.3418433,39.98391696977997,116.3644588585819,2008-12-17 07:58:13,0
96,39.991403,116.331188,39.98391696977997,116.3644588585819,2008-11-16 07:01:09,0
163,39.973027331,116.442748695,39.98391696977997,116.3644588585819,2012-01-31 08:15:00,0
50,39.995083,116.197317,39.98391696977997,116.3644588585819,2009-07-07 20:39:24,0
74,39.9751466666667,116.324451666667,39.98391696977997,116.3644588585819,2012-01-09 00:09:39,0
41,39.8744833,116.2586633,39.98391696977997,116.3644588585819,2009-06-17 11:30:55,0
74,39.97541,116.332485,39.98391696977997,116.3644588585819,2012-02-03 00:22:41,0
169,40.040932,116.405842,39.98391696977997,116.3644588585819,2010-05-28 11:28:53,0
85,39.98088,116.329331,39.98391696977997,116.3644588585819,2008-11-16 17:02:10,0
41,39.7780433,116.1627699,39.98391696977997,116.3644588585819,2009-03-02 05:25:22,0
22,39.901447,116.322632,39.98391696977997,116.3644588585819,2009-01-10 05:11:13,0
14,39.9504066,116.3493733,39.98391696977997,116.3644588585819,2009-03-18 08:18:27,0
17,40.0293566,116.3384716,39.98391696977997,116.3644588585819,2008-11-16 14:37:27,0
41,39.8496066,116.2773649,39.98391696977997,116.3644588585819,2009-06-03 03:11:37,0
153,39.914945,116.471185,39.98391696977997,116.3644588585819,2008-11-14 00:05:19,0
163,39.985438448,116.346520118,39.98391696977997,116.3644588585819,2012-04-25 20:50:19,0
24,40.388491,115.904452,39.98391696977997,116.3644588585819,2009-02-27 03:04:09,0
52,39.967687,116.314293,39.98391696977997,116.3644588585819,2008-05-31 10:55:46,0
153,40.033058,116.431001,39.98391696977997,116.3644588585819,2008-08-23 04:55:52,0
128,39.9748033,116.37642,39.98391696977997,116.3644588585819,2010-08-05 01:18:16,0
84,39.882278,116.391544,39.98391696977997,116.3644588585819,2009-05-01 11:40:34,0
142,39.980019,116.326994,39.98391696977997,116.3644588585819,2008-12-19 13:14:35,0
24,39.929442,116.26781,39.98391696977997,116.3644588585819,2009-01-22 06:12:44,0
68,39.969235,116.420111,39.98391696977997,116.3644588585819,2009-03-23 01:23:30,0
50,39.93113,116.320127,39.98391696977997,116.3644588585819,2009-07-26 08:08:11,0
167,39.999588,116.276688,39.98391696977997,116.3644588585819,2008-09-29 10:41:50,0
25,39.9847516,116.3477316,39.98391696977997,116.3644588585819,2009-04-01 03:32:37,0
163,39.994098936,116.461732736,39.98391696977997,116.3644588585819,2012-06-02 12:29:22,0
13,39.976122,116.329042,39.98391696977997,116.3644588585819,2008-10-13 04:28:44,0
10,40.357925,115.996668,39.98391696977997,116.3644588585819,2009-03-07 06:59:36,0
125,39.997637,116.365562,39.98391696977997,116.3644588585819,2008-05-23 12:33:26,0
68,39.978898,116.423834,39.98391696977997,116.3644588585819,2008-10-30 03:09:38,0
131,39.9852299,116.3406983,39.98391696977997,116.3644588585819,2009-07-03 09:18:47,0
168,40.01769,116.440586,39.98391696977997,116.3644588585819,2011-06-18 11:02:56,0
10,39.991459,116.328863,39.98391696977997,116.3644588585819,2008-10-13 00:58:01,0
17,39.9536749,116.412505,39.98391696977997,116.3644588585819,2009-03-16 02:40:07,0
167,39.969415,116.419887,39.98391696977997,116.3644588585819,2008-09-30 14:04:23,0
163,39.973936,116.443881,39.98391696977997,116.3644588585819,2010-11-20 08:02:57,0
78,40.017657,116.555064,39.98391696977997,116.3644588585819,2008-05-30 07:44:24,0
41,39.8204316,116.3386799,39.98391696977997,116.3644588585819,2009-06-03 03:19:32,0
30,40.006573,116.318201,39.98391696977997,116.3644588585819,2009-07-01 17:23:27,0
68,39.974955,116.418315,39.98391696977997,116.3644588585819,2009-06-07 02:17:37,0
141,39.979785,116.30661,39.98391696977997,116.3644588585819,2011-10-08 00:49:06,0
26,39.994397,116.331488,39.98391696977997,116.3644588585819,2009-02-20 07:11:59,0
35,39.982142,116.320534,39.98391696977997,116.3644588585819,2009-03-19 09:06:05,0
128,40.0777683,116.327345,39.98391696977997,116.3644588585819,2009-07-27 11:51:16,0
37,39.9871916,116.39997,39.98391696977997,116.3644588585819,2009-03-28 07:07:00,0
52,39.988752,116.307785,39.98391696977997,116.3644588585819,2008-05-25 07:49:07,0
115,39.98485,116.33195,39.98391696977997,116.3644588585819,2008-05-14 10:18:20,0
96,39.994908,116.387537,39.98391696977997,116.3644588585819,2008-09-07 12:25:21,0
115,39.908445,116.52659,39.98391696977997,116.3644588585819,2008-07-16 07:32:00,0
17,39.9224866,116.34653,39.98391696977997,116.3644588585819,2009-02-23 08:22:58,0
103,39.9273733,116.3011,39.98391696977997,116.3644588585819,2008-09-02 12:56:09,0
115,39.9888283,116.3809016,39.98391696977997,116.3644588585819,2008-05-20 23:41:29,0
28,39.926985,116.181647,39.98391696977997,116.3644588585819,2009-02-05 07:44:10,0
128,40.0047449,116.3312483,39.98391696977997,116.3644588585819,2009-12-14 12:23:16,0
85,39.974532,116.332219,39.98391696977997,116.3644588585819,2008-10-29 12:50:46,0
153,39.877837,116.407131,39.98391696977997,116.3644588585819,2009-04-04 08:23:59,0
122,39.917657,116.405002,39.98391696977997,116.3644588585819,2009-05-16 17:52:11,0
126,39.968641,116.418729,39.98391696977997,116.3644588585819,2008-09-29 13:10:45,0
24,40.371135,115.902942,39.98391696977997,116.3644588585819,2009-01-27 13:46:13,0
30,40.009488,116.320341,39.98391696977997,116.3644588585819,2009-03-24 10:03:59,0
130,39.757581,116.349466,39.98391696977997,116.3644588585819,2009-07-12 15:17:56,0
41,40.0187049,116.5231816,39.98391696977997,116.3644588585819,2009-03-30 01:32:00,0
14,39.9852416,116.3402633,39.98391696977997,116.3644588585819,2008-10-25 16:50:36,0
45,39.890957,116.342729,39.98391696977997,116.3644588585819,2010-06-26 17:53:58,0
167,40.006193,116.320094,39.98391696977997,116.3644588585819,2008-04-27 16:45:03,0
19,39.9315616,116.4450333,39.98391696977997,116.3644588585819,2008-12-08 09:45:43,0
125,39.979312,116.32866,39.98391696977997,116.3644588585819,2008-06-08 01:39:33,0
115,39.9857666,116.3533133,39.98391696977997,116.3644588585819,2008-06-30 00:52:48,0
128,40.0738166,116.3282916,39.98391696977997,116.3644588585819,2010-06-30 00:47:53,0
41,39.9900983,116.0688299,39.98391696977997,116.3644588585819,2009-05-19 04:43:23,0
144,40.0887999,116.4070216,39.98391696977997,116.3644588585819,2009-02-26 13:45:01,0
22,40.057956,116.403338,39.98391696977997,116.3644588585819,2009-07-20 04:19:06,0
10,39.853438,116.35758,39.98391696977997,116.3644588585819,2008-12-07 11:46:38,0
126,39.965409,116.395934,39.98391696977997,116.3644588585819,2008-12-14 06:14:53,0
128,39.9840333,116.3220599,39.98391696977997,116.3644588585819,2009-09-12 09:24:10,0
68,39.99274,116.417748,39.98391696977997,116.3644588585819,2009-07-13 23:01:13,0
30,40.000817,116.31946,39.98391696977997,116.3644588585819,2009-01-15 08:41:37,0
42,39.9073266,116.4546966,39.98391696977997,116.3644588585819,2009-02-17 02:58:13,0
153,39.965911,116.338717,39.98391696977997,116.3644588585819,2008-08-31 23:43:47,0
115,39.9752233,116.3279266,39.98391696977997,116.3644588585819,2008-05-14 10:07:39,0
62,39.9785349,116.3085816,39.98391696977997,116.3644588585819,2008-08-28 07:27:14,0
65,39.9748016666667,116.309701666667,39.98391696977997,116.3644588585819,2011-10-19 01:02:11,0
30,40.00665,116.321323,39.98391696977997,116.3644588585819,2009-05-22 05:49:25,0
39,39.894111,116.453963,39.98391696977997,116.3644588585819,2009-04-10 00:56:36,0
17,39.9732983,116.3480816,39.98391696977997,116.3644588585819,2009-03-20 12:00:54,0
25,39.98611,116.3060649,39.98391696977997,116.3644588585819,2009-03-21 06:06:05,0
68,39.963529,116.418661,39.98391696977997,116.3644588585819,2009-08-25 09:06:56,0
15,40.049125,116.303288,39.98391696977997,116.3644588585819,2008-11-15 14:20:46,0
104,39.9377433,116.34077,39.98391696977997,116.3644588585819,2008-10-10 17:22:33,0
68,40.076527,116.305239,39.98391696977997,116.3644588585819,2009-08-11 02:33:29,0
22,40.057842,116.405035,39.98391696977997,116.3644588585819,2009-07-15 15:00:19,0
179,39.985068,116.302147,39.98391696977997,116.3644588585819,2008-10-12 09:35:14,0
169,39.97504,116.38176,39.98391696977997,116.3644588585819,2010-05-20 10:42:49,0
62,39.92735,116.3194816,39.98391696977997,116.3644588585819,2008-11-05 04:59:15,0
17,39.9671366,116.4320916,39.98391696977997,116.3644588585819,2008-12-03 08:24:45,0
163,39.985456045,116.342880762,39.98391696977997,116.3644588585819,2012-04-27 09:02:40,0
96,40.004948,116.321951,39.98391696977997,116.3644588585819,2008-11-01 03:57:47,0
85,39.898638,116.34058,39.98391696977997,116.3644588585819,2008-10-28 10:29:32,0
20,39.974735,116.303171666667,39.98391696977997,116.3644588585819,2011-09-01 02:08:19,0
168,40.007124,116.394025,39.98391696977997,116.3644588585819,2011-07-21 13:45:49,0
41,39.7202416,116.6965083,39.98391696977997,116.3644588585819,2009-04-29 05:35:24,0
153,39.911657,116.428051,39.98391696977997,116.3644588585819,2010-10-06 09:08:16,0
3,39.992776,116.326343,39.98391696977997,116.3644588585819,2008-12-09 04:11:26,0
34,40.1409349,116.2560316,39.98391696977997,116.3644588585819,2009-04-20 07:09:05,0
20,39.97953,116.327388333333,39.98391696977997,116.3644588585819,2011-12-01 02:02:59,0
2,39.905978,116.367829,39.98391696977997,116.3644588585819,2008-11-12 12:04:57,0
36,39.922554,116.364653,39.98391696977997,116.3644588585819,2009-07-02 08:41:16,0
30,40.007549,116.324075,39.98391696977997,116.3644588585819,2009-07-16 03:48:06,0
65,39.973577342,116.302635153,39.98391696977997,116.3644588585819,2011-08-07 20:37:46,0
71,39.97908,116.3307,39.98391696977997,116.3644588585819,2012-04-07 15:49:16,0
35,39.981818,116.321158,39.98391696977997,116.3644588585819,2009-02-24 07:59:43,0
41,40.507875,116.6609333,39.98391696977997,116.3644588585819,2009-03-04 07:08:32,0
52,39.985087,116.352457,39.98391696977997,116.3644588585819,2008-06-05 03:13:37,0
167,39.939853,116.443023,39.98391696977997,116.3644588585819,2008-10-11 05:54:28,0
17,39.9999933,116.3466883,39.98391696977997,116.3644588585819,2009-06-13 10:43:30,0
85,39.900187,116.346724,39.98391696977997,116.3644588585819,2008-11-28 09:35:41,0
35,39.990622,116.330158,39.98391696977997,116.3644588585819,2009-02-24 12:50:23,0
68,39.96786,116.429775,39.98391696977997,116.3644588585819,2009-05-02 11:30:15,0
14,39.9794233,116.3273416,39.98391696977997,116.3644588585819,2008-10-30 06:39:00,0
73,39.9845583,116.3472883,39.98391696977997,116.3644588585819,2008-06-20 11:09:19,0
85,39.981138,116.329038,39.98391696977997,116.3644588585819,2008-11-16 07:44:04,0
128,40.0764883,116.3260083,39.98391696977997,116.3644588585819,2009-11-16 12:13:03,0
30,39.919759,116.634181,39.98391696977997,116.3644588585819,2009-03-06 13:19:47,0
126,39.974036,116.332495,39.98391696977997,116.3644588585819,2008-09-13 04:47:29,0
41,39.8669933,116.3293116,39.98391696977997,116.3644588585819,2009-04-16 00:53:26,0
17,40.3529366,116.8457699,39.98391696977997,116.3644588585819,2009-06-14 09:13:16,0
25,40.0475733,116.2523,39.98391696977997,116.3644588585819,2009-04-23 12:50:46,0
17,39.9756649,116.3958199,39.98391696977997,116.3644588585819,2009-04-20 09:45:26,0
74,39.9781016666667,116.331506666667,39.98391696977997,116.3644588585819,2012-02-02 14:23:28,0
167,39.995107,116.326488,39.98391696977997,116.3644588585819,2008-11-29 04:53:11,0
41,39.9838783,116.3014816,39.98391696977997,116.3644588585819,2009-06-05 05:32:51,0
144,40.028041,116.431078,39.98391696977997,116.3644588585819,2009-09-20 10:12:56,0
28,39.955945,116.348594,39.98391696977997,116.3644588585819,2009-02-12 01:12:13,0
2,39.902778,116.209971,39.98391696977997,116.3644588585819,2008-10-26 05:31:00,0
4,40.001875,116.324461,39.98391696977997,116.3644588585819,2009-03-24 03:49:27,0
159,39.97851,116.331116666667,39.98391696977997,116.3644588585819,2012-04-05 15:40:31,0
22,40.031164,116.313861,39.98391696977997,116.3644588585819,2009-07-15 00:15:59,0
37,39.8647066,116.4257533,39.98391696977997,116.3644588585819,2009-07-15 02:59:14,0
4,39.960413,116.296282,39.98391696977997,116.3644588585819,2009-03-03 00:50:39,0
153,39.926667,116.349876,39.98391696977997,116.3644588585819,2011-05-15 05:55:45,0
68,39.996291,116.417338,39.98391696977997,116.3644588585819,2009-01-07 08:56:12,0
96,40.036067,116.313391,39.98391696977997,116.3644588585819,2008-11-15 02:53:43,0
43,39.887816,116.678472,39.98391696977997,116.3644588585819,2009-06-23 00:55:58,0
13,40.168301,116.127956,39.98391696977997,116.3644588585819,2008-10-24 23:09:36,0
14,39.9963599,116.3749566,39.98391696977997,116.3644588585819,2009-03-14 07:39:14,0
68,39.995434,116.417496,39.98391696977997,116.3644588585819,2009-01-02 07:27:18,0
30,40.106705,116.478134,39.98391696977997,116.3644588585819,2009-06-04 12:55:13,0
41,39.9803933,116.2148633,39.98391696977997,116.3644588585819,2009-04-10 01:45:23,0
128,40.0772466,116.33712,39.98391696977997,116.3644588585819,2009-08-20 13:33:03,0
68,39.935156,116.419596,39.98391696977997,116.3644588585819,2009-07-28 01:16:18,0
4,39.96845,116.300948,39.98391696977997,116.3644588585819,2009-06-07 10:55:26,0
144,39.983011,116.445428,39.98391696977997,116.3644588585819,2009-06-07 07:22:19,0
85,40.06742,116.404707,39.98391696977997,116.3644588585819,2009-09-11 21:37:44,0
50,39.994634,116.199129,39.98391696977997,116.3644588585819,2009-07-21 14:51:06,0
65,39.9632883333333,116.321406666667,39.98391696977997,116.3644588585819,2011-10-14 10:17:43,0
68,39.960935,116.418798,39.98391696977997,116.3644588585819,2009-08-20 04:13:20,0
103,39.9842416,116.2986266,39.98391696977997,116.3644588585819,2008-08-29 09:47:20,0
35,39.981436,116.321242,39.98391696977997,116.3644588585819,2009-03-10 00:28:51,0
57,39.9792166666667,116.34285,39.98391696977997,116.3644588585819,2007-08-03 12:36:40,0
4,39.866335,116.382371,39.98391696977997,116.3644588585819,2009-01-20 10:26:21,0
41,39.9228016,116.2789383,39.98391696977997,116.3644588585819,2009-02-24 06:37:19,0
17,39.9927866,116.3467783,39.98391696977997,116.3644588585819,2009-02-17 00:21:16,0
153,39.971994,116.460089,39.98391696977997,116.3644588585819,2009-09-26 10:23:44,0
62,39.98472,116.3066683,39.98391696977997,116.3644588585819,2008-08-10 09:22:11,0
115,39.8804399,116.4539866,39.98391696977997,116.3644588585819,2008-09-02 05:07:43,0
25,40.0163816,116.3103716,39.98391696977997,116.3644588585819,2009-04-07 01:43:07,0
144,40.031175,116.4261533,39.98391696977997,116.3644588585819,2008-12-05 10:34:34,0
37,39.9782799,116.3107299,39.98391696977997,116.3644588585819,2009-01-21 08:35:33,0
35,39.981812,116.321482,39.98391696977997,116.3644588585819,2009-04-14 02:04:46,0
8,40.016944,116.309638,39.98391696977997,116.3644588585819,2008-10-29 09:10:57,0
153,39.9115933,116.367705,39.98391696977997,116.3644588585819,2008-06-07 12:48:27,0
128,39.8981583,116.3649916,39.98391696977997,116.3644588585819,2010-12-25 11:10:50,0
85,39.8763566,116.3426833,39.98391696977997,116.3644588585819,2008-09-03 23:34:30,0
11,39.9847566,116.3342566,39.98391696977997,116.3644588585819,2008-11-18 08:55:56,0
153,39.997607361,116.456644889,39.98391696977997,116.3644588585819,2011-10-27 17:49:43,0
42,39.6923416,116.3229083,39.98391696977997,116.3644588585819,2009-02-26 05:37:46,0
41,39.9867266,116.3936616,39.98391696977997,116.3644588585819,2009-06-05 05:41:06,0
143,39.983824,116.477354,39.98391696977997,116.3644588585819,2009-09-12 13:09:00,0
126,39.970998,116.422621,39.98391696977997,116.3644588585819,2008-10-02 03:19:01,0
28,39.948697,116.124919,39.98391696977997,116.3644588585819,2009-01-31 09:59:13,0
24,40.018045,116.277967,39.98391696977997,116.3644588585819,2009-05-16 00:20:35,0
85,39.991551,116.30974,39.98391696977997,116.3644588585819,2008-10-19 06:53:05,0
114,39.945572,116.26736,39.98391696977997,116.3644588585819,2010-06-07 02:07:08,0
4,39.848425,116.27769,39.98391696977997,116.3644588585819,2008-12-04 08:29:05,0
167,39.978867,116.33492,39.98391696977997,116.3644588585819,2008-06-01 05:23:19,0
62,39.9845749,116.3146449,39.98391696977997,116.3644588585819,2008-12-13 10:34:12,0
41,39.86463,116.2772533,39.98391696977997,116.3644588585819,2009-04-17 10:42:23,0
89,39.987538,116.458669,39.98391696977997,116.3644588585819,2008-05-10 11:11:11,0
52,39.920869,116.258742,39.98391696977997,116.3644588585819,2008-06-04 13:12:45,0
165,39.9754166666667,116.332815,39.98391696977997,116.3644588585819,2011-11-03 00:55:40,0
37,39.9270716,116.3042016,39.98391696977997,116.3644588585819,2009-02-20 03:52:44,0
128,40.2113566,116.263775,39.98391696977997,116.3644588585819,2009-09-19 11:39:26,0
41,39.9252533,116.2454316,39.98391696977997,116.3644588585819,2009-05-10 01:59:57,0
25,39.9972433,116.2909649,39.98391696977997,116.3644588585819,2009-03-20 01:53:24,0
78,39.974122,116.32721,39.98391696977997,116.3644588585819,2008-08-26 02:23:07,0
67,39.8649001121521,116.490563750267,39.98391696977997,116.3644588585819,2010-12-24 19:24:09,0
26,40.014219,116.311738,39.98391696977997,116.3644588585819,2009-03-22 06:00:15,0
153,39.990319,116.465861,39.98391696977997,116.3644588585819,2010-05-29 06:15:57,0
26,39.988605,116.309928,39.98391696977997,116.3644588585819,2009-04-11 05:23:27,0
134,39.9844333333333,116.310833333333,39.98391696977997,116.3644588585819,2007-04-30 15:05:32,0
128,39.9843283,116.2958016,39.98391696977997,116.3644588585819,2008-05-16 05:56:54,0
144,40.027252,116.432967,39.98391696977997,116.3644588585819,2009-07-20 20:09:07,0
128,40.0727466,116.3284083,39.98391696977997,116.3644588585819,2009-03-23 15:02:37,0
85,40.014757,116.322782,39.98391696977997,116.3644588585819,2009-09-23 14:23:11,0
12,39.906159,116.489229,39.98391696977997,116.3644588585819,2008-11-09 08:55:57,0
22,39.973364,116.332346,39.98391696977997,116.3644588585819,2009-04-30 05:24:29,0
153,40.223088,116.19599,39.98391696977997,116.3644588585819,2009-07-09 06:12:50,0
128,39.987255,116.4062016,39.98391696977997,116.3644588585819,2009-08-24 10:11:18,0
141,39.994375,116.304938333333,39.98391696977997,116.3644588585819,2011-10-08 10:19:46,0
10,39.886987,116.429375,39.98391696977997,116.3644588585819,2007-09-07 08:49:59,0
142,39.9104133,116.2679066,39.98391696977997,116.3644588585819,2008-05-23 00:22:14,0
2,39.932396,116.338043,39.98391696977997,116.3644588585819,2008-11-02 07:21:17,0
152,40.035649,116.304413,39.98391696977997,116.3644588585819,2008-08-22 03:28:18,0
163,39.953812,116.452602,39.98391696977997,116.3644588585819,2010-10-18 14:53:31,0
75,39.9744833333333,116.33117,39.98391696977997,116.3644588585819,2011-08-28 21:46:03,0
17,39.9429916,116.3514933,39.98391696977997,116.3644588585819,2009-02-18 01:59:08,0
22,46.620645,124.917218,46.61866663157895,124.9423222631579,2009-01-20 07:16:09,1
22,46.621564,124.916183,46.61866663157895,124.9423222631579,2009-01-16 16:58:33,1
22,46.621066,124.918067,46.61866663157895,124.9423222631579,2009-01-18 22:17:23,1
22,46.595339,125.028726,46.61866663157895,124.9423222631579,2009-01-15 00:50:03,1
22,46.637494,124.901423,46.61866663157895,124.9423222631579,2009-01-19 00:56:37,1
22,46.595162,125.028042,46.61866663157895,124.9423222631579,2009-01-14 02:35:00,1
22,46.595668,125.01051,46.61866663157895,124.9423222631579,2009-01-14 07:41:12,1
22,46.635374,124.900314,46.61866663157895,124.9423222631579,2009-01-18 06:10:47,1
22,46.640249,124.90024,46.61866663157895,124.9423222631579,2009-01-19 02:33:54,1
22,46.637475,124.901226,46.61866663157895,124.9423222631579,2009-01-21 03:53:54,1
22,46.621124,124.916619,46.61866663157895,124.9423222631579,2009-01-13 15:15:34,1
22,46.620948,124.917326,46.61866663157895,124.9423222631579,2009-01-18 22:15:11,1
22,46.621145,124.917065,46.61866663157895,124.9423222631579,2009-01-18 02:11:16,1
22,46.595356,125.028549,46.61866663157895,124.9423222631579,2009-01-16 02:01:42,1
22,46.635711,124.90193,46.61866663157895,124.9423222631579,2009-01-18 08:12:13,1
22,46.596053,125.029677,46.61866663157895,124.9423222631579,2009-01-16 23:38:35,1
22,46.620836,124.916923,46.61866663157895,124.9423222631579,2009-01-16 17:36:03,1
22,46.609186,124.95331,46.61866663157895,124.9423222631579,2009-01-16 06:28:09,1
22,46.634271,124.900775,46.61866663157895,124.9423222631579,2009-01-18 02:56:52,1
66,34.266743,117.199177,34.2661847948718,117.20286638461539,2009-10-07 20:24:03,2
10,34.268006,117.201778,34.2661847948718,117.20286638461539,2008-12-19 21:15:07,2
67,34.1899083333333,117.190433333333,34.2661847948718,117.20286638461539,2011-05-20 20:43:31,2
12,34.275499,117.200177,34.2661847948718,117.20286638461539,2008-11-16 18:26:23,2
66,34.2646,117.168003,34.2661847948718,117.20286638461539,2009-10-07 20:48:57,2
10,34.140951,117.16966,34.2661847948718,117.20286638461539,2008-06-19 02:48:27,2
67,34.2651833333333,117.201343333333,34.2661847948718,117.20286638461539,2011-06-16 19:09:31,2
10,34.272205,117.200894,34.2661847948718,117.20286638461539,2008-12-19 21:13:36,2
67,34.244045,117.204771666667,34.2661847948718,117.20286638461539,2011-05-20 20:39:57,2
10,34.286886,117.208478,34.2661847948718,117.20286638461539,2008-06-19 02:06:43,2
10,34.289223,117.209291,34.2661847948718,117.20286638461539,2008-06-19 02:06:21,2
10,34.348916,117.241855,34.2661847948718,117.20286638461539,2008-12-20 16:32:45,2
67,34.3482366666667,117.241401666667,34.2661847948718,117.20286638461539,2011-05-20 20:28:57,2
124,39.160013,117.205519,39.170197377777775,117.17634523280422,2008-10-03 22:15:08,3
10,39.142618,117.198508,39.170197377777775,117.17634523280422,2008-09-16 22:41:06,3
10,39.143233,117.199093,39.170197377777775,117.17634523280422,2008-10-03 22:17:39,3
67,39.1032533333333,117.168553333333,39.170197377777775,117.17634523280422,2011-05-07 08:34:04,3
6,39.121827,117.194975,39.170197377777775,117.17634523280422,2008-10-31 06:59:10,3
6,39.359118,117.044775,39.170197377777775,117.17634523280422,2008-12-07 11:02:31,3
10,39.163388,117.204693,39.170197377777775,117.17634523280422,2008-10-07 11:39:57,3
67,39.173615,117.183706666667,39.170197377777775,117.17634523280422,2011-06-17 01:29:37,3
67,39.13371,117.200973333333,39.170197377777775,117.17634523280422,2011-05-07 11:42:14,3
128,39.1321516,117.1922866,39.170197377777775,117.17634523280422,2008-11-08 07:47:35,3
10,39.146848,117.205871,39.170197377777775,117.17634523280422,2008-10-16 12:57:50,3
10,39.139578,117.198305,39.170197377777775,117.17634523280422,2009-01-24 08:49:04,3
10,39.362798,117.033646,39.170197377777775,117.17634523280422,2008-12-20 21:51:06,3
10,39.152323,117.208368,39.170197377777775,117.17634523280422,2008-09-27 13:10:59,3
10,39.153676,117.207886,39.170197377777775,117.17634523280422,2009-02-13 10:33:08,3
67,39.107115,117.163285,39.170197377777775,117.17634523280422,2011-05-07 08:04:26,3
10,39.146148,117.20647,39.170197377777775,117.17634523280422,2008-10-15 12:06:51,3
12,39.13661,117.203879,39.170197377777775,117.17634523280422,2008-11-02 06:14:05,3
10,39.133731,117.201748,39.170197377777775,117.17634523280422,2009-03-21 05:16:13,3
52,39.345245,117.130032,39.170197377777775,117.17634523280422,2008-10-02 05:20:17,3
154,39.1468333333333,117.229133333333,39.170197377777775,117.17634523280422,2007-05-03 03:02:14,3
10,39.194428,117.182959,39.170197377777775,117.17634523280422,2008-12-12 12:48:39,3
10,39.117853,117.243735,39.170197377777775,117.17634523280422,2007-09-06 22:08:40,3
10,39.164569,117.202739,39.170197377777775,117.17634523280422,2008-12-23 12:49:03,3
121,39.153304,117.179989,39.170197377777775,117.17634523280422,2009-10-04 10:33:15,3
10,39.163306,117.200478,39.170197377777775,117.17634523280422,2008-12-31 18:03:25,3
128,39.1339533,117.2011249,39.170197377777775,117.17634523280422,2008-11-08 08:07:43,3
67,39.1568583333333,117.135853333333,39.170197377777775,117.17634523280422,2011-06-17 01:21:11,3
67,39.1417583333333,117.176073333333,39.170197377777775,117.17634523280422,2011-05-07 04:22:09,3
10,39.138158,117.200218,39.170197377777775,117.17634523280422,2008-09-21 22:25:42,3
12,39.219707,117.161489,39.170197377777775,117.17634523280422,2008-11-14 13:34:11,3
10,39.13666,117.199969,39.170197377777775,117.17634523280422,2008-10-08 12:52:01,3
128,39.1323683,117.2008249,39.170197377777775,117.17634523280422,2011-01-02 04:24:31,3
4,39.297168,117.103985,39.170197377777775,117.17634523280422,2009-01-20 11:19:06,3
10,39.138461,117.216959,39.170197377777775,117.17634523280422,2009-01-03 14:20:38,3
10,39.135958,117.210103,39.170197377777775,117.17634523280422,2009-01-24 09:08:20,3
10,39.346948,117.072026,39.170197377777775,117.17634523280422,2008-09-23 13:39:29,3
10,39.334099,117.077008,39.170197377777775,117.17634523280422,2008-06-17 11:59:31,3
119,39.109722,117.214956,39.170197377777775,117.17634523280422,2008-08-29 15:54:59,3
10,39.125065,117.228741,39.170197377777775,117.17634523280422,2008-12-06 08:31:02,3
67,39.1029483333333,117.173156666667,39.170197377777775,117.17634523280422,2011-05-07 08:56:19,3
10,39.137726,117.21268,39.170197377777775,117.17634523280422,2008-10-05 22:51:34,3
10,39.140133,117.198271,39.170197377777775,117.17634523280422,2009-03-21 05:03:35,3
10,39.394038,116.948583,39.170197377777775,117.17634523280422,2008-12-19 15:14:50,3
10,39.138454,117.212678,39.170197377777775,117.17634523280422,2008-06-18 00:40:39,3
12,39.129991,117.168241,39.170197377777775,117.17634523280422,2008-11-02 04:00:50,3
10,39.134536,117.205034,39.170197377777775,117.17634523280422,2008-12-23 12:25:06,3
10,39.316093,117.089868,39.170197377777775,117.17634523280422,2008-06-18 01:27:08,3
25,39.2035766,117.1732016,39.170197377777775,117.17634523280422,2009-01-12 01:26:03,3
10,39.128649,117.223633,39.170197377777775,117.17634523280422,2008-06-28 07:15:00,3
46,39.15342,117.180123,39.170197377777775,117.17634523280422,2009-10-04 02:37:35,3
10,39.156858,117.141728,39.170197377777775,117.17634523280422,2008-06-20 12:26:07,3
67,39.1485483333333,117.143856666667,39.170197377777775,117.17634523280422,2011-05-07 09:38:16,3
67,39.1129766666667,117.203011666667,39.170197377777775,117.17634523280422,2011-05-07 05:48:02,3
10,39.165013,117.204371,39.170197377777775,117.17634523280422,2008-12-23 12:47:25,3
67,39.1524116666667,117.17914,39.170197377777775,117.17634523280422,2011-05-07 10:16:23,3
10,39.117795,117.243927,39.170197377777775,117.17634523280422,2007-09-06 21:55:58,3
154,39.1323166666667,117.2177,39.170197377777775,117.17634523280422,2007-05-01 15:40:59,3
67,39.114015,117.197023333333,39.170197377777775,117.17634523280422,2011-05-07 06:02:24,3
10,39.15692,117.145939,39.170197377777775,117.17634523280422,2008-06-20 12:26:22,3
10,39.248903,117.13965,39.170197377777775,117.17634523280422,2007-09-10 21:37:26,3
10,39.155238,117.116591,39.170197377777775,117.17634523280422,2008-06-18 17:25:29,3
10,39.137698,117.200406,39.170197377777775,117.17634523280422,2008-10-16 23:10:18,3
25,30.6169416,114.251415,30.56849635416667,114.30278733645834,2009-05-15 02:48:30,4
68,30.545755,114.291827,30.56849635416667,114.30278733645834,2009-07-31 03:20:50,4
10,30.59893,114.258065,30.56849635416667,114.30278733645834,2007-12-30 07:43:31,4
148,30.57626,114.353536666667,30.56849635416667,114.30278733645834,2011-05-22 09:10:09,4
159,30.5357716666667,114.351605,30.56849635416667,114.30278733645834,2012-04-01 02:04:04,4
68,30.525937,114.292162,30.56849635416667,114.30278733645834,2009-07-30 05:32:30,4
68,30.538599,114.307284,30.56849635416667,114.30278733645834,2009-07-30 03:32:25,4
25,30.54683,114.2976499,30.56849635416667,114.30278733645834,2009-05-14 05:22:33,4
25,30.61701,114.2513633,30.56849635416667,114.30278733645834,2009-05-15 02:48:36,4
68,30.592575,114.257869,30.56849635416667,114.30278733645834,2009-07-29 11:37:20,4
25,30.632255,114.23002,30.56849635416667,114.30278733645834,2009-05-12 05:15:35,4
148,30.5429516666667,114.362326666667,30.56849635416667,114.30278733645834,2011-05-22 08:37:16,4
25,30.5676083,114.3567899,30.56849635416667,114.30278733645834,2009-05-13 06:11:32,4
148,30.5440266666667,114.358411666667,30.56849635416667,114.30278733645834,2011-05-22 08:47:37,4
68,30.620212,114.252422,30.56849635416667,114.30278733645834,2009-07-29 11:02:44,4
68,30.542851,114.299198,30.56849635416667,114.30278733645834,2009-07-30 04:26:12,4
159,30.5575733333333,114.338238333333,30.56849635416667,114.30278733645834,2012-04-01 05:06:54,4
25,30.5152933,114.3336649,30.56849635416667,114.30278733645834,2009-05-12 14:08:16,4
25,30.5344933,114.3201733,30.56849635416667,114.30278733645834,2009-05-15 02:09:25,4
125,30.646406,114.333368,30.56849635416667,114.30278733645834,2008-09-03 18:06:33,4
25,30.5516066,114.2881716,30.56849635416667,114.30278733645834,2009-05-12 13:05:48,4
68,30.551906,114.310142,30.56849635416667,114.30278733645834,2009-07-31 08:53:52,4
168,30.627732,114.275139,30.56849635416667,114.30278733645834,2009-09-30 16:22:35,4
68,30.54153,114.297845,30.56849635416667,114.30278733645834,2009-07-31 10:19:14,4
25,30.5240083,114.3309983,30.56849635416667,114.30278733645834,2009-05-14 07:58:17,4
68,30.545838,114.292871,30.56849635416667,114.30278733645834,2009-07-31 04:19:03,4
125,30.610912,114.218884,30.56849635416667,114.30278733645834,2008-09-03 17:56:33,4
25,30.539825,114.3572033,30.56849635416667,114.30278733645834,2009-05-12 09:13:04,4
148,30.63648,114.303498333333,30.56849635416667,114.30278733645834,2011-05-14 22:46:51,4
68,30.533214,114.296009,30.56849635416667,114.30278733645834,2009-07-31 12:32:08,4
68,30.547605,114.293837,30.56849635416667,114.30278733645834,2009-07-30 13:56:58,4
25,30.5829466,114.3272066,30.56849635416667,114.30278733645834,2009-05-13 06:00:19,4
153,47.614866,-122.188313,47.64011408571428,-122.15259947857142,2010-11-10 02:44:45,5
153,47.630362,-122.137739,47.64011408571428,-122.15259947857142,2010-11-09 18:38:03,5
142,47.622927,-122.153463,47.64011408571428,-122.15259947857142,2008-04-30 17:27:09,5
153,47.629801,-122.160956,47.64011408571428,-122.15259947857142,2010-11-10 02:50:23,5
82,47.638209,-122.132821,47.64011408571428,-122.15259947857142,2008-08-06 16:55:47,5
153,47.629173,-122.136512,47.64011408571428,-122.15259947857142,2010-11-10 03:02:32,5
163,47.623388,-122.188525,47.64011408571428,-122.15259947857142,2010-11-10 02:47:12,5
82,47.629308,-122.136781,47.64011408571428,-122.15259947857142,2008-08-17 06:52:00,5
142,47.627893,-122.15259,47.64011408571428,-122.15259947857142,2008-05-01 19:26:05,5
82,47.622195,-122.132567,47.64011408571428,-122.15259947857142,2008-08-13 01:32:07,5
128,47.7004966,-122.2777499,47.64011408571428,-122.15259947857142,2009-02-27 18:35:53,5
140,47.6712949,-122.1182716,47.64011408571428,-122.15259947857142,2009-07-27 08:14:04,5
163,47.637865,-122.137537,47.64011408571428,-122.15259947857142,2009-02-27 04:40:54,5
82,47.627936,-122.141577,47.64011408571428,-122.15259947857142,2008-08-03 02:31:20,5
142,47.631873,-122.139503,47.64011408571428,-122.15259947857142,2008-04-28 20:24:35,5
82,47.631443,-122.137551,47.64011408571428,-122.15259947857142,2008-08-04 01:25:19,5
142,47.6318119,-122.139317,47.64011408571428,-122.15259947857142,2008-04-27 18:46:51,5
82,47.629308,-122.136824,47.64011408571428,-122.15259947857142,2008-08-17 06:42:26,5
140,47.65189,-122.1340049,47.64011408571428,-122.15259947857142,2009-07-28 03:42:52,5
153,47.631559,-122.139249,47.64011408571428,-122.15259947857142,2010-11-12 04:39:08,5
82,47.62268,-122.132702,47.64011408571428,-122.15259947857142,2008-08-13 02:48:41,5
153,47.754821,-122.185941,47.64011408571428,-122.15259947857142,2010-11-11 04:18:26,5
142,47.630972,-122.136,47.64011408571428,-122.15259947857142,2008-04-28 06:49:29,5
163,47.673522,-122.186029,47.64011408571428,-122.15259947857142,2010-11-11 04:23:56,5
163,47.631568,-122.141032,47.64011408571428,-122.15259947857142,2010-11-10 17:07:19,5
82,47.653527,-122.134577,47.64011408571428,-122.15259947857142,2008-08-06 23:36:11,5
142,47.612332,-122.197767,47.64011408571428,-122.15259947857142,2008-05-02 19:19:23,5
82,47.630173,-122.136886,47.64011408571428,-122.15259947857142,2008-08-05 15:32:13,5
10,30.054373,118.153035,30.078361166666667,118.19223533333333,2007-12-29 13:22:58,6
10,30.13031,118.18144,30.078361166666667,118.19223533333333,2007-12-29 08:43:16,6
10,30.09946,118.2064,30.078361166666667,118.19223533333333,2007-12-29 13:10:58,6
10,30.097605,118.21828,30.078361166666667,118.19223533333333,2007-12-28 18:58:41,6
168,30.013946,118.21645,30.078361166666667,118.19223533333333,2011-07-28 13:38:38,6
10,30.074473,118.177807,30.078361166666667,118.19223533333333,2007-12-29 13:19:38,6
25,31.5993849,120.25477,31.58491535,120.3104297,2009-01-30 01:13:20,7
25,31.5845933,120.357405,31.58491535,120.3104297,2009-01-25 04:41:57,7
25,31.5923182,120.3071533,31.58491535,120.3104297,2009-01-18 02:49:38,7
25,31.5813732,120.2900416,31.58491535,120.3104297,2009-01-30 08:27:40,7
25,31.5950699,120.3462883,31.58491535,120.3104297,2009-01-25 07:07:25,7
25,31.5758916,120.2964366,31.58491535,120.3104297,2009-01-17 04:15:14,7
25,31.5871416,120.3201083,31.58491535,120.3104297,2009-01-27 05:13:40,7
25,31.55137,120.2653183,31.58491535,120.3104297,2009-01-17 06:12:22,7
25,31.5882083,120.3003266,31.58491535,120.3104297,2009-01-18 09:13:22,7
25,31.5104516,120.2410316,31.58491535,120.3104297,2009-01-17 08:27:47,7
25,31.5849283,120.3117249,31.58491535,120.3104297,2009-01-19 08:49:46,7
62,31.5905816,120.3201266,31.58491535,120.3104297,2008-07-22 07:48:43,7
25,31.5942782,120.3455216,31.58491535,120.3104297,2009-01-25 07:08:07,7
25,31.5748716,120.2995449,31.58491535,120.3104297,2009-01-25 07:22:52,7
62,31.5925832,120.3040999,31.58491535,120.3104297,2008-07-22 11:52:45,7
10,31.624945,120.258829,31.58491535,120.3104297,2008-12-20 09:56:03,7
25,31.5614466,120.3190899,31.58491535,120.3104297,2009-02-01 07:02:41,7
25,31.6490333,120.3847333,31.58491535,120.3104297,2009-01-28 03:55:26,7
25,31.5901783,120.3249466,31.58491535,120.3104297,2009-01-18 04:47:45,7
25,31.5845049,120.3115283,31.58491535,120.3104297,2009-01-19 06:37:46,7
25,31.5839116,120.3588433,31.58491535,120.3104297,2009-01-21 08:50:40,7
25,31.58981,120.3199883,31.58491535,120.3104297,2009-01-27 05:09:35,7
25,31.5815666,120.3074766,31.58491535,120.3104297,2009-01-22 05:47:16,7
25,31.5695266,120.30498,31.58491535,120.3104297,2009-01-13 02:00:00,7
163,42.466163,117.244596,42.45557357307693,117.26398708076923,2010-08-07 03:42:16,8
163,42.518857,117.232944,42.45557357307693,117.26398708076923,2010-08-07 05:17:20,8
128,42.3728183,117.3774033,42.45557357307693,117.26398708076923,2009-07-11 07:15:02,8
163,42.461379,117.217768,42.45557357307693,117.26398708076923,2010-08-07 03:51:07,8
163,42.466041,117.269176,42.45557357307693,117.26398708076923,2010-08-07 03:23:58,8
128,42.3900016,117.3562149,42.45557357307693,117.26398708076923,2009-07-11 07:20:10,8
140,42.5789583,117.13647,42.45557357307693,117.26398708076923,2009-07-03 16:56:46,8
128,42.5044883,117.1501466,42.45557357307693,117.26398708076923,2009-07-11 09:44:36,8
128,42.5580532,117.1852783,42.45557357307693,117.26398708076923,2009-07-11 21:08:15,8
153,42.437924,117.266295,42.45557357307693,117.26398708076923,2010-08-07 03:20:23,8
163,42.400984,117.277765,42.45557357307693,117.26398708076923,2010-08-08 05:19:18,8
120,42.5408949,117.1548333,42.45557357307693,117.26398708076923,2009-09-20 08:21:27,8
120,42.3562749,117.3894549,42.45557357307693,117.26398708076923,2009-09-19 14:43:45,8
140,42.5794683,117.1371433,42.45557357307693,117.26398708076923,2009-07-03 16:59:40,8
128,42.4964733,117.1278783,42.45557357307693,117.26398708076923,2010-06-14 09:38:34,8
163,42.256885,117.488458,42.45557357307693,117.26398708076923,2010-08-07 00:54:14,8
163,42.46322,117.22354,42.45557357307693,117.26398708076923,2010-08-07 03:45:45,8
153,42.295499,117.513769,42.45557357307693,117.26398708076923,2010-08-07 00:59:33,8
163,42.398313,117.323543,42.45557357307693,117.26398708076923,2010-08-08 05:23:44,8
128,42.5160416,117.1858749,42.45557357307693,117.26398708076923,2010-06-14 10:41:27,8
163,42.467407,117.249272,42.45557357307693,117.26398708076923,2010-08-07 03:41:26,8
120,42.5220133,117.2313083,42.45557357307693,117.26398708076923,2009-09-20 10:09:44,8
153,42.417894,117.246389,42.45557357307693,117.26398708076923,2010-08-07 04:52:18,8
163,42.493206,117.252268,42.45557357307693,117.26398708076923,2010-08-07 05:14:37,8
163,42.54724,117.15773,42.45557357307693,117.26398708076923,2010-08-08 01:34:55,8
140,42.3384149,117.468145,42.45557357307693,117.26398708076923,2009-07-03 18:19:26,8
148,35.766735,114.27182,35.77731609629629,114.2759282518519,2011-05-14 17:31:32,9
135,35.832568,114.309609,35.77731609629629,114.2759282518519,2009-01-24 13:07:41,9
153,35.9145866,114.3396283,35.77731609629629,114.2759282518519,2008-05-09 04:19:48,9
148,35.8106433333333,114.305388333333,35.77731609629629,114.2759282518519,2011-05-14 17:29:12,9
68,35.684362,114.224934,35.77731609629629,114.2759282518519,2009-08-01 07:53:29,9
168,35.608165,114.180068,35.77731609629629,114.2759282518519,2009-09-30 08:15:06,9
67,35.758445,114.266486666667,35.77731609629629,114.2759282518519,2011-05-22 18:33:42,9
128,35.8825116,114.3281483,35.77731609629629,114.2759282518519,2008-05-01 08:23:39,9
67,35.7378283333333,114.257271666667,35.77731609629629,114.2759282518519,2011-05-22 18:31:59,9
26,37.816534,112.581223,37.82111855555556,112.57424744444444,2009-02-15 11:56:20,10
10,37.807062,112.586382,37.82111855555556,112.57424744444444,2007-10-21 21:27:40,10
10,37.816942,112.581435,37.82111855555556,112.57424744444444,2007-10-17 23:48:09,10
68,37.81669,112.580692,37.82111855555556,112.57424744444444,2009-07-16 13:20:34,10
26,37.823356,112.567979,37.82111855555556,112.57424744444444,2009-02-05 12:22:59,10
26,37.843753,112.56569,37.82111855555556,112.57424744444444,2009-02-16 07:08:27,10
68,37.816835,112.580376,37.82111855555556,112.57424744444444,2009-07-16 13:21:14,10
26,37.832409,112.562606,37.82111855555556,112.57424744444444,2009-02-01 06:56:42,10
26,37.867465,112.558041,37.82111855555556,112.57424744444444,2009-02-16 08:36:10,10
26,37.842329,112.558143,37.82111855555556,112.57424744444444,2009-02-01 04:43:31,10
26,37.787028,112.597241,37.82111855555556,112.57424744444444,2009-01-30 13:49:57,10
26,37.811721,112.583147,37.82111855555556,112.57424744444444,2009-02-05 12:46:10,10
26,37.798038,112.590791,37.82111855555556,112.57424744444444,2009-01-20 06:34:46,10
26,37.823609,112.568046,37.82111855555556,112.57424744444444,2009-02-05 11:11:40,10
10,37.821155,112.580685,37.82111855555556,112.57424744444444,2007-10-21 19:23:37,10
10,37.853223,112.57912,37.82111855555556,112.57424744444444,2007-10-21 19:35:09,10
26,37.737662,112.555644,37.82111855555556,112.57424744444444,2009-02-02 06:30:05,10
26,37.864323,112.559213,37.82111855555556,112.57424744444444,2009-02-01 08:08:02,10
25,18.2674833,109.483805,18.258490984615385,109.49456212307693,2009-02-10 13:25:56,11
25,18.2415933,109.5026166,18.258490984615385,109.49456212307693,2009-02-12 13:03:54,11
25,18.2610983,109.4976883,18.258490984615385,109.49456212307693,2009-02-13 10:27:46,11
25,18.2985416,109.3914983,18.258490984615385,109.49456212307693,2009-02-11 10:01:45,11
25,18.2362583,109.5086699,18.258490984615385,109.49456212307693,2009-02-09 13:48:06,11
25,18.2668583,109.4968499,18.258490984615385,109.49456212307693,2009-02-14 10:27:02,11
25,18.2236933,109.5226366,18.258490984615385,109.49456212307693,2009-02-13 06:39:37,11
25,18.251275,109.5004583,18.258490984615385,109.49456212307693,2009-02-12 13:08:46,11
25,18.2939833,109.5352566,18.258490984615385,109.49456212307693,2009-02-14 10:20:51,11
25,18.2400216,109.5042033,18.258490984615385,109.49456212307693,2009-02-10 09:16:55,11
25,18.2622633,109.4918033,18.258490984615385,109.49456212307693,2009-02-10 13:20:33,11
25,18.2576699,109.5017749,18.258490984615385,109.49456212307693,2009-02-09 11:46:07,11
25,18.2596433,109.4920466,18.258490984615385,109.49456212307693,2009-02-13 10:38:57,11
148,32.9952683333333,114.037361666667,32.976846402777774,114.02497079722225,2011-05-14 20:14:57,12
153,32.97934,114.0365966,32.976846402777774,114.02497079722225,2008-05-09 00:59:18,12
153,32.9794116,114.0370866,32.976846402777774,114.02497079722225,2008-05-04 00:57:17,12
128,32.9718499,114.0141466,32.976846402777774,114.02497079722225,2008-05-05 13:35:27,12
128,32.9804166,114.0265916,32.976846402777774,114.02497079722225,2008-05-06 02:13:20,12
128,32.9722633,114.0141249,32.976846402777774,114.02497079722225,2008-05-06 02:55:07,12
153,32.9727533,114.0193449,32.976846402777774,114.02497079722225,2008-05-06 02:52:20,12
128,32.9740316,114.0230783,32.976846402777774,114.02497079722225,2008-05-06 02:49:50,12
128,32.972445,114.0172566,32.976846402777774,114.02497079722225,2008-05-02 03:15:12,12
163,32.978799,114.037397,32.976846402777774,114.02497079722225,2008-05-04 01:23:52,12
128,32.9724383,114.0147949,32.976846402777774,114.02497079722225,2008-05-06 02:02:48,12
153,32.9731399,114.0218699,32.976846402777774,114.02497079722225,2008-05-04 00:48:01,12
153,40.519033,-3.901322,40.50149285714286,-3.880757142857143,2009-04-21 12:16:44,13
163,40.477608,-3.844084,40.50149285714286,-3.880757142857143,2009-04-21 13:24:42,13
153,40.507051,-3.894262,40.50149285714286,-3.880757142857143,2009-04-21 09:48:56,13
163,40.519037,-3.901343,40.50149285714286,-3.880757142857143,2009-04-21 12:18:24,13
153,40.487962,-3.867643,40.50149285714286,-3.880757142857143,2009-04-21 09:38:17,13
163,40.517056,-3.898911,40.50149285714286,-3.880757142857143,2009-04-21 09:52:21,13
153,40.482703,-3.857735,40.50149285714286,-3.880757142857143,2009-04-21 13:22:47,13
140,41.0085983,117.9359716,40.986111732,117.93781036800002,2009-07-04 14:01:44,14
140,41.0129699,117.9450133,40.986111732,117.93781036800002,2009-04-05 10:02:24,14
167,40.981554,117.93519,40.986111732,117.93781036800002,2008-05-02 07:12:34,14
48,40.967442,117.9312,40.986111732,117.93781036800002,2009-09-02 17:11:01,14
167,41.012315,117.966839,40.986111732,117.93781036800002,2008-05-02 04:39:25,14
140,41.0124449,117.9275949,40.986111732,117.93781036800002,2009-04-06 04:52:52,14
140,41.0039366,117.9409283,40.986111732,117.93781036800002,2009-07-04 17:40:49,14
128,40.9948049,117.9604299,40.986111732,117.93781036800002,2009-09-03 21:51:46,14
128,40.9875133,117.9413133,40.986111732,117.93781036800002,2009-07-14 10:00:04,14
126,40.9795383,117.9287316,40.986111732,117.93781036800002,2008-05-02 14:39:53,14
48,40.981526,117.935316,40.986111732,117.93781036800002,2009-09-04 09:34:59,14
85,40.951891,117.954544,40.986111732,117.93781036800002,2009-09-04 08:35:28,14
140,40.9881083,117.9339366,40.986111732,117.93781036800002,2009-04-05 04:09:54,14
128,40.9903283,117.9403066,40.986111732,117.93781036800002,2009-07-14 10:22:13,14
85,40.96751,117.930943,40.986111732,117.93781036800002,2009-09-03 22:53:48,14
122,40.966026,117.936722,40.986111732,117.93781036800002,2009-09-02 16:53:01,14
128,40.99721,117.9723099,40.986111732,117.93781036800002,2009-09-03 22:29:24,14
85,40.971102,117.93031,40.986111732,117.93781036800002,2009-09-03 14:49:38,14
167,40.967686,117.935474,40.986111732,117.93781036800002,2008-05-02 05:11:43,14
140,41.0061849,117.9395483,40.986111732,117.93781036800002,2009-07-04 13:36:09,14
128,40.98139,117.9301016,40.986111732,117.93781036800002,2009-07-14 05:47:34,14
140,41.0123616,117.8991433,40.986111732,117.93781036800002,2009-07-04 16:03:35,14
167,40.976678,117.93107,40.986111732,117.93781036800002,2008-05-02 05:20:05,14
48,40.96723,117.930513,40.986111732,117.93781036800002,2009-09-02 20:41:37,14
140,40.966444,117.931809,40.986111732,117.93781036800002,2009-09-02 10:56:30,14
163,25.276877,110.292996,25.273640052631578,110.22650494736843,2010-12-23 12:59:52,15
153,25.298015,110.163187,25.273640052631578,110.22650494736843,2010-12-25 02:01:41,15
153,25.26822,110.279234,25.273640052631578,110.22650494736843,2010-12-27 02:09:22,15
163,25.276105,110.259198,25.273640052631578,110.22650494736843,2010-12-23 05:32:39,15
153,25.264448,110.262718,25.273640052631578,110.22650494736843,2010-12-25 10:05:29,15
163,25.27007,110.288505,25.273640052631578,110.22650494736843,2010-12-24 07:35:38,15
163,25.298487,110.161481,25.273640052631578,110.22650494736843,2010-12-25 09:43:29,15
163,25.259687,110.263217,25.273640052631578,110.22650494736843,2010-12-25 01:14:46,15
153,25.265976,110.190503,25.273640052631578,110.22650494736843,2010-12-25 01:41:42,15
163,25.264431,110.269517,25.273640052631578,110.22650494736843,2010-12-25 01:01:39,15
163,25.348971,110.1076,25.273640052631578,110.22650494736843,2010-12-25 09:34:48,15
163,25.274445,110.299573,25.273640052631578,110.22650494736843,2010-12-26 00:26:09,15
153,25.235337,110.052664,25.273640052631578,110.22650494736843,2010-12-23 05:08:43,15
163,25.276027,110.28614,25.273640052631578,110.22650494736843,2010-12-23 06:16:55,15
153,25.264417,110.260191,25.273640052631578,110.22650494736843,2010-12-25 10:01:35,15
163,25.273717,110.289319,25.273640052631578,110.22650494736843,2010-12-23 06:40:47,15
153,25.263467,110.192657,25.273640052631578,110.22650494736843,2010-12-23 05:23:06,15
153,25.244346,110.127372,25.273640052631578,110.22650494736843,2010-12-27 02:37:26,15
163,25.276118,110.257522,25.273640052631578,110.22650494736843,2010-12-23 05:32:26,15
144,7.981311,98.363817,7.979165499999999,98.3661327,2009-03-21 11:01:01,16
144,7.875635,98.388606,7.979165499999999,98.3661327,2009-03-21 11:58:30,16
144,7.919625,98.369371,7.979165499999999,98.3661327,2009-03-25 05:02:48,16
144,8.053302,98.338714,7.979165499999999,98.3661327,2009-03-21 10:48:40,16
144,7.965722,98.375248,7.979165499999999,98.3661327,2009-03-22 08:25:20,16
144,7.971983,98.369032,7.979165499999999,98.3661327,2009-03-25 10:23:01,16
144,8.132104,98.34037,7.979165499999999,98.3661327,2009-03-22 08:05:04,16
144,7.914103,98.39321,7.979165499999999,98.3661327,2009-03-22 02:02:15,16
144,7.906323,98.37973,7.979165499999999,98.3661327,2009-03-25 02:54:49,16
144,8.071547,98.343229,7.979165499999999,98.3661327,2009-03-22 02:21:21,16
2,37.417577,110.772658,37.40769816666667,110.77359483333333,2009-01-27 03:19:49,17
2,37.416679,110.771836,37.40769816666667,110.77359483333333,2009-01-28 08:07:10,17
2,37.41609,110.772247,37.40769816666667,110.77359483333333,2009-01-27 08:14:26,17
2,37.41467,110.773025,37.40769816666667,110.77359483333333,2009-01-24 07:44:27,17
2,37.416677,110.772212,37.40769816666667,110.77359483333333,2009-01-28 04:06:38,17
2,37.364496,110.779591,37.40769816666667,110.77359483333333,2009-01-29 12:14:38,17
163,22.238651398,114.19315141,22.2750696085,114.16738298119999,2012-05-07 18:47:07,18
163,22.237488979,114.195490679,22.2750696085,114.16738298119999,2012-05-07 18:53:38,18
163,22.279112019,114.18277665,22.2750696085,114.16738298119999,2012-05-06 15:01:42,18
128,22.3034999,114.1602283,22.2750696085,114.16738298119999,2008-11-20 07:35:48,18
163,22.246833213,114.176226541,22.2750696085,114.16738298119999,2012-05-07 11:57:33,18
153,22.34891894,114.087344244,22.2750696085,114.16738298119999,2012-05-06 13:19:59,18
128,22.3013499,114.1679066,22.2750696085,114.16738298119999,2008-11-20 07:53:43,18
163,22.234292406,114.170911047,22.2750696085,114.16738298119999,2012-05-07 17:07:23,18
163,22.27930773,114.161107741,22.2750696085,114.16738298119999,2012-05-08 11:23:01,18
128,22.2812416,114.1786866,22.2750696085,114.16738298119999,2008-11-20 10:20:40,18
36,22.566965,113.897864,22.54385261,113.97835181,2009-02-03 10:38:13,19
144,22.5322449,114.0756616,22.54385261,113.97835181,2008-11-13 10:43:23,19
122,22.538363,113.973604,22.54385261,113.97835181,2009-07-21 13:20:52,19
122,22.536489,113.980535,22.54385261,113.97835181,2009-07-22 23:13:55,19
25,22.5355433,113.9696033,22.54385261,113.97835181,2008-12-30 05:46:27,19
122,22.53524,113.999398,22.54385261,113.97835181,2009-07-21 14:48:58,19
122,22.542031,113.972251,22.54385261,113.97835181,2009-07-21 22:58:55,19
128,22.5782299,113.8809166,22.54385261,113.97835181,2008-11-24 08:15:38,19
122,22.53571,113.983983,22.54385261,113.97835181,2009-07-22 20:10:31,19
128,22.53771,114.0497016,22.54385261,113.97835181,2008-11-23 09:26:00,19
163,27.688737827,117.986883042,27.656768166666666,117.95780627822222,2011-12-22 15:56:03,20
153,27.644967632,117.967640724,27.656768166666666,117.95780627822222,2011-12-23 15:39:28,20
153,27.679568307,117.980755542,27.656768166666666,117.95780627822222,2011-12-22 15:57:55,20
153,27.639090306,117.949211179,27.656768166666666,117.95780627822222,2011-12-23 15:17:56,20
153,27.644135212,117.966899393,27.656768166666666,117.95780627822222,2011-12-23 10:45:43,20
163,27.640821677,117.920029884,27.656768166666666,117.95780627822222,2011-12-23 11:26:36,20
163,27.681310642,117.984926308,27.656768166666666,117.95780627822222,2011-12-22 08:23:08,20
153,27.640309613,117.92092833,27.656768166666666,117.95780627822222,2011-12-23 11:27:32,20
153,27.651972284,117.942982102,27.656768166666666,117.95780627822222,2011-12-23 13:00:19,20
140,42.3585133,-71.0949683,42.35931164871429,-71.09281957757143,2009-07-24 05:40:50,21
163,42.361147747,-71.081688299,42.35931164871429,-71.09281957757143,2012-04-12 07:20:43,21
163,42.374565893,-71.116631078,42.35931164871429,-71.09281957757143,2012-04-07 23:11:43,21
163,42.354017605,-71.109890684,42.35931164871429,-71.09281957757143,2012-04-06 03:15:43,21
163,42.348676902,-71.106807061,42.35931164871429,-71.09281957757143,2012-04-08 00:16:37,21
163,42.358475194,-71.093570021,42.35931164871429,-71.09281957757143,2012-04-13 20:30:48,21
140,42.3597849,-71.0461816,42.35931164871429,-71.09281957757143,2009-07-23 10:01:39,21
63,31.88579,117.310074,31.881599805555556,117.27206986111116,2010-12-09 20:18:17,22
67,31.9094,117.267341666667,31.881599805555556,117.27206986111116,2011-05-22 09:48:07,22
67,31.9512916666667,117.281365,31.881599805555556,117.27206986111116,2011-05-20 23:30:09,22
67,31.8727533333333,117.245003333333,31.881599805555556,117.27206986111116,2011-05-22 08:53:07,22
63,31.840838,117.248104,31.881599805555556,117.27206986111116,2010-12-07 17:22:43,22
67,31.970625,117.266495,31.881599805555556,117.27206986111116,2011-05-20 23:27:46,22
63,31.842381,117.248749,31.881599805555556,117.27206986111116,2010-12-08 22:04:46,22
67,31.8864566666667,117.29312,31.881599805555556,117.27206986111116,2011-05-22 08:59:23,22
67,31.88631,117.240671666667,31.881599805555556,117.27206986111116,2011-05-22 09:50:04,22
67,31.8411316666667,117.2614,31.881599805555556,117.27206986111116,2011-06-11 00:25:08,22
10,31.795107,117.306573,31.881599805555556,117.27206986111116,2007-12-28 10:56:18,22
67,31.8971133333333,117.295941666667,31.881599805555556,117.27206986111116,2011-05-20 23:36:46,22
10,38.856183,115.46837,38.89329576190476,115.50763509523814,2007-10-22 03:49:12,23
84,38.882829,115.497167,38.89329576190476,115.50763509523814,2008-09-25 10:34:58,23
159,38.9446433333333,115.559966666667,38.89329576190476,115.50763509523814,2012-03-31 14:09:09,23
163,38.862112,115.473359,38.89329576190476,115.50763509523814,2008-05-04 07:14:30,23
163,38.921713,115.539903,38.89329576190476,115.50763509523814,2008-05-04 07:21:06,23
67,38.85359,115.466051666667,38.89329576190476,115.50763509523814,2011-05-22 21:38:39,23
67,38.932,115.548628333333,38.89329576190476,115.50763509523814,2011-05-22 21:45:22,23
153,32.713905,-117.175407,32.712906600000004,-117.16629660000001,2011-08-20 23:21:43,24
153,32.710574,-117.166991,32.712906600000004,-117.16629660000001,2011-08-18 00:22:17,24
153,32.711589,-117.164641,32.712906600000004,-117.16629660000001,2011-08-17 22:20:31,24
153,32.711542,-117.165864,32.712906600000004,-117.16629660000001,2011-08-21 02:50:14,24
153,32.716923,-117.15858,32.712906600000004,-117.16629660000001,2011-08-18 02:37:33,24
167,39.819738,119.482479,39.83680610720721,119.49406217027027,2008-06-08 04:54:16,25
67,39.99747,119.743335,39.83680610720721,119.49406217027027,2011-06-04 08:50:13,25
167,39.8171,119.470082,39.83680610720721,119.49406217027027,2008-08-08 02:35:46,25
128,39.8467716,119.5161249,39.83680610720721,119.49406217027027,2009-08-07 10:59:51,25
128,39.7825599,119.4176033,39.83680610720721,119.49406217027027,2008-08-12 00:37:53,25
167,39.818839,119.481975,39.83680610720721,119.49406217027027,2008-06-08 07:07:39,25
128,39.7853216,119.4178166,39.83680610720721,119.49406217027027,2008-08-12 01:14:52,25
126,39.814787,119.483143,39.83680610720721,119.49406217027027,2008-06-09 02:30:43,25
126,39.813069,119.482658,39.83680610720721,119.49406217027027,2008-06-07 08:01:31,25
67,39.947805,119.725063333333,39.83680610720721,119.49406217027027,2011-06-06 05:33:50,25
167,39.850048,119.416827,39.83680610720721,119.49406217027027,2008-06-07 04:44:27,25
167,39.804532,119.446736,39.83680610720721,119.49406217027027,2008-08-08 02:31:34,25
126,39.814801,119.483042,39.83680610720721,119.49406217027027,2008-06-08 04:24:49,25
115,39.7916349,119.4244416,39.83680610720721,119.49406217027027,2008-05-01 08:16:10,25
167,39.814193,119.482965,39.83680610720721,119.49406217027027,2008-06-09 02:31:50,25
67,39.8243316666667,119.501778333333,39.83680610720721,119.49406217027027,2011-06-04 10:10:07,25
41,39.9092099,119.5639999,39.83680610720721,119.49406217027027,2009-07-11 08:25:32,25
167,39.821653,119.477889,39.83680610720721,119.49406217027027,2008-08-08 11:10:14,25
126,39.819017,119.481452,39.83680610720721,119.49406217027027,2008-06-09 02:20:46,25
167,39.813964,119.483009,39.83680610720721,119.49406217027027,2008-06-08 09:40:24,25
144,39.9338516,119.3907249,39.83680610720721,119.49406217027027,2008-09-30 19:53:23,25
167,39.820832,119.479288,39.83680610720721,119.49406217027027,2008-06-07 07:43:54,25
167,39.817958,119.498248,39.83680610720721,119.49406217027027,2008-08-10 02:12:47,25
67,39.9862533333333,119.703028333333,39.83680610720721,119.49406217027027,2011-06-04 08:56:18,25
167,39.850309,119.41558,39.83680610720721,119.49406217027027,2008-06-07 04:38:47,25
167,39.819834,119.482421,39.83680610720721,119.49406217027027,2008-06-08 04:54:37,25
167,39.820167,119.481978,39.83680610720721,119.49406217027027,2008-06-08 05:43:32,25
126,39.821204,119.475682,39.83680610720721,119.49406217027027,2008-06-08 06:09:40,25
84,39.812792,119.465209,39.83680610720721,119.49406217027027,2009-05-02 10:08:47,25
67,39.9264016666667,119.573276666667,39.83680610720721,119.49406217027027,2011-06-04 09:45:00,25
167,39.820922,119.479282,39.83680610720721,119.49406217027027,2008-06-07 06:48:47,25
167,39.826483,119.499604,39.83680610720721,119.49406217027027,2008-08-09 11:35:11,25
115,39.8292516,119.5047466,39.83680610720721,119.49406217027027,2008-05-01 04:38:32,25
167,39.816579,119.483053,39.83680610720721,119.49406217027027,2008-06-07 07:55:59,25
126,39.81237,119.4872,39.83680610720721,119.49406217027027,2008-06-08 07:31:00,25
84,39.814976,119.471632,39.83680610720721,119.49406217027027,2009-05-02 09:56:02,25
126,39.817925,119.412493,39.83680610720721,119.49406217027027,2008-08-08 02:23:04,25
126,39.82644,119.499448,39.83680610720721,119.49406217027027,2008-08-10 03:20:51,25
67,39.8140283333333,119.473766666667,39.83680610720721,119.49406217027027,2011-06-04 13:24:43,25
126,39.850111,119.416659,39.83680610720721,119.49406217027027,2008-06-07 05:51:54,25
62,39.8190866,119.47469,39.83680610720721,119.49406217027027,2008-08-31 06:19:12,25
167,39.816261,119.482908,39.83680610720721,119.49406217027027,2008-06-08 09:46:24,25
67,39.8342316666667,119.522783333333,39.83680610720721,119.49406217027027,2011-06-05 12:16:46,25
126,39.821993,119.476228,39.83680610720721,119.49406217027027,2008-06-08 10:30:26,25
128,39.7946833,119.43,39.83680610720721,119.49406217027027,2008-08-12 02:23:47,25
126,39.821775,119.477878,39.83680610720721,119.49406217027027,2008-08-08 10:04:24,25
126,39.818322,119.48122,39.83680610720721,119.49406217027027,2008-06-09 04:10:43,25
126,39.743997,119.332162,39.83680610720721,119.49406217027027,2008-08-09 02:21:11,25
167,39.817891,119.481663,39.83680610720721,119.49406217027027,2008-06-07 06:37:03,25
128,39.7890449,119.4235383,39.83680610720721,119.49406217027027,2008-08-09 13:35:04,25
167,39.816315,119.499406,39.83680610720721,119.49406217027027,2008-06-08 03:27:58,25
67,39.9507383333333,119.734955,39.83680610720721,119.49406217027027,2011-06-06 05:34:48,25
128,39.7951116,119.41727,39.83680610720721,119.49406217027027,2008-08-09 11:53:16,25
126,39.815348,119.514778,39.83680610720721,119.49406217027027,2008-06-08 03:53:40,25
62,39.8215749,119.4782166,39.83680610720721,119.49406217027027,2008-09-02 05:25:43,25
78,39.826711,119.514674,39.83680610720721,119.49406217027027,2008-07-25 15:16:50,25
167,39.819708,119.482512,39.83680610720721,119.49406217027027,2008-06-08 04:54:08,25
126,39.82652,119.499607,39.83680610720721,119.49406217027027,2008-08-09 11:26:57,25
167,39.818208,119.48115,39.83680610720721,119.49406217027027,2008-06-09 02:22:35,25
126,39.763726,119.274436,39.83680610720721,119.49406217027027,2008-06-09 11:04:02,25
167,39.826483,119.499604,39.83680610720721,119.49406217027027,2008-08-09 11:35:13,25
167,39.821582,119.478115,39.83680610720721,119.49406217027027,2008-06-08 02:11:34,25
140,40.0358049,119.8168516,39.83680610720721,119.49406217027027,2008-10-12 08:36:56,25
167,39.820819,119.478806,39.83680610720721,119.49406217027027,2008-06-08 06:02:24,25
167,39.817262,119.48249,39.83680610720721,119.49406217027027,2008-06-09 02:25:34,25
167,39.815074,119.495285,39.83680610720721,119.49406217027027,2008-06-08 04:10:21,25
167,39.821659,119.477888,39.83680610720721,119.49406217027027,2008-08-08 11:19:22,25
67,39.9293683333333,119.583748333333,39.83680610720721,119.49406217027027,2011-06-06 04:50:23,25
167,39.819933,119.482173,39.83680610720721,119.49406217027027,2008-06-09 04:49:04,25
67,39.9532333333333,119.615095,39.83680610720721,119.49406217027027,2011-06-04 09:14:23,25
67,39.9328533333333,119.597506666667,39.83680610720721,119.49406217027027,2011-06-06 05:06:53,25
128,39.7956683,119.4185183,39.83680610720721,119.49406217027027,2008-08-09 11:40:57,25
167,39.832758,119.475926,39.83680610720721,119.49406217027027,2008-08-09 10:58:43,25
67,39.8243733333333,119.502778333333,39.83680610720721,119.49406217027027,2011-06-04 10:10:00,25
163,25.193682,110.391856,25.130289083333334,110.42581500000001,2010-12-24 07:05:22,26
153,25.115934,110.426024,25.130289083333334,110.42581500000001,2010-12-24 01:17:22,26
163,25.113065,110.423989,25.130289083333334,110.42581500000001,2010-12-24 01:18:14,26
163,25.105393,110.418303,25.130289083333334,110.42581500000001,2010-12-26 02:37:44,26
153,25.101327,110.427579,25.130289083333334,110.42581500000001,2010-12-24 04:35:12,26
163,25.110858,110.424193,25.130289083333334,110.42581500000001,2010-12-24 04:36:57,26
153,25.116515,110.439611,25.130289083333334,110.42581500000001,2010-12-24 04:40:53,26
163,25.176613,110.43608,25.130289083333334,110.42581500000001,2010-12-24 01:05:46,26
163,25.149807,110.429138,25.130289083333334,110.42581500000001,2010-12-26 02:04:03,26
163,25.096636,110.438045,25.130289083333334,110.42581500000001,2010-12-24 04:33:26,26
153,25.122073,110.427155,25.130289083333334,110.42581500000001,2010-12-26 02:26:18,26
163,25.161566,110.427807,25.130289083333334,110.42581500000001,2010-12-24 06:52:38,26
153,48.852184,2.355697,48.8622285,2.3307371,2009-04-26 15:20:48,27
153,48.853466,2.34757,48.8622285,2.3307371,2009-04-26 13:34:47,27
163,48.860091,2.291015,48.8622285,2.3307371,2009-04-26 19:48:14,27
153,48.871035,2.345482,48.8622285,2.3307371,2009-04-27 09:19:58,27
153,48.862196,2.289058,48.8622285,2.3307371,2009-04-26 18:48:42,27
153,48.857775,2.337362,48.8622285,2.3307371,2009-04-28 16:19:21,27
163,48.867507,2.308026,48.8622285,2.3307371,2009-04-28 13:25:33,27
153,48.871456,2.343147,48.8622285,2.3307371,2009-04-28 17:38:19,27
163,48.855202,2.346913,48.8622285,2.3307371,2009-04-26 12:45:30,27
153,48.871373,2.343101,48.8622285,2.3307371,2009-04-26 11:18:54,27
144,36.9965249,111.8341016,37.01765456,111.86147667999998,2009-01-20 11:23:21,28
10,37.063343,111.893087,37.01765456,111.86147667999998,2007-10-21 11:48:12,28
144,37.0246383,111.8327066,37.01765456,111.86147667999998,2009-01-27 10:53:33,28
144,36.9848233,111.8208116,37.01765456,111.86147667999998,2009-01-27 11:04:40,28
144,37.0189433,111.9266766,37.01765456,111.86147667999998,2009-01-23 05:04:26,28
3,31.999384,120.842872,32.013001833333334,120.88903499999999,2009-01-25 14:44:41,29
3,32.006347,120.849716,32.013001833333334,120.88903499999999,2009-01-25 07:25:46,29
3,32.047833,121.005325,32.013001833333334,120.88903499999999,2009-02-04 04:59:31,29
3,32.016744,120.861641,32.013001833333334,120.88903499999999,2009-01-23 07:51:18,29
3,32.005191,120.851422,32.013001833333334,120.88903499999999,2009-01-26 00:33:45,29
3,32.002512,120.923234,32.013001833333334,120.88903499999999,2009-01-29 08:13:27,29
153,23.434173981,120.61676754,23.465204863692307,120.6648992383077,2012-05-13 10:36:48,30
153,23.475783178,120.711491818,23.465204863692307,120.6648992383077,2012-05-14 11:48:06,30
163,23.489300056,120.754779392,23.465204863692307,120.6648992383077,2012-05-14 11:30:40,30
163,23.513178932,120.810549458,23.465204863692307,120.6648992383077,2012-05-14 06:22:54,30
153,23.471278504,120.704422739,23.465204863692307,120.6648992383077,2012-05-14 11:49:43,30
153,23.443518054,120.540451328,23.465204863692307,120.6648992383077,2012-05-13 10:21:41,30
153,23.436090926,120.616121558,23.465204863692307,120.6648992383077,2012-05-14 12:28:40,30
153,23.466060449,120.689292879,23.465204863692307,120.6648992383077,2012-05-14 11:53:14,30
163,23.517558005,120.808311626,23.465204863692307,120.6648992383077,2012-05-14 08:05:28,30
163,23.450745039,120.484853105,23.465204863692307,120.6648992383077,2012-05-14 13:37:03,30
163,23.449875522,120.571974666,23.465204863692307,120.6648992383077,2012-05-13 10:25:34,30
163,23.467076681,120.695968078,23.465204863692307,120.6648992383077,2012-05-13 14:48:52,30
153,23.433023901,120.638705911,23.465204863692307,120.6648992383077,2012-05-13 10:43:16,30
31,40.142546,116.983768,40.153763372727276,117.1011286590909,2009-01-23 21:34:04,31
41,40.1095866,117.0595033,40.153763372727276,117.1011286590909,2009-07-09 02:35:30,31
41,40.0925783,117.1017083,40.153763372727276,117.1011286590909,2009-05-09 06:16:42,31
128,40.2535849,117.1647399,40.153763372727276,117.1011286590909,2009-10-17 04:10:30,31
128,40.249995,117.15928,40.153763372727276,117.1011286590909,2009-10-17 03:46:19,31
41,40.1020416,117.1077816,40.153763372727276,117.1011286590909,2009-04-28 07:57:54,31
24,40.151209,116.93166,40.153763372727276,117.1011286590909,2009-03-17 07:28:50,31
128,40.1822233,117.1798883,40.153763372727276,117.1011286590909,2009-10-17 05:40:02,31
41,40.1323183,117.1013583,40.153763372727276,117.1011286590909,2009-04-24 06:41:40,31
41,40.1071466,117.1228083,40.153763372727276,117.1011286590909,2009-04-24 00:43:42,31
140,40.240635,117.0371983,40.153763372727276,117.1011286590909,2009-05-02 06:14:34,31
41,40.1794283,117.2768633,40.153763372727276,117.1011286590909,2009-04-08 02:02:09,31
31,40.14533,117.049803,40.153763372727276,117.1011286590909,2009-01-23 08:34:43,31
41,40.07937,117.0413666,40.153763372727276,117.1011286590909,2009-05-09 06:13:20,31
68,40.145971,116.97018,40.153763372727276,117.1011286590909,2009-04-18 01:59:28,31
12,40.261541,117.233768,40.153763372727276,117.1011286590909,2008-10-25 02:28:57,31
37,40.0671516,117.1842299,40.153763372727276,117.1011286590909,2009-04-02 07:11:31,31
12,40.264828,117.239004,40.153763372727276,117.1011286590909,2008-10-25 04:59:19,31
41,40.0885099,117.0836449,40.153763372727276,117.1011286590909,2009-04-08 01:45:27,31
41,40.1435266,117.2083983,40.153763372727276,117.1011286590909,2009-04-24 00:53:02,31
41,40.0907266,117.0933699,40.153763372727276,117.1011286590909,2009-05-09 00:43:41,31
41,40.1525466,116.8945083,40.153763372727276,117.1011286590909,2009-06-10 06:54:33,31
0,31.239089,121.478855,31.2320311158217,121.4635326114961,2009-05-23 04:37:23,32
3,31.294043,121.545749,31.2320311158217,121.4635326114961,2009-03-22 10:51:37,32
153,31.183299,121.471124,31.2320311158217,121.4635326114961,2010-08-28 06:11:06,32
25,31.2292049,121.4771433,31.2320311158217,121.4635326114961,2009-05-04 07:10:12,32
25,31.2402866,121.4915116,31.2320311158217,121.4635326114961,2009-01-16 04:16:25,32
25,31.2274533,121.4926799,31.2320311158217,121.4635326114961,2009-01-15 10:53:06,32
10,31.254614,121.444171,31.2320311158217,121.4635326114961,2008-12-20 10:44:30,32
3,31.171367,121.393153,31.2320311158217,121.4635326114961,2009-05-22 10:39:55,32
25,31.1951549,121.4050133,31.2320311158217,121.4635326114961,2009-05-03 04:13:21,32
3,31.223078,121.42238,31.2320311158217,121.4635326114961,2009-05-23 07:25:23,32
25,31.2351516,121.4881583,31.2320311158217,121.4635326114961,2009-05-15 00:16:44,32
12,31.320919,121.543681,31.2320311158217,121.4635326114961,2008-11-16 07:16:45,32
4,31.232258,121.470842,31.2320311158217,121.4635326114961,2009-05-23 03:20:01,32
25,31.2298183,121.4570783,31.2320311158217,121.4635326114961,2009-01-15 06:47:03,32
163,31.18507,121.489271,31.2320311158217,121.4635326114961,2010-08-28 03:26:37,32
128,31.2366683,121.5023916,31.2320311158217,121.4635326114961,2010-09-09 12:03:04,32
0,31.16996,121.400706,31.2320311158217,121.4635326114961,2009-05-22 09:50:39,32
153,31.202917947,121.398650261,31.2320311158217,121.4635326114961,2012-01-15 21:23:36,32
0,31.201436,121.392695,31.2320311158217,121.4635326114961,2009-06-28 03:18:22,32
25,31.2269783,121.47205,31.2320311158217,121.4635326114961,2009-05-04 06:59:30,32
0,31.221169,121.416314,31.2320311158217,121.4635326114961,2009-05-22 14:05:13,32
3,31.196289,121.435521,31.2320311158217,121.4635326114961,2009-05-22 12:18:20,32
25,31.1964683,121.4476633,31.2320311158217,121.4635326114961,2009-05-04 09:04:01,32
67,31.2989833333333,121.500603333333,31.2320311158217,121.4635326114961,2011-05-14 11:34:41,32
25,31.2285533,121.4924366,31.2320311158217,121.4635326114961,2009-01-15 10:55:29,32
25,31.2211,121.4209766,31.2320311158217,121.4635326114961,2009-05-04 04:16:18,32
25,31.2341616,121.4550166,31.2320311158217,121.4635326114961,2009-05-04 03:41:21,32
0,31.293974,121.485955,31.2320311158217,121.4635326114961,2009-06-29 01:59:30,32
25,31.2409666,121.484515,31.2320311158217,121.4635326114961,2009-05-15 11:50:54,32
12,31.321978,121.547365,31.2320311158217,121.4635326114961,2008-11-16 08:56:48,32
158,31.301516,121.497197,31.2320311158217,121.4635326114961,2009-02-18 04:54:39,32
4,31.231239,121.470292,31.2320311158217,121.4635326114961,2009-05-23 03:15:46,32
25,31.201425,121.4670699,31.2320311158217,121.4635326114961,2009-05-05 01:49:50,32
25,31.2208749,121.4243366,31.2320311158217,121.4635326114961,2009-05-04 03:54:43,32
163,31.197128,121.478468,31.2320311158217,121.4635326114961,2010-08-28 10:01:06,32
25,31.2303666,121.4736649,31.2320311158217,121.4635326114961,2009-05-03 07:58:44,32
158,31.292037,121.492788,31.2320311158217,121.4635326114961,2009-02-18 01:33:21,32
163,31.233857,121.471725,31.2320311158217,121.4635326114961,2010-08-29 05:31:09,32
3,31.21966,121.412039,31.2320311158217,121.4635326114961,2009-05-23 08:06:13,32
0,31.194716,121.436452,31.2320311158217,121.4635326114961,2009-05-22 11:46:40,32
25,31.2246016,121.44047,31.2320311158217,121.4635326114961,2009-01-15 04:55:46,32
25,31.2276683,121.4757449,31.2320311158217,121.4635326114961,2009-05-04 07:45:41,32
25,31.2498383,121.467985,31.2320311158217,121.4635326114961,2009-05-16 04:52:15,32
153,37.370202,-121.921174,37.363172,-121.92316533333333,2010-11-05 18:57:03,33
163,37.366972,-121.918178,37.363172,-121.92316533333333,2010-11-03 18:08:50,33
153,37.354297,-121.938204,37.363172,-121.92316533333333,2010-11-04 17:15:50,33
163,37.351008,-121.91597,37.363172,-121.92316533333333,2010-11-03 16:47:08,33
153,37.364651,-121.922958,37.363172,-121.92316533333333,2010-11-03 16:44:35,33
153,37.371902,-121.922508,37.363172,-121.92316533333333,2010-11-04 02:03:45,33
153,30.276096823,120.174552405,30.24284560586207,120.1957382757931,2011-12-09 10:20:51,34
153,30.252719691,120.173027474,30.24284560586207,120.1957382757931,2012-02-08 15:11:49,34
153,30.157795316,120.320377319,30.24284560586207,120.1957382757931,2012-02-08 11:45:38,34
153,30.276099737,120.17455686,30.24284560586207,120.1957382757931,2011-12-12 16:36:44,34
67,30.308006,120.34988,30.24284560586207,120.1957382757931,2010-10-24 14:34:31,34
153,30.219513587,120.314359523,30.24284560586207,120.1957382757931,2011-11-07 12:38:14,34
153,30.225354872,120.219307154,30.24284560586207,120.1957382757931,2012-02-08 12:22:04,34
153,30.278636874,120.192735474,30.24284560586207,120.1957382757931,2011-11-03 11:39:50,34
153,30.263814806,120.156232051,30.24284560586207,120.1957382757931,2012-02-08 18:47:42,34
153,30.245056,120.047075,30.24284560586207,120.1957382757931,2011-03-08 03:31:19,34
153,30.206685094,120.230297756,30.24284560586207,120.1957382757931,2011-11-04 14:50:00,34
153,30.248806554,120.16794948,30.24284560586207,120.1957382757931,2011-12-06 17:28:35,34
153,30.276038,120.156996,30.24284560586207,120.1957382757931,2011-03-09 01:35:34,34
153,30.167547631,120.269908503,30.24284560586207,120.1957382757931,2011-11-03 16:00:27,34
153,30.2675,120.159029,30.24284560586207,120.1957382757931,2011-03-08 09:59:18,34
153,30.25509393,120.157462347,30.24284560586207,120.1957382757931,2011-12-01 14:08:49,34
153,30.21663688,120.221036514,30.24284560586207,120.1957382757931,2011-10-31 11:48:41,34
153,30.246933477,120.15968038,30.24284560586207,120.1957382757931,2011-12-12 15:44:00,34
153,30.270772487,120.154463995,30.24284560586207,120.1957382757931,2011-11-01 19:52:05,34
153,30.250768798,120.180467186,30.24284560586207,120.1957382757931,2011-11-26 09:39:02,34
153,30.276248615,120.175232721,30.24284560586207,120.1957382757931,2011-12-02 17:37:25,34
153,30.249741988,120.167714718,30.24284560586207,120.1957382757931,2011-10-31 14:39:05,34
153,30.235999491,120.12823763,30.24284560586207,120.1957382757931,2011-11-26 21:55:35,34
153,30.254444795,120.16723729,30.24284560586207,120.1957382757931,2011-11-03 22:49:44,34
153,30.274056116,120.141271442,30.24284560586207,120.1957382757931,2011-11-04 13:49:51,34
153,30.267736174,120.166570745,30.24284560586207,120.1957382757931,2012-02-07 13:22:31,34
153,30.167992674,120.309821535,30.24284560586207,120.1957382757931,2011-11-04 16:32:07,34
153,30.248160169,120.16301665,30.24284560586207,120.1957382757931,2011-12-09 12:37:51,34
153,30.158265991,120.277912846,30.24284560586207,120.1957382757931,2011-11-04 15:36:55,34
153,30.704932666,104.054481789,30.672406074799994,104.0521099715,2011-10-07 14:49:47,35
153,30.7047668,104.049311408,30.672406074799994,104.0521099715,2011-10-06 12:53:49,35
62,30.6593666,104.0649516,30.672406074799994,104.0521099715,2008-10-02 10:10:59,35
153,30.685387772,104.04348397,30.672406074799994,104.0521099715,2011-10-06 16:47:12,35
153,30.668886179,104.019123172,30.672406074799994,104.0521099715,2011-10-07 15:02:31,35
153,30.569478,104.066142,30.672406074799994,104.0521099715,2011-04-14 07:53:13,35
153,30.702685018,104.045273322,30.672406074799994,104.0521099715,2011-10-01 11:59:53,35
153,30.752232185,103.943739965,30.672406074799994,104.0521099715,2011-10-02 08:07:17,35
153,30.683118234,104.013267085,30.672406074799994,104.0521099715,2011-10-07 11:09:25,35
153,30.704605305,104.054645286,30.672406074799994,104.0521099715,2011-10-06 12:54:41,35
153,30.699946334,104.052063276,30.672406074799994,104.0521099715,2011-10-01 10:55:31,35
62,30.7558866,104.0902083,30.672406074799994,104.0521099715,2008-09-27 10:52:29,35
153,30.65541,104.057345,30.672406074799994,104.0521099715,2011-04-14 10:01:54,35
153,30.544183,104.054336,30.672406074799994,104.0521099715,2011-04-15 00:07:12,35
62,30.6712716,104.0647483,30.672406074799994,104.0521099715,2008-09-30 09:14:17,35
153,30.64978,104.047047,30.672406074799994,104.0521099715,2011-04-14 11:36:16,35
153,30.682768156,104.041333709,30.672406074799994,104.0521099715,2011-10-03 09:20:35,35
153,30.701210547,104.052591748,30.672406074799994,104.0521099715,2011-10-01 11:16:09,35
62,30.5928299,104.1400549,30.672406074799994,104.0521099715,2008-10-01 07:23:39,35
62,30.6593766,104.0880516,30.672406074799994,104.0521099715,2008-09-28 10:01:09,35
10,32.096376,118.722261,32.09800235454546,118.77718266363635,2008-12-20 02:46:28,36
62,32.0947949,118.7769383,32.09800235454546,118.77718266363635,2008-07-23 15:35:55,36
66,32.115687,118.880727,32.09800235454546,118.77718266363635,2009-10-07 15:43:16,36
10,32.089625,118.791834,32.09800235454546,118.77718266363635,2008-12-20 01:09:13,36
10,32.093516,118.723618,32.09800235454546,118.77718266363635,2008-12-20 03:06:36,36
10,32.089095,118.791761,32.09800235454546,118.77718266363635,2008-12-20 04:08:20,36
10,32.086993,118.79542,32.09800235454546,118.77718266363635,2008-12-20 04:10:06,36
10,32.105493,118.842065,32.09800235454546,118.77718266363635,2008-12-20 04:15:37,36
10,32.098839,118.739078,32.09800235454546,118.77718266363635,2008-12-20 01:41:15,36
10,32.097028,118.736939,32.09800235454546,118.77718266363635,2008-12-20 03:24:30,36
12,32.110579,118.748368,32.09800235454546,118.77718266363635,2008-11-14 22:26:26,36
123,34.271285,108.935474,34.253815352941174,108.93325123529411,2009-09-27 08:35:04,37
84,34.25458,108.942473,34.253815352941174,108.93325123529411,2008-09-28 06:28:33,37
84,34.213121,108.94626,34.253815352941174,108.93325123529411,2008-09-30 03:10:25,37
168,34.294267,108.897823,34.253815352941174,108.93325123529411,2011-07-31 01:16:47,37
168,34.261332,108.946726,34.253815352941174,108.93325123529411,2011-08-01 03:43:18,37
84,34.212871,108.946342,34.253815352941174,108.93325123529411,2008-09-30 03:10:03,37
168,34.261662,108.953319,34.253815352941174,108.93325123529411,2011-08-01 04:05:25,37
10,34.288018,108.89925,34.253815352941174,108.93325123529411,2008-08-01 07:47:27,37
84,34.24404,108.924885,34.253815352941174,108.93325123529411,2008-09-26 09:32:07,37
123,34.271248,108.934174,34.253815352941174,108.93325123529411,2009-09-23 17:07:58,37
123,34.263599,108.938923,34.253815352941174,108.93325123529411,2009-09-24 22:17:39,37
84,34.245409,108.926391,34.253815352941174,108.93325123529411,2008-09-28 01:18:38,37
168,34.272114,108.927878,34.253815352941174,108.93325123529411,2011-08-01 12:17:24,37
84,34.247694,108.963891,34.253815352941174,108.93325123529411,2008-09-28 07:28:53,37
123,34.263378,108.939078,34.253815352941174,108.93325123529411,2009-09-24 19:36:39,37
84,34.209475,108.915095,34.253815352941174,108.93325123529411,2008-09-27 07:53:46,37
84,34.240768,108.927289,34.253815352941174,108.93325123529411,2008-09-28 04:48:44,37
153,28.233635,113.001597,28.2242936,112.99945506666661,2009-10-18 08:34:24,38
125,28.194392,113.00824,28.2242936,112.99945506666661,2008-08-27 23:54:53,38
168,28.192288,113.008265,28.2242936,112.99945506666661,2009-09-30 20:39:00,38
10,28.197128,113.00722,28.2242936,112.99945506666661,2007-09-20 14:05:17,38
23,28.304025,112.971953333333,28.2242936,112.99945506666661,2009-01-16 23:21:19,38
13,38.906949,121.591404,38.900339241666664,121.57200705833333,2009-01-30 08:47:42,39
4,38.919858,121.548721,38.900339241666664,121.57200705833333,2009-02-08 03:14:06,39
13,38.907089,121.587366,38.900339241666664,121.57200705833333,2009-01-30 08:47:17,39
13,38.88598,121.543708,38.900339241666664,121.57200705833333,2009-01-28 09:20:53,39
4,38.916034,121.557276,38.900339241666664,121.57200705833333,2009-02-09 06:45:59,39
25,38.8753733,121.5523749,38.900339241666664,121.57200705833333,2009-06-07 13:01:13,39
4,38.920874,121.546366,38.900339241666664,121.57200705833333,2009-02-08 08:20:19,39
4,38.909064,121.583183,38.900339241666664,121.57200705833333,2009-01-31 16:45:08,39
13,38.877382,121.542425,38.900339241666664,121.57200705833333,2009-01-28 09:10:23,39
4,38.908588,121.582718,38.900339241666664,121.57200705833333,2009-01-31 15:46:43,39
13,38.898354,121.580482,38.900339241666664,121.57200705833333,2009-01-24 01:37:05,39
13,38.896421,121.581212,38.900339241666664,121.57200705833333,2009-01-30 03:14:16,39
13,38.895773,121.584176,38.900339241666664,121.57200705833333,2009-01-28 06:23:08,39
4,38.873501,121.542054,38.900339241666664,121.57200705833333,2009-01-26 03:31:54,39
25,38.9098566,121.6114166,38.900339241666664,121.57200705833333,2009-06-10 03:21:41,39
13,38.894981,121.583098,38.900339241666664,121.57200705833333,2009-01-27 03:33:38,39
13,38.920689,121.62859,38.900339241666664,121.57200705833333,2009-01-28 06:56:59,39
13,38.885295,121.542664,38.900339241666664,121.57200705833333,2009-01-28 06:04:10,39
25,38.8808183,121.5506233,38.900339241666664,121.57200705833333,2009-06-09 14:00:29,39
13,38.882025,121.540712,38.900339241666664,121.57200705833333,2009-01-28 09:12:19,39
4,38.928631,121.529255,38.900339241666664,121.57200705833333,2009-02-04 02:09:00,39
13,38.886919,121.547258,38.900339241666664,121.57200705833333,2009-01-25 09:57:43,39
25,38.9140583,121.6471116,38.900339241666664,121.57200705833333,2009-06-09 03:37:54,39
25,38.9136283,121.623975,38.900339241666664,121.57200705833333,2009-06-09 09:11:04,39
13,39.344204,118.640659,39.45194323076923,118.65686030769228,2008-10-02 01:06:35,40
70,39.395002,118.642546,39.45194323076923,118.65686030769228,2008-10-02 03:04:48,40
13,39.466355,118.655652,39.45194323076923,118.65686030769228,2008-10-02 03:13:24,40
13,39.509166,118.664684,39.45194323076923,118.65686030769228,2008-10-02 04:45:48,40
13,39.494453,118.676868,39.45194323076923,118.65686030769228,2008-10-01 05:51:51,40
70,39.413923,118.646556,39.45194323076923,118.65686030769228,2008-10-02 00:53:49,40
13,39.475807,118.666435,39.45194323076923,118.65686030769228,2008-10-02 03:15:11,40
13,39.50699,118.67358,39.45194323076923,118.65686030769228,2008-10-01 08:27:12,40
70,39.349991,118.621779,39.45194323076923,118.65686030769228,2008-10-02 02:06:41,40
70,39.509611,118.664486,39.45194323076923,118.65686030769228,2008-10-02 08:46:48,40
70,39.405711,118.64466,39.45194323076923,118.65686030769228,2008-10-02 00:54:37,40
70,39.509062,118.665213,39.45194323076923,118.65686030769228,2008-10-02 06:21:18,40
13,39.494987,118.676066,39.45194323076923,118.65686030769228,2008-10-01 07:43:24,40
167,39.822463,118.200471,39.79289182777779,118.15760727222217,2008-06-07 02:48:51,41
167,39.784013,118.21879,39.79289182777779,118.15760727222217,2008-08-10 09:37:54,41
13,39.736544,118.161837,39.79289182777779,118.15760727222217,2008-09-28 09:13:30,41
71,39.8224966666667,118.201388333333,39.79289182777779,118.15760727222217,2011-12-31 14:45:19,41
144,39.7770883,118.0523583,39.79289182777779,118.15760727222217,2008-09-30 21:49:30,41
167,39.814746,118.110799,39.79289182777779,118.15760727222217,2008-06-07 02:36:44,41
10,36.616246,101.807909,36.588157571428574,101.87783857142858,2008-10-03 04:08:21,42
144,36.624686,101.753981,36.588157571428574,101.87783857142858,2009-07-05 00:03:25,42
144,36.564291,101.888224,36.588157571428574,101.87783857142858,2009-07-04 13:05:53,42
124,36.524996,102.03783,36.588157571428574,101.87783857142858,2008-10-03 05:30:36,42
144,36.633237,101.787272,36.588157571428574,101.87783857142858,2009-07-06 12:37:09,42
124,36.52634,102.037813,36.588157571428574,101.87783857142858,2008-10-03 07:34:01,42
124,36.647231,101.743303,36.588157571428574,101.87783857142858,2008-10-03 01:15:52,42
10,36.612636,101.804086,36.588157571428574,101.87783857142858,2008-10-03 04:10:29,42
124,36.526851,102.045498,36.588157571428574,101.87783857142858,2008-10-03 15:40:48,42
144,36.62428,101.792781,36.588157571428574,101.87783857142858,2009-07-04 13:50:46,42
10,36.557606,101.952748,36.588157571428574,101.87783857142858,2008-09-29 11:05:23,42
144,36.633127,101.787004,36.588157571428574,101.87783857142858,2009-07-05 09:58:28,42
124,36.616378,101.813546,36.588157571428574,101.87783857142858,2008-10-03 03:38:59,42
10,36.526301,102.037745,36.588157571428574,101.87783857142858,2008-10-03 15:32:44,42
160,13.366754,103.851025,13.404595125,103.868626875,2010-12-28 08:43:47,43
160,13.412635,103.849765,13.404595125,103.868626875,2010-12-26 16:12:09,43
160,13.367101,103.85024,13.404595125,103.868626875,2010-12-28 09:27:08,43
160,13.3676,103.851153,13.404595125,103.868626875,2010-12-26 21:32:43,43
160,13.419672,103.898274,13.404595125,103.868626875,2010-12-28 17:41:05,43
160,13.382624,103.846498,13.404595125,103.868626875,2010-12-26 16:07:18,43
160,13.412473,103.860613,13.404595125,103.868626875,2010-12-28 11:22:48,43
160,13.507902,103.941447,13.404595125,103.868626875,2010-12-28 15:52:59,43
27,33.326394,116.318118,33.3181338,116.30586799999999,2009-01-23 01:56:49,44
27,33.31237,116.2984,33.3181338,116.30586799999999,2009-01-24 03:45:43,44
27,33.312185,116.298629,33.3181338,116.30586799999999,2009-01-22 05:45:20,44
27,33.31218,116.298679,33.3181338,116.30586799999999,2009-01-22 05:21:13,44
27,33.32754,116.315514,33.3181338,116.30586799999999,2009-01-23 09:00:54,44
124,34.640621,92.869971,34.667447200000005,92.8830042,2008-10-01 00:24:50,45
124,34.713901,92.879229,34.667447200000005,92.8830042,2008-10-01 00:14:57,45
10,34.63534,92.864013,34.667447200000005,92.8830042,2008-10-02 10:01:21,45
10,34.693514,92.905835,34.667447200000005,92.8830042,2008-10-02 10:08:53,45
124,34.65386,92.895973,34.667447200000005,92.8830042,2008-10-02 10:04:38,45
153,24.519731577,117.704687801,24.514877927599997,117.695747216,2011-12-19 08:59:57,46
163,24.486147651,117.736473092,24.514877927599997,117.695747216,2011-12-19 17:14:10,46
153,24.513395929,117.795717413,24.514877927599997,117.695747216,2011-12-19 08:46:23,46
153,24.512187039,117.623438194,24.514877927599997,117.695747216,2011-12-19 17:01:20,46
153,24.542927442,117.61841958,24.514877927599997,117.695747216,2011-12-19 09:14:53,46
153,25.518999,110.06641,25.62545635714286,110.07415214285716,2010-12-25 02:40:42,47
153,25.751449,110.13418,25.62545635714286,110.07415214285716,2010-12-25 04:44:49,47
163,25.675147,110.052988,25.62545635714286,110.07415214285716,2010-12-25 08:45:27,47
153,25.642871,110.050548,25.62545635714286,110.07415214285716,2010-12-25 08:50:30,47
163,25.63313,110.060555,25.62545635714286,110.07415214285716,2010-12-25 08:53:15,47
163,25.512794,110.066403,25.62545635714286,110.07415214285716,2010-12-25 02:39:54,47
153,25.716869,110.060689,25.62545635714286,110.07415214285716,2010-12-25 08:31:09,47
153,25.517627,110.066398,25.62545635714286,110.07415214285716,2010-12-25 02:40:31,47
153,25.750379,110.13288,25.62545635714286,110.07415214285716,2010-12-25 08:02:44,47
153,25.624589,110.064289,25.62545635714286,110.07415214285716,2010-12-25 08:54:19,47
153,25.586117,110.07004,25.62545635714286,110.07415214285716,2010-12-25 09:00:30,47
163,25.728255,110.066677,25.62545635714286,110.07415214285716,2010-12-25 03:23:27,47
153,25.503043,110.067528,25.62545635714286,110.07415214285716,2010-12-25 09:13:05,47
153,25.59512,110.078545,25.62545635714286,110.07415214285716,2010-12-25 08:58:46,47
153,43.660788,7.205938,43.682206,7.228520499999999,2009-04-29 11:35:51,48
153,43.701069,7.264044,43.682206,7.228520499999999,2009-04-29 18:16:28,48
153,43.658183,7.148664,43.682206,7.228520499999999,2009-05-01 13:59:09,48
163,43.697331,7.264993,43.682206,7.228520499999999,2009-04-29 14:08:21,48
163,43.702927,7.266622,43.682206,7.228520499999999,2009-04-29 17:37:11,48
153,43.672938,7.220862,43.682206,7.228520499999999,2009-05-01 14:09:01,48
135,26.389057,111.620375,26.399640599999998,111.60925460000001,2009-01-26 15:22:33,49
135,26.38904,111.620389,26.399640599999998,111.60925460000001,2009-01-26 15:28:18,49
23,26.442251,111.564832,26.399640599999998,111.60925460000001,2009-01-17 12:03:59,49
135,26.388926,111.620377,26.399640599999998,111.60925460000001,2009-01-26 06:51:38,49
135,26.388929,111.6203,26.399640599999998,111.60925460000001,2009-01-26 06:30:49,49
163,37.515704,126.93992,37.561125875,126.977130375,2008-05-05 07:39:50,50
163,37.563576,126.981944,37.561125875,126.977130375,2008-05-06 14:03:57,50
163,37.572275,126.977243,37.561125875,126.977130375,2008-05-07 01:58:25,50
163,37.570868,126.983365,37.561125875,126.977130375,2008-05-05 10:23:31,50
163,37.574204,126.984667,37.561125875,126.977130375,2008-05-05 11:58:37,50
163,37.56538,126.984184,37.561125875,126.977130375,2008-05-05 09:59:08,50
163,37.561205,126.985277,37.561125875,126.977130375,2008-05-06 13:48:29,50
163,37.565795,126.980443,37.561125875,126.977130375,2008-05-05 08:42:20,50
128,26.2782583,116.3457333,26.309088757142856,116.34647755714286,2010-10-01 02:20:59,51
128,26.2840599,116.3361233,26.309088757142856,116.34647755714286,2010-10-04 06:09:37,51
128,26.321055,116.3405099,26.309088757142856,116.34647755714286,2010-10-01 02:43:36,51
128,26.3233966,116.3393833,26.309088757142856,116.34647755714286,2010-09-29 12:03:58,51
128,26.3406049,116.3457699,26.309088757142856,116.34647755714286,2010-02-13 04:10:27,51
128,26.2858033,116.3821433,26.309088757142856,116.34647755714286,2010-09-30 08:22:52,51
128,26.3304433,116.3356799,26.309088757142856,116.34647755714286,2010-02-18 05:57:53,51
163,42.011248,117.676348,41.93369237142857,117.7548737,2010-08-08 06:41:50,52
128,41.9254933,117.7676483,41.93369237142857,117.7548737,2010-06-16 05:02:43,52
163,41.86942,117.801553,41.93369237142857,117.7548737,2010-08-06 12:06:59,52
163,41.95485,117.750533,41.93369237142857,117.7548737,2010-08-07 00:03:37,52
167,41.93337,117.754394,41.93369237142857,117.7548737,2008-05-01 08:04:55,52
167,41.893502,117.775223,41.93369237142857,117.7548737,2008-05-01 07:57:20,52
126,41.9479633,117.7584166,41.93369237142857,117.7548737,2008-05-01 17:12:31,52
10,32.003904,119.586226,32.0125925,119.58567233333332,2008-12-20 08:37:52,53
10,32.004058,119.58712,32.0125925,119.58567233333332,2008-12-20 09:11:27,53
10,32.006191,119.58711,32.0125925,119.58567233333332,2008-12-20 05:56:11,53
10,32.003941,119.586729,32.0125925,119.58567233333332,2008-12-20 06:09:58,53
10,32.056461,119.580021,32.0125925,119.58567233333332,2008-12-20 13:03:34,53
10,32.001,119.586828,32.0125925,119.58567233333332,2008-12-20 08:21:16,53
66,37.605188,116.373355,37.57344205454546,116.34291023636364,2009-10-08 10:44:41,54
12,37.636621,116.382608,37.57344205454546,116.34291023636364,2008-11-14 15:23:15,54
66,37.627075,116.37988,37.57344205454546,116.34291023636364,2009-10-08 10:53:05,54
67,37.48274,116.29396,37.57344205454546,116.34291023636364,2011-06-16 23:22:02,54
12,37.534443,116.330311,37.57344205454546,116.34291023636364,2008-11-14 15:28:41,54
25,37.45683,116.2815383,37.57344205454546,116.34291023636364,2009-01-12 03:17:22,54
10,37.653848,116.386814,37.57344205454546,116.34291023636364,2008-06-20 08:18:51,54
10,37.484074,116.239494,37.57344205454546,116.34291023636364,2008-06-20 04:51:28,54
12,37.585604,116.361984,37.57344205454546,116.34291023636364,2008-11-14 15:25:57,54
62,37.5307316,116.3278533,37.57344205454546,116.34291023636364,2008-07-23 22:30:30,54
10,37.710708,116.414215,37.57344205454546,116.34291023636364,2008-06-20 08:23:07,54
26,38.30902,114.659994,38.234763783333335,114.62243641041663,2009-01-19 05:41:31,55
135,38.188035,114.580061,38.234763783333335,114.62243641041663,2009-01-24 10:41:30,55
135,38.225086,114.622061,38.234763783333335,114.62243641041663,2009-01-24 10:38:54,55
50,38.2784652666667,114.644927983333,38.234763783333335,114.62243641041663,2009-08-25 09:27:07,55
142,38.095235,114.5683583,38.234763783333335,114.62243641041663,2008-05-23 11:36:54,55
26,38.201634,114.595332,38.234763783333335,114.62243641041663,2009-01-19 05:48:33,55
10,38.33075,114.67591,38.234763783333335,114.62243641041663,2007-10-22 02:54:07,55
84,38.249885,114.632847,38.234763783333335,114.62243641041663,2008-09-25 12:21:26,55
23,22.813795,108.36298,22.814730259259264,108.33079705555556,2009-01-23 00:21:15,56
23,22.8226433333333,108.330736666667,22.814730259259264,108.33079705555556,2009-02-04 10:08:42,56
23,22.810052,108.353067,22.814730259259264,108.33079705555556,2009-01-22 22:14:45,56
23,22.8176716666667,108.322888333333,22.814730259259264,108.33079705555556,2009-01-30 16:58:10,56
23,22.813268,108.333845,22.814730259259264,108.33079705555556,2009-02-05 08:13:07,56
23,22.813575,108.334414,22.814730259259264,108.33079705555556,2009-02-01 21:56:23,56
23,22.8136116666667,108.333841666667,22.814730259259264,108.33079705555556,2009-02-02 10:51:34,56
23,22.815424,108.359768,22.814730259259264,108.33079705555556,2009-01-22 21:58:15,56
23,22.813778,108.334197,22.814730259259264,108.33079705555556,2009-02-02 17:31:04,56
23,22.8028516666667,108.328516666667,22.814730259259264,108.33079705555556,2009-01-25 10:32:50,56
23,22.804901,108.327005,22.814730259259264,108.33079705555556,2009-02-03 14:09:25,56
23,22.8173833333333,108.323133333333,22.814730259259264,108.33079705555556,2009-01-30 14:18:15,56
23,22.82877,108.310935,22.814730259259264,108.33079705555556,2009-02-12 00:14:07,56
23,22.820215,108.316383333333,22.814730259259264,108.33079705555556,2009-01-23 04:16:29,56
23,22.81373,108.333657,22.814730259259264,108.33079705555556,2009-02-02 19:18:24,56
23,22.819215,108.343719,22.814730259259264,108.33079705555556,2009-01-22 20:25:35,56
23,22.8137666666667,108.33139,22.814730259259264,108.33079705555556,2009-01-28 11:12:28,56
23,22.8104933333333,108.27387,22.814730259259264,108.33079705555556,2009-02-04 13:35:12,56
163,33.658158,-118.003558,33.67225,-118.01618366666668,2010-11-07 14:22:42,57
153,33.684784,-118.037095,33.67225,-118.01618366666668,2010-11-07 14:04:29,57
163,33.738915,-118.090967,33.67225,-118.01618366666668,2010-11-07 13:54:02,57
153,33.613765,-117.92961,33.67225,-118.01618366666668,2010-11-07 17:17:48,57
153,33.680576,-118.032898,33.67225,-118.01618366666668,2010-11-07 14:04:53,57
153,33.657302,-118.002974,33.67225,-118.01618366666668,2010-11-07 14:28:37,57
84,36.038484,114.342993,36.111340775757576,114.33674165454545,2008-09-25 14:57:38,58
168,36.03642,114.343986,36.111340775757576,114.33674165454545,2009-09-30 07:38:50,58
10,36.1832,114.331255,36.111340775757576,114.33674165454545,2008-04-06 04:35:52,58
168,36.038851,114.342812,36.111340775757576,114.33674165454545,2009-09-30 07:38:41,58
10,36.051171,114.337178,36.111340775757576,114.33674165454545,2008-09-28 17:39:01,58
163,36.129939,114.331686,36.111340775757576,114.33674165454545,2008-05-04 04:40:04,58
128,36.1123899,114.3338649,36.111340775757576,114.33674165454545,2008-05-09 04:33:20,58
10,36.257144,114.339285,36.111340775757576,114.33674165454545,2008-09-28 17:24:48,58
148,36.0810533333333,114.335055,36.111340775757576,114.33674165454545,2011-05-14 17:15:57,58
153,36.0895433,114.3339133,36.111340775757576,114.33674165454545,2008-05-09 04:27:38,58
163,36.206553,114.33213,36.111340775757576,114.33674165454545,2008-05-01 08:00:56,58
163,25.041909545,121.544156049,25.0310764982,121.4967288518,2012-05-15 17:35:21,59
153,25.036890393,121.499103102,25.0310764982,121.4967288518,2012-05-15 18:56:45,59
163,25.003689474,121.423655606,25.0310764982,121.4967288518,2012-05-14 15:47:54,59
153,25.037084605,121.497749752,25.0310764982,121.4967288518,2012-05-15 19:12:39,59
163,25.035808474,121.51897975,25.0310764982,121.4967288518,2012-05-15 18:26:10,59
153,24.446936391,118.066380333,24.454567731375,118.0725816549375,2011-12-21 12:40:12,60
153,24.445547057,118.058838904,24.454567731375,118.0725816549375,2011-12-18 17:54:51,60
153,24.457847772,118.072334982,24.454567731375,118.0725816549375,2011-12-18 19:38:54,60
163,24.447159555,118.066603791,24.454567731375,118.0725816549375,2011-12-18 14:34:11,60
153,24.451283819,118.070423745,24.454567731375,118.0725816549375,2011-12-18 10:55:30,60
163,24.469189846,118.069785017,24.454567731375,118.0725816549375,2011-12-19 18:19:52,60
163,24.456367609,118.072440386,24.454567731375,118.0725816549375,2011-12-19 18:51:10,60
153,24.442687006,118.092355161,24.454567731375,118.0725816549375,2011-12-20 11:51:19,60
153,24.446886918,118.062754455,24.454567731375,118.0725816549375,2011-12-18 16:33:03,60
163,24.484632504,118.120697015,24.454567731375,118.0725816549375,2011-12-20 14:40:57,60
163,24.44491836,118.062476195,24.454567731375,118.0725816549375,2011-12-18 13:04:08,60
153,24.44654378,118.066478235,24.454567731375,118.0725816549375,2011-12-21 12:44:39,60
153,24.464502021,118.068985587,24.454567731375,118.0725816549375,2011-12-19 07:54:36,60
163,24.456212316,118.07250974,24.454567731375,118.0725816549375,2011-12-18 19:44:51,60
153,24.456916472,118.067804626,24.454567731375,118.0725816549375,2011-12-21 12:11:47,60
153,24.455452276,118.070438307,24.454567731375,118.0725816549375,2011-12-19 18:31:36,60
124,35.180556,93.053216,35.136092,93.04459560000001,2008-09-30 23:37:32,61
10,35.163131,93.045328,35.136092,93.04459560000001,2008-10-02 10:47:26,61
144,35.106576,93.042485,35.136092,93.04459560000001,2009-07-07 03:41:22,61
144,35.129191,93.041216,35.136092,93.04459560000001,2009-07-07 03:39:41,61
124,35.101006,93.040733,35.136092,93.04459560000001,2008-09-30 23:43:38,61
153,43.89251,125.295802,43.881972424242434,125.30312509090909,2010-03-11 00:41:50,62
153,43.892195,125.296395,43.881972424242434,125.30312509090909,2010-03-10 05:10:23,62
153,43.885738,125.311024,43.881972424242434,125.30312509090909,2010-03-18 00:05:38,62
153,43.885317,125.304364,43.881972424242434,125.30312509090909,2010-03-21 05:05:59,62
153,43.889181,125.305016,43.881972424242434,125.30312509090909,2010-03-15 03:11:38,62
52,43.847221,125.289113,43.881972424242434,125.30312509090909,2008-10-10 15:58:34,62
71,43.8644866666667,125.272898333333,43.881972424242434,125.30312509090909,2011-12-31 23:23:11,62
71,43.900285,125.296401666667,43.881972424242434,125.30312509090909,2011-12-31 22:21:36,62
153,43.862066,125.338915,43.881972424242434,125.30312509090909,2010-03-10 06:17:34,62
153,43.893367,125.319847,43.881972424242434,125.30312509090909,2010-03-09 02:21:18,62
153,43.88933,125.3046,43.881972424242434,125.30312509090909,2010-03-26 06:32:23,62
140,28.7255316,115.8809716,28.676863280000003,115.89298328,2009-01-28 06:11:40,63
140,28.6590883,115.8721866,28.676863280000003,115.89298328,2009-01-15 03:35:03,63
128,28.6118299,115.91984,28.676863280000003,115.89298328,2010-09-28 06:35:46,63
140,28.6585783,115.8906233,28.676863280000003,115.89298328,2009-01-15 03:30:07,63
140,28.7292883,115.9012949,28.676863280000003,115.89298328,2009-01-28 06:09:50,63
163,34.104272,-118.338016,34.04182776923077,-118.36941646153848,2010-11-08 17:41:31,64
163,34.114113,-118.337005,34.04182776923077,-118.36941646153848,2010-11-07 01:33:50,64
163,34.086353,-118.382013,34.04182776923077,-118.36941646153848,2010-11-07 01:57:21,64
153,34.132119,-118.352998,34.04182776923077,-118.36941646153848,2010-11-06 05:40:12,64
153,34.017302,-118.355503,34.04182776923077,-118.36941646153848,2010-11-06 02:54:24,64
163,33.907212,-118.370532,34.04182776923077,-118.36941646153848,2011-08-17 20:32:04,64
153,33.93034,-118.369369,34.04182776923077,-118.36941646153848,2011-08-24 16:35:46,64
163,34.140634,-118.369006,34.04182776923077,-118.36941646153848,2010-11-06 04:53:49,64
153,33.95025,-118.389742,34.04182776923077,-118.36941646153848,2010-11-06 01:31:58,64
153,33.948743,-118.38614,34.04182776923077,-118.36941646153848,2010-11-06 01:39:13,64
163,34.059409,-118.339164,34.04182776923077,-118.36941646153848,2010-11-06 03:06:27,64
163,34.098072,-118.362266,34.04182776923077,-118.36941646153848,2010-11-07 05:15:02,64
153,34.054942,-118.45066,34.04182776923077,-118.36941646153848,2010-11-07 02:33:31,64
144,1.348832,103.984443,1.29657445,103.8691935375,2009-03-25 16:59:42,65
142,1.28202,103.837887,1.29657445,103.8691935375,2008-07-26 06:54:45,65
142,1.283532,103.842982,1.29657445,103.8691935375,2008-07-26 04:34:27,65
142,1.304288,103.926865,1.29657445,103.8691935375,2008-07-23 12:36:38,65
142,1.2891916,103.8458583,1.29657445,103.8691935375,2008-07-24 03:01:20,65
142,1.29294,103.83292,1.29657445,103.8691935375,2008-07-25 08:58:31,65
142,1.289027,103.837508,1.29657445,103.8691935375,2008-07-23 14:09:02,65
142,1.282765,103.845085,1.29657445,103.8691935375,2008-07-26 04:13:19,65
128,25.9111666,115.0489349,25.9091203,115.02552125999998,2009-01-20 06:45:04,66
128,25.9163566,114.9518816,25.9091203,115.02552125999998,2010-10-04 10:59:25,66
128,25.9115533,115.0491383,25.9091203,115.02552125999998,2009-02-01 10:06:54,66
128,25.89808,115.0357466,25.9091203,115.02552125999998,2009-02-01 10:09:59,66
128,25.908445,115.0419049,25.9091203,115.02552125999998,2010-10-08 02:38:49,66
153,44.957511,-93.196731,44.957399714285714,-93.20103199999998,2011-08-27 21:45:36,67
163,44.927368,-93.223878,44.957399714285714,-93.20103199999998,2011-08-25 03:09:44,67
153,44.956751,-93.193755,44.957399714285714,-93.20103199999998,2011-08-27 23:01:27,67
153,44.945176,-93.236105,44.957399714285714,-93.20103199999998,2011-08-25 03:12:41,67
153,44.973973,-93.166957,44.957399714285714,-93.20103199999998,2011-08-27 16:43:04,67
163,44.962227,-93.212464,44.957399714285714,-93.20103199999998,2011-08-27 23:03:58,67
153,44.978792,-93.177334,44.957399714285714,-93.20103199999998,2011-08-27 18:30:56,67
71,41.8485333333333,123.465626666667,41.79949662666666,123.42871129333341,2011-12-31 19:23:53,68
140,41.79225,123.3904583,41.79949662666666,123.42871129333341,2009-04-23 05:46:01,68
140,41.7549466,123.4297649,41.79949662666666,123.42871129333341,2009-04-21 15:31:02,68
128,41.8025866,123.4222833,41.79949662666666,123.42871129333341,2009-10-06 10:43:22,68
128,41.7991666,123.4354233,41.79949662666666,123.42871129333341,2009-10-06 08:12:13,68
120,41.2469233,117.67584,41.32873884285714,117.74179557142857,2009-09-19 11:36:19,69
153,41.369678,117.755078,41.32873884285714,117.74179557142857,2010-08-06 11:18:39,69
163,41.334681,117.769801,41.32873884285714,117.74179557142857,2010-08-08 08:12:32,69
163,41.347656,117.747318,41.32873884285714,117.74179557142857,2010-08-08 08:10:39,69
153,41.335339,117.766276,41.32873884285714,117.74179557142857,2010-08-06 11:11:58,69
163,41.338068,117.753776,41.32873884285714,117.74179557142857,2010-08-06 11:12:42,69
128,41.3288266,117.72448,41.32873884285714,117.74179557142857,2009-07-11 04:32:31,69
144,36.060883,120.303214,36.0612316,120.3229918,2009-05-29 08:25:35,70
144,36.063794,120.327613,36.0612316,120.3229918,2009-05-29 02:58:20,70
144,36.056651,120.362887,36.0612316,120.3229918,2009-05-30 06:32:20,70
144,36.063453,120.315007,36.0612316,120.3229918,2009-05-28 13:12:24,70
144,36.061377,120.306238,36.0612316,120.3229918,2009-05-28 12:02:32,70
132,29.872664,121.550347,29.866807799999997,121.54860480000002,2010-02-17 11:47:53,71
132,29.872944,121.556878,29.866807799999997,121.54860480000002,2010-05-01 00:23:11,71
144,29.821583,121.463048,29.866807799999997,121.54860480000002,2009-08-27 12:33:15,71
10,29.859488,121.521165,29.866807799999997,121.54860480000002,2008-05-19 05:59:05,71
132,29.861337,121.577809,29.866807799999997,121.54860480000002,2010-02-17 18:32:32,71
132,29.874099,121.550442,29.866807799999997,121.54860480000002,2010-02-17 17:05:31,71
132,29.887143,121.605892,29.866807799999997,121.54860480000002,2010-02-19 14:34:33,71
132,29.872549,121.549606,29.866807799999997,121.54860480000002,2010-02-17 14:29:37,71
132,29.873046,121.557778,29.866807799999997,121.54860480000002,2010-02-17 10:57:47,71
132,29.873225,121.553083,29.866807799999997,121.54860480000002,2010-02-17 17:27:43,71
10,38.621633,115.027978,38.5914510337207,115.0169231244336,2008-09-28 14:58:42,72
144,38.5739816,115.0393799,38.5914510337207,115.0169231244336,2008-11-09 05:42:11,72
26,38.624586,115.030936,38.5914510337207,115.0169231244336,2009-01-19 05:13:42,72
135,38.606228,115.016969,38.5914510337207,115.0169231244336,2009-01-24 10:08:57,72
50,38.5308265686035,114.969352722168,38.5914510337207,115.0169231244336,2009-08-25 17:03:41,72
144,38.1109683,114.4716466,38.082883474999996,114.4577568,2009-01-20 07:51:16,73
142,38.0846416,114.4677566,38.082883474999996,114.4577568,2008-05-23 05:52:16,73
10,38.069362,114.483818,38.082883474999996,114.4577568,2007-10-22 02:23:55,73
26,38.066562,114.407806,38.082883474999996,114.4577568,2009-01-19 06:22:48,73
153,41.890093,12.473085,41.882842200000006,12.4617846,2009-05-06 12:39:19,74
153,41.892417,12.48555,41.882842200000006,12.4617846,2009-05-04 16:57:29,74
153,41.903476,12.466317,41.882842200000006,12.4617846,2009-05-05 15:41:12,74
153,41.823163,12.404039,41.882842200000006,12.4617846,2009-05-07 06:11:38,74
153,41.905062,12.479932,41.882842200000006,12.4617846,2009-05-05 16:24:41,74
153,41.62925,117.779426,41.683437274999996,117.8291819125,2010-08-06 11:39:52,75
28,41.771581,117.896443,41.683437274999996,117.8291819125,2009-01-24 03:21:51,75
126,41.6704649,117.820305,41.683437274999996,117.8291819125,2008-05-01 15:05:36,75
167,41.720556,117.856704,41.683437274999996,117.8291819125,2008-05-01 07:12:39,75
140,41.7312433,117.8523333,41.683437274999996,117.8291819125,2009-07-04 10:35:05,75
153,41.712634,117.856428,41.683437274999996,117.8291819125,2010-08-08 07:32:43,75
167,41.657416,117.811763,41.683437274999996,117.8291819125,2008-05-01 07:04:10,75
163,41.574353,117.760053,41.683437274999996,117.8291819125,2010-08-08 07:47:21,75
10,37.805727,113.499795,37.8485596,113.4404764,2007-10-18 02:06:33,76
26,37.8509,113.412244,37.8485596,113.4404764,2009-02-18 07:20:03,76
26,37.870413,113.487943,37.8485596,113.4404764,2009-01-19 08:46:58,76
10,37.856773,113.453605,37.8485596,113.4404764,2007-10-18 01:57:04,76
10,37.858985,113.348795,37.8485596,113.4404764,2007-10-21 23:15:44,76
153,47.882277,-122.233019,47.8376115,-122.22207325,2010-11-11 18:17:47,77
82,47.88185,-122.233441,47.8376115,-122.22207325,2008-08-17 20:16:32,77
153,47.799925,-122.223182,47.8376115,-122.22207325,2010-11-10 20:34:59,77
153,47.786394,-122.198651,47.8376115,-122.22207325,2010-11-11 04:16:15,77
67,23.013101,113.722622,23.018226499999997,113.73454499999998,2011-01-31 17:53:27,78
67,23.039825,113.722041,23.018226499999997,113.73454499999998,2011-01-30 13:16:07,78
67,23.009735,113.735528,23.018226499999997,113.73454499999998,2011-02-03 16:49:08,78
67,23.010273,113.73508,23.018226499999997,113.73454499999998,2011-02-01 17:37:19,78
67,23.018435,113.765095,23.018226499999997,113.73454499999998,2011-02-07 16:52:59,78
67,23.01799,113.726904,23.018226499999997,113.73454499999998,2011-01-30 16:33:13,78
153,43.763206,11.264577,43.783891800000006,11.236429,2009-05-03 18:09:12,79
153,43.770955,11.262142,43.783891800000006,11.236429,2009-05-03 18:45:38,79
153,43.785893,11.240624,43.783891800000006,11.236429,2009-05-03 07:42:12,79
163,43.772592,11.256985,43.783891800000006,11.236429,2009-05-03 15:51:02,79
153,43.826813,11.157817,43.783891800000006,11.236429,2009-05-03 13:19:04,79
115,39.7233783,117.4771583,39.73424192,117.40713811999998,2008-05-01 02:05:09,80
13,39.72049,117.405105,39.73424192,117.40713811999998,2008-09-28 08:27:14,80
41,39.7207233,117.4626283,39.73424192,117.40713811999998,2009-07-12 07:50:53,80
70,39.746154,117.360187,39.73424192,117.40713811999998,2008-09-28 08:24:34,80
167,39.760464,117.330612,39.73424192,117.40713811999998,2008-08-10 10:41:04,80
163,26.896207,112.608177,26.89914271428572,112.59233400000001,2009-01-20 07:53:09,81
163,26.899466,112.563196,26.89914271428572,112.59233400000001,2009-01-25 06:58:56,81
23,26.892147,112.627166,26.89914271428572,112.59233400000001,2009-02-12 11:26:11,81
163,26.895904,112.596429,26.89914271428572,112.59233400000001,2009-01-25 06:37:41,81
163,26.925927,112.580661,26.89914271428572,112.59233400000001,2009-01-19 10:12:58,81
168,26.897058,112.539865,26.89914271428572,112.59233400000001,2009-10-02 06:21:13,81
135,26.88729,112.630844,26.89914271428572,112.59233400000001,2009-01-25 01:38:02,81
66,37.103922,116.499212,37.0856278,116.51617000000002,2009-10-08 10:03:02,82
10,37.14105,116.458904,37.0856278,116.51617000000002,2008-12-20 19:37:53,82
10,37.085041,116.522314,37.0856278,116.51617000000002,2008-12-19 17:48:12,82
67,37.02301,116.566285,37.0856278,116.51617000000002,2011-05-20 17:17:56,82
3,37.075116,116.534135,37.0856278,116.51617000000002,2009-03-22 22:06:27,82
153,43.925825,11.128708,43.959028599999996,11.1936326,2009-05-02 15:18:57,83
163,43.98509,11.21271,43.959028599999996,11.1936326,2009-05-03 11:21:10,83
153,43.985215,11.212811,43.959028599999996,11.1936326,2009-05-03 11:39:20,83
163,43.985063,11.215817,43.959028599999996,11.1936326,2009-05-03 10:20:58,83
153,43.91395,11.198117,43.959028599999996,11.1936326,2009-05-03 13:11:12,83
