user_id,longitude,latitude,timestamp
20,39.9751616666667,116.319621666667,2011-09-04 14:41:06
163,40.418368,-3.71207,2009-04-20 11:36:24
119,39.954078,116.493382,2008-08-04 17:01:21
4,39.941662,116.455956,2009-02-23 02:43:03
58,39.9783883333333,116.308788333333,2011-08-30 00:45:25
52,39.985108,116.352566,2008-06-04 18:42:55
96,40.008075,116.319242,2008-08-27 14:00:04
153,39.981014802,116.303548548,2012-04-08 18:39:31
42,39.8852049,116.3424716,2009-03-26 02:46:09
9,39.999633,116.341169,2008-12-10 00:27:06
85,40.067042,116.404917,2009-09-11 15:40:51
141,39.9755183333333,116.327575,2011-08-29 10:43:02
122,39.968094,116.399576,2009-05-24 22:13:29
71,39.986355,116.373398333333,2012-05-05 10:01:22
144,34.224289,92.437653,2009-07-07 05:07:55
153,39.931585,116.456207,2008-10-03 13:19:29
153,39.961304,116.476313,2009-10-11 10:39:06
165,39.979735,116.308686666667,2011-11-19 08:25:10
22,46.620645,124.917218,2009-01-20 07:16:09
10,31.306453,91.824681,2008-10-02 03:43:54
144,37.134862,98.864271,2009-07-06 17:13:04
39,39.978956,116.341634,2009-07-11 08:13:47
25,39.9787683,116.3108316,2009-05-26 06:00:19
17,39.9612949,116.2690316,2009-04-16 10:07:08
35,39.9841,116.317581,2009-02-26 22:07:58
85,39.981373,116.327521,2008-11-16 03:49:58
96,39.975058,116.341853,2008-11-17 06:23:28
10,40.068633,116.363776,2008-08-01 03:12:03
142,39.944353,116.294185,2010-06-25 11:33:05
4,40.463534,122.340765,2009-01-20 18:57:52
38,39.9684366,116.3099683,2009-03-09 01:58:37
22,39.965327,116.314966,2009-03-21 07:49:14
41,39.8657416,116.3025,2009-05-07 02:20:52
74,35.7297016666667,115.933538333333,2012-01-29 00:09:01
144,29.73436,91.976627,2009-07-08 02:17:51
52,39.98663,116.392583,2008-07-09 21:25:20
41,40.3191516,116.7784116,2009-03-21 05:15:25
128,40.2756599,116.3785883,2010-05-30 06:06:27
0,40.000656,116.327165,2009-05-08 02:08:12
66,34.266743,117.199177,2009-10-07 20:24:03
124,39.160013,117.205519,2008-10-03 22:15:08
101,40.3218649,116.3077416,2007-12-22 21:27:39
128,40.2308366,116.5170849,2009-06-14 00:49:17
128,40.0957483,116.2898066,2008-05-18 08:20:09
153,39.784803,116.186815,2011-05-02 12:30:45
128,40.0121983,116.3551666,2009-07-31 13:06:20
115,40.0137916,116.4718966,2008-05-28 09:41:39
25,30.6169416,114.251415,2009-05-15 02:48:30
68,39.972437,116.418968,2008-11-08 06:50:15
35,39.977486,116.327111,2009-04-02 06:30:32
168,40.069232,116.328474,2009-10-08 23:17:49
148,36.921705,114.486275,2011-05-14 16:28:40
13,39.967113,116.389916,2008-11-03 09:55:37
128,39.9459383,116.3356949,2008-05-04 07:00:48
153,47.614866,-122.188313,2010-11-10 02:44:45
22,39.970808,116.304037,2009-02-07 00:03:23
8,39.981352,116.327405,2008-12-01 05:58:26
10,30.054373,118.153035,2007-12-29 13:22:58
52,39.985155,116.353667,2008-06-09 12:48:45
68,39.956607,116.418479,2009-01-02 02:27:15
30,38.984952,116.107892,2009-01-27 11:20:34
167,39.974905,116.315105,2008-10-19 13:04:27
144,39.8862149,116.1225949,2009-02-20 23:34:56
25,31.5993849,120.25477,2009-01-30 01:13:20
124,35.01,92.99207,2008-10-02 10:35:25
156,39.867011,116.491188,2009-07-11 04:00:21
163,42.466163,117.244596,2010-08-07 03:42:16
148,35.766735,114.27182,2011-05-14 17:31:32
153,40.217451,116.214552,2009-07-09 06:28:12
26,37.816534,112.581223,2009-02-15 11:56:20
25,39.9843399,116.3108516,2009-05-06 13:08:06
144,1.348832,103.984443,2009-03-25 16:59:42
4,39.994834,116.326361,2009-01-01 10:43:52
167,39.96063,116.413482,2008-07-06 12:10:46
71,39.8674766666667,117.792496666667,2012-01-02 13:37:01
3,40.009889,116.322583,2008-12-22 04:06:13
36,39.972134,116.338682,2009-04-05 11:51:02
17,39.9647516,116.3740733,2008-12-02 06:38:16
35,39.981885,116.321132,2009-03-19 09:58:55
52,39.989528,116.307343,2008-05-25 07:19:11
141,39.9833866666667,116.29882,2011-09-18 09:33:43
128,30.320985,116.21739,2010-02-08 08:38:16
163,39.966126,116.320998,2010-02-19 02:52:49
78,40.014499,116.542993,2008-05-30 08:30:41
12,35.877479,117.100815,2008-11-14 17:30:44
25,18.2674833,109.483805,2009-02-10 13:25:56
153,39.98258,116.450781,2010-06-25 00:02:09
153,44.910621,8.877668,2009-05-02 12:08:04
35,39.977407,116.327626,2009-04-03 06:44:52
59,39.975415,116.324238333333,2011-08-29 10:38:27
17,39.9869883,116.4000066,2009-06-11 07:18:02
128,40.0763666,116.3227649,2010-11-15 00:40:06
17,39.9250149,116.3436516,2008-12-26 05:28:33
17,39.9693683,116.3320966,2009-01-15 10:55:46
50,39.8962364166667,116.306320183333,2009-08-04 10:25:14
17,39.9850716,116.3392949,2009-04-02 11:25:46
163,39.985627,116.44807,2010-10-29 18:46:33
41,39.9750733,116.3818199,2009-06-24 05:28:06
128,39.9989533,116.2676666,2008-12-18 08:54:54
163,39.96776,116.409085,2008-05-11 14:13:30
10,37.805727,113.499795,2007-10-18 02:06:33
10,40.335993,116.028098,2009-03-07 06:14:09
148,32.9952683333333,114.037361666667,2011-05-14 20:14:57
13,39.975314,116.332438,2009-02-15 06:33:59
10,39.142618,117.198508,2008-09-16 22:41:06
126,40.004887,116.320611,2008-10-16 10:28:32
153,40.519033,-3.901322,2009-04-21 12:16:44
50,39.99448395,116.1990509,2009-07-31 14:31:30
70,39.838127,116.672506,2008-09-28 07:48:06
25,39.9148433,116.4662316,2008-12-19 03:14:09
36,39.976141,116.337458,2009-04-12 17:36:24
36,39.97677,116.339432,2009-03-22 16:39:40
78,39.9724616,116.3268216,2008-05-07 23:00:22
153,23.331802591,120.433122666,2012-05-13 10:05:09
41,40.48216,116.8125783,2009-06-07 00:38:43
41,39.8964566,116.3379116,2009-03-13 02:11:15
41,39.9204433,116.3040983,2009-02-25 07:36:36
85,39.982309,116.309465,2008-10-16 03:39:35
153,40.03423572,116.589915695,2012-01-15 17:12:53
10,39.143233,117.199093,2008-10-03 22:17:39
96,40.001014,116.324593,2008-10-27 15:38:45
128,39.9673349,116.3433166,2009-03-11 13:34:12
68,39.941707,116.419357,2009-03-11 06:16:26
84,39.988325,116.431378,2008-08-03 09:38:39
153,47.630362,-122.137739,2010-11-09 18:38:03
128,40.0762716,116.3246783,2008-05-16 14:27:51
64,39.998373,116.385627,2008-08-16 08:09:34
65,39.94346,116.099696666667,2011-10-05 07:41:42
85,39.912433,116.334449,2009-03-06 11:17:08
147,39.975192,116.341556,2011-05-15 09:36:58
2,39.915435,116.339504,2009-02-07 08:11:50
128,39.981935,116.3244966,2010-07-20 09:52:50
38,40.38953,116.8425899,2009-03-22 08:59:50
39,40.072537,116.413099,2009-05-25 00:02:56
22,39.973211,116.333922,2009-03-07 03:25:21
41,39.8961749,116.2678349,2009-03-09 11:42:17
122,40.507429,117.068889,2009-09-02 14:44:30
153,39.93599,116.455872,2009-08-06 05:19:40
112,39.9730566,116.3274849,2008-06-03 01:46:35
44,40.037409,116.309906,2009-03-08 23:38:37
140,43.238035,117.5260983,2009-06-29 16:41:53
65,40.023675,116.346223333333,2011-08-28 07:37:41
85,39.975646,116.327262,2008-11-08 06:22:31
42,39.6918516,116.3418283,2009-03-23 07:01:28
30,40.00045,116.325098,2009-02-15 05:45:56
163,39.982776,116.443314,2010-07-10 11:21:19
140,41.0085983,117.9359716,2009-07-04 14:01:44
41,40.0111999,116.2734099,2009-07-08 23:36:12
17,39.9846266,116.3265583,2009-04-11 00:39:37
92,39.9697616,116.3033649,2008-06-21 13:29:12
52,39.9844,116.311583333333,2008-02-23 04:41:56
41,39.8706416,116.4023499,2009-06-01 06:13:47
16,39.975019,116.324226,2008-10-31 01:15:30
71,39.97725,116.342911666667,2012-04-07 11:29:56
25,39.9456266,116.4021883,2009-06-20 00:56:10
36,39.557077,116.751672,2009-02-18 07:03:46
92,39.9713266,116.3035733,2008-07-24 02:41:54
125,33.850864,113.894333,2008-08-27 16:54:45
10,36.477598,102.430433,2008-09-29 10:35:28
13,39.969808,116.374911,2008-11-10 23:47:48
22,40.060288,116.182194,2009-06-29 08:15:10
153,39.894271,116.454514,2008-11-24 07:16:04
167,39.980073,116.310941,2008-05-21 10:11:31
163,42.518857,117.232944,2010-08-07 05:17:20
65,40.00516,119.909609,2009-08-15 10:06:23
68,39.963721,116.268479,2009-08-05 19:17:24
153,39.972493925,116.441546544,2012-04-07 12:05:00
14,39.9862266,116.38022,2009-02-27 04:24:29
113,39.998928,116.380496,2010-05-27 01:13:19
141,39.975135,116.315953333333,2011-08-29 10:29:40
3,39.952409,116.801798,2009-04-25 18:08:24
58,40.0337433333333,116.313331666667,2011-03-10 01:39:04
24,40.039065,116.325304,2009-02-04 10:38:14
3,40.007667,116.319727,2009-01-08 07:04:41
124,34.322761,92.568465,2008-10-02 09:27:17
163,25.276877,110.292996,2010-12-23 12:59:52
65,39.9751833333333,116.321111666667,2011-09-05 11:05:24
67,39.1032533333333,117.168553333333,2011-05-07 08:34:04
41,39.7145616,116.1030099,2009-05-05 02:27:53
144,29.715642,121.198062,2009-08-25 08:02:31
10,34.151303,115.761133,2008-06-19 19:47:09
50,39.8651847833333,116.295349116667,2009-08-06 06:43:20
126,39.960844,116.418377,2008-07-06 12:12:42
74,39.9751283333333,116.329183333333,2012-03-03 12:30:13
29,39.85561,116.392509,2009-01-18 23:40:45
153,33.659287,-117.870343,2011-08-24 15:55:34
92,39.9725166,116.3090283,2008-03-10 08:23:23
167,39.995924,116.32659,2008-05-22 16:08:44
153,39.945529,116.467548,2009-07-20 12:04:33
41,39.7918116,116.6848916,2009-05-18 08:48:42
122,39.992291,116.212394,2009-05-28 15:37:49
4,39.991401,116.325032,2009-05-10 13:23:22
128,39.9480466,116.4660283,2008-05-14 14:22:58
135,29.858201,114.23508,2009-01-24 21:06:15
124,36.140643,94.765818,2008-09-30 20:57:22
144,7.981311,98.363817,2009-03-21 11:01:01
8,39.956642,116.354498,2008-11-18 01:55:12
2,37.417577,110.772658,2009-01-27 03:19:49
122,40.001074,116.401312,2009-09-20 10:32:47
168,39.947724,116.396966,2011-08-09 23:08:07
2,39.926407,116.336815,2009-03-19 14:46:29
39,39.88904,116.454685,2009-06-16 11:04:24
17,40.0097466,116.3371649,2008-10-31 09:36:18
163,22.238651398,114.19315141,2012-05-07 18:47:07
153,39.96697,116.345244,2008-08-07 15:40:31
153,24.731797,110.47912,2010-12-26 09:28:42
144,39.9758883,116.3110083,2008-12-03 00:40:08
16,39.973637,116.337744,2008-12-10 13:57:21
165,39.9742333333333,116.327588333333,2011-11-14 01:12:02
168,40.038043,116.405384,2011-07-06 13:56:11
37,39.9805549,116.2554716,2009-03-12 10:56:56
163,35.591637,114.169599,2008-05-04 04:09:14
36,22.566965,113.897864,2009-02-03 10:38:13
163,27.688737827,117.986883042,2011-12-22 15:56:03
14,39.9849266,116.3266466,2009-03-12 00:30:06
140,42.3585133,-71.0949683,2009-07-24 05:40:50
37,39.8786066,116.4616316,2009-07-11 09:14:28
140,39.9749499,116.3052216,2008-09-13 11:00:29
153,40.357005,115.999843,2009-07-09 03:24:27
141,39.9752583333333,116.3268,2011-08-30 00:21:08
41,39.8710566,116.2504766,2009-04-10 00:30:47
153,39.906175,116.329921,2011-02-03 12:25:21
167,39.98139,116.327423,2008-10-17 10:10:29
42,39.7559483,116.2708083,2009-02-10 05:58:24
85,39.93698,116.323853,2008-11-08 06:44:43
168,39.984594,116.318654,2011-08-08 02:34:37
163,39.059952,113.661449,2011-05-02 00:38:50
68,39.988901,116.418284,2009-06-03 12:40:37
167,39.97929,116.327337,2008-07-21 11:23:55
62,39.9867383,116.3926283,2008-09-14 09:48:15
65,39.9749,116.305575,2011-09-18 23:58:37
130,39.966246,116.35016,2009-09-11 18:59:12
4,39.999721,116.322208,2009-05-11 09:35:52
163,40.034961,116.34619,2011-03-13 04:24:06
17,40.93363,117.3338116,2009-01-27 02:36:23
6,39.980985,116.339335,2008-11-21 15:25:03
144,40.04224,116.4277683,2008-09-24 00:09:25
11,39.9835283,116.3491816,2008-10-11 08:17:21
142,40.093323,116.290223,2010-06-15 10:09:01
167,39.881985,116.406607,2008-10-18 07:46:05
74,39.9866433333333,116.395235,2012-02-08 06:30:27
63,31.88579,117.310074,2010-12-09 20:18:17
0,39.958513,116.316188,2008-11-13 07:58:32
35,39.974977,116.339369,2009-03-06 00:47:19
85,39.9805,116.327744,2008-05-30 17:29:33
84,40.356024,116.002627,2008-11-29 09:13:34
17,39.9671766,116.392755,2009-05-15 06:13:38
38,39.9200066,116.3119483,2009-02-09 02:41:50
68,39.973856,116.411492,2009-07-19 03:24:05
116,39.974949687,116.313507531,2011-08-02 09:26:37
119,39.932361,116.469441,2008-08-20 07:56:11
10,38.856183,115.46837,2007-10-22 03:49:12
128,39.984905,116.3273866,2009-08-21 01:35:15
167,40.176798,116.411169,2008-10-12 02:16:26
68,39.908497,116.420715,2009-07-28 04:35:49
36,39.981443,116.337431,2009-03-14 14:52:30
35,39.98185,116.321459,2009-03-01 23:39:45
25,39.9807716,116.3107599,2009-06-06 01:08:20
28,39.946857,116.125555,2009-04-13 11:04:02
96,40.0082,116.319363,2008-09-07 22:50:34
155,39.877923,116.454946,2009-07-11 06:33:33
40,39.950963,116.362382,2009-03-23 23:26:32
41,39.8332933,116.4596083,2009-03-30 02:45:29
124,33.855751,92.352196,2008-10-01 01:38:12
104,39.9637233,116.2844033,2008-10-02 11:58:57
92,42.2696083,116.8726099,2008-08-07 01:09:07
163,39.961823,116.454262,2010-10-16 12:16:56
3,39.906882,116.481273,2009-04-14 12:41:01
25,19.2046466,110.4325883,2009-02-09 03:38:30
128,39.9755199,116.3337466,2010-04-18 12:32:16
39,40.065262,116.406475,2009-05-21 00:20:49
141,39.978285,116.302321666667,2011-09-05 00:56:38
168,39.966508,116.340653,2011-07-23 08:53:29
153,32.713905,-117.175407,2011-08-20 23:21:43
37,39.9359133,116.455365,2009-07-10 09:00:05
140,43.9403066,116.0632133,2009-07-02 20:09:04
33,39.951943,116.360803,2009-01-11 20:51:04
68,39.968901,116.419511,2009-07-06 09:58:07
3,39.882174,116.406546,2009-01-01 06:53:40
65,40.0003033333333,116.326486666667,2011-09-19 04:12:59
52,39.981081,116.30685,2008-07-09 17:29:12
167,39.819738,119.482479,2008-06-08 04:54:16
82,40.037194,116.310819,2009-04-08 01:09:09
33,39.971405,116.333942,2009-01-12 11:49:45
42,39.6984832,116.3311783,2009-03-17 06:43:57
67,39.975305,116.329355,2010-12-14 13:51:19
163,25.193682,110.391856,2010-12-24 07:05:22
174,39.9832333333333,116.310233333333,2008-06-29 08:32:26
39,40.038943,116.325164,2009-06-09 23:20:16
168,39.986962,116.391573,2011-07-21 00:57:58
163,39.934755,116.349423,2011-02-16 03:53:49
25,31.5845933,120.357405,2009-01-25 04:41:57
126,39.967522,116.417317,2008-09-29 13:07:49
68,39.955066,116.419056,2008-10-28 08:24:39
25,40.0442149,116.2950933,2009-04-24 01:59:12
38,39.9689216,116.3094783,2009-03-13 02:29:38
41,39.898875,116.2585733,2009-06-09 22:41:48
41,39.9342499,116.1054616,2009-05-19 05:23:08
153,39.772366524,116.457296875,2012-01-23 15:32:27
67,31.9094,117.267341666667,2011-05-22 09:48:07
58,39.9805633333333,116.328601666667,2011-08-29 11:20:58
50,39.8755226166667,116.303955083333,2009-08-22 01:00:04
168,39.989703,116.401309,2011-06-28 22:58:39
141,40.3583716666667,116.003971666667,2011-10-23 03:56:18
5,39.977209,116.338335,2008-11-24 13:18:54
68,39.990357,116.417631,2008-11-02 06:58:57
12,39.989035,116.316195,2008-10-06 03:45:17
10,34.727588,104.972543,2008-04-05 13:52:59
128,40.0731133,116.3284283,2010-06-07 01:02:14
179,40.089123,116.299519,2008-08-28 13:43:01
144,7.684172,98.766395,2009-03-23 06:28:52
153,48.852184,2.355697,2009-04-26 15:20:48
17,39.9472583,116.3690183,2009-05-31 03:31:00
8,39.958384,116.361005,2008-11-05 13:47:44
153,39.966386,116.347413,2010-02-16 05:45:34
24,39.988905,116.394005,2009-01-17 05:32:09
144,36.9965249,111.8341016,2009-01-20 11:23:21
18,40.0354199,116.5660616,2008-12-02 04:18:17
41,39.88032,116.4553166,2009-03-13 05:34:46
2,39.925447,116.33325,2008-11-02 11:55:53
67,39.99747,119.743335,2011-06-04 08:50:13
84,39.932432,116.430508,2008-07-24 10:29:50
3,40.026668,116.343629,2009-01-17 11:54:50
20,39.9801783333333,116.30751,2011-08-27 07:00:10
83,39.9895749,116.3063283,2009-03-08 19:52:34
3,39.975862,116.454201,2009-05-22 00:05:41
10,40.009116,116.506133,2008-10-03 10:44:38
38,39.9987033,116.3158916,2009-02-26 04:13:05
15,39.974339,116.333734,2008-12-11 01:15:32
10,34.268006,117.201778,2008-12-19 21:15:07
41,39.8641966,116.267755,2009-03-03 05:49:41
25,39.9658316,116.3185699,2009-06-06 01:17:42
17,40.0306216,116.5569699,2009-04-08 09:04:22
140,39.9871133,116.4021866,2009-02-19 16:23:32
34,40.1031116,116.4042216,2009-04-11 09:08:58
0,39.90652,116.47472,2009-04-25 12:29:12
125,40.005782,116.315761,2008-09-17 04:14:45
22,39.984327,116.309415,2009-02-21 09:57:26
74,32.12062,115.104961666667,2012-01-28 19:22:21
172,49.87333,8.6576449,2008-06-20 06:19:59
142,47.622927,-122.153463,2008-04-30 17:27:09
36,39.968052,116.410385,2009-02-21 05:23:47
153,47.629801,-122.160956,2010-11-10 02:50:23
34,40.0331266,116.293925,2009-03-21 03:23:50
30,40.000435,116.327056,2009-05-22 04:15:36
26,39.973392,116.334368,2009-02-20 11:12:44
128,39.9756083,116.3316766,2008-11-07 02:13:01
79,39.931352,116.369187,2010-05-27 01:33:45
84,39.934672,116.430265,2008-07-25 03:19:30
25,39.9820733,116.3103633,2009-06-21 01:05:20
41,39.8638799,116.2720666,2009-06-19 23:37:01
163,40.477608,-3.844084,2009-04-21 13:24:42
68,39.969751,116.419816,2009-03-08 12:00:54
3,31.999384,120.842872,2009-01-25 14:44:41
128,39.9268249,116.4712383,2008-04-29 21:55:15
35,40.016564,116.309316,2009-04-09 13:46:11
7,39.984099,116.318826,2008-12-11 07:49:56
153,23.434173981,120.61676754,2012-05-13 10:36:48
153,39.907759,116.471758,2009-09-08 11:06:05
3,40.00758,116.319733,2009-07-02 11:15:51
35,39.981837,116.321144,2009-03-11 07:05:06
68,39.982528,116.418003,2009-05-31 03:00:53
62,39.9874766,116.3032083,2008-10-19 01:12:00
22,39.973636,116.334203,2009-04-25 12:37:45
28,39.924849,116.154819,2009-03-19 09:53:43
52,39.985013,116.352691,2008-06-11 04:30:34
30,40.009523,116.31512,2009-03-05 05:24:02
141,39.9905083333333,116.305118333333,2011-10-08 10:28:59
156,40.055033,116.322451,2009-07-09 02:06:49
74,25.5714433333333,116.593531666667,2012-01-19 06:12:38
12,41.92042,127.932361,2008-10-02 01:46:39
41,39.8301866,116.3703966,2009-05-20 07:43:36
153,40.198687,116.488442,2010-08-08 10:49:19
92,39.9680883,116.3012449,2008-05-27 12:30:16
19,39.9970583,116.2728583,2008-11-22 09:01:41
30,40.00688,116.321245,2009-02-01 10:22:21
41,40.328375,116.7967833,2009-03-21 05:14:18
20,39.97508,116.324625,2011-09-26 15:17:15
17,39.6033549,116.6852566,2009-05-28 04:47:37
153,39.925198,116.472642,2009-09-23 23:49:23
73,39.9719599,116.3250516,2008-08-22 13:38:08
31,40.142546,116.983768,2009-01-23 21:34:04
167,40.102139,116.396198,2008-12-13 07:50:58
77,39.879522,116.41139,2009-09-20 13:39:19
41,39.9447049,116.2678566,2009-06-13 10:44:57
30,39.995266,116.326275,2009-07-19 04:18:17
153,43.925825,11.128708,2009-05-02 15:18:57
153,39.973613,116.458128,2011-04-08 10:17:31
68,39.957527,116.269042,2009-08-14 19:00:16
25,39.9878883,116.3031816,2009-04-10 11:23:04
140,40.0380166,116.60905,2009-01-14 22:04:37
128,40.0906849,116.358365,2009-12-20 06:34:45
14,39.9796866,116.3250449,2008-11-06 06:26:37
179,39.996696,116.326851,2008-10-02 10:22:06
16,39.978109,116.315212,2008-11-24 07:11:47
68,39.970028,116.422367,2009-01-09 00:12:25
8,39.957106,116.360455,2008-10-26 12:20:50
153,40.016175,116.446394,2011-09-22 23:52:08
115,39.9208916,116.4838133,2008-07-06 23:30:22
50,39.8718338,116.3684082,2009-08-06 07:23:52
81,39.985732,116.349661,2008-05-23 12:37:02
3,35.554194,116.837866,2009-01-20 16:18:43
10,39.985233,116.327176,2009-01-14 06:37:35
153,24.807344885,121.018663698,2012-05-11 09:40:40
84,39.954125,116.329428,2008-09-01 00:24:17
46,39.941604,116.346798,2009-10-11 04:19:22
62,39.9873583,116.3973033,2008-08-24 05:41:09
67,31.9512916666667,117.281365,2011-05-20 23:30:09
153,39.975273,116.330291,2008-08-15 13:05:50
41,39.9178766,116.3059766,2009-03-13 10:01:14
68,39.969836,116.41815,2009-06-07 04:54:03
25,39.9847616,116.3067233,2009-04-02 12:42:49
153,39.985828,116.449913,2010-10-18 21:29:41
38,39.9865366,116.3101133,2009-02-21 12:22:40
78,39.97576,116.33037,2008-08-25 15:54:30
17,39.9857866,116.3447799,2009-02-06 00:07:52
14,39.9583266,116.3414516,2008-10-30 05:55:15
128,40.0769116,116.3264816,2008-09-10 13:50:50
25,39.9840266,116.3095683,2009-03-06 01:00:36
41,40.228745,116.1692266,2009-05-21 08:38:38
153,39.932542,116.477108,2009-08-09 11:15:23
39,39.939482,116.408639,2009-06-18 01:00:02
9,39.991824,116.333826,2008-12-14 08:18:47
145,39.970538,116.306992,2008-04-30 12:10:46
82,40.029929,116.314839,2009-03-19 13:57:29
13,39.974559,116.343902,2008-11-07 12:39:09
1,40.016468,116.310269,2008-12-07 10:10:58
0,31.239089,121.478855,2009-05-23 04:37:23
50,39.9825592041016,116.29940032959,2009-08-05 12:49:45
153,39.98686,116.433207,2009-10-05 09:59:41
163,39.046038,113.604061,2011-05-02 00:51:13
23,39.951243,116.310198,2009-01-13 07:51:59
10,39.891848,116.368331,2008-10-06 00:43:36
82,47.638209,-122.132821,2008-08-06 16:55:47
84,39.537552,116.694827,2008-11-08 12:55:27
25,40.0889716,116.11158,2009-03-22 01:46:17
144,40.0306016,116.2048883,2009-03-08 02:53:05
36,39.961412,116.438415,2009-02-21 02:34:57
85,39.980393,116.332671,2009-06-29 10:18:27
25,39.9875383,116.3043583,2009-04-09 12:20:02
36,39.906058,116.346704,2009-07-08 09:41:31
33,40.023974,116.516974,2009-01-15 03:23:54
144,40.027578,116.433614,2009-05-31 14:47:04
19,39.9935849,116.2743483,2008-11-22 08:54:44
153,40.006471713,116.503426531,2011-11-07 16:44:45
71,39.9802583333333,116.30572,2012-03-31 02:03:30
28,39.92275,116.301963,2009-02-09 23:21:56
17,39.8949433,116.1663416,2009-01-22 03:19:55
42,39.8966733,116.3360783,2009-02-12 08:05:57
46,39.906109,116.374866,2009-10-11 08:12:49
24,39.938038,116.189305,2009-05-20 05:13:53
179,40.08824,116.304303,2008-10-02 01:42:41
85,39.898836,116.340015,2008-10-20 23:22:14
6,39.98153,116.339173,2008-11-19 22:25:24
10,37.19362,96.823833,2008-09-30 10:28:19
167,39.999167,116.333658,2009-02-08 01:29:58
16,39.964498,116.100469,2008-11-10 11:08:26
128,40.2040616,116.2202816,2010-10-16 09:57:46
25,39.9667616,116.3767333,2009-06-04 04:27:55
153,39.97986,116.448835,2010-05-23 23:57:09
74,38.7614433333333,116.192293333333,2012-01-29 03:48:05
62,39.9193299,116.3472699,2008-07-30 13:53:27
37,39.9319299,116.2867333,2009-04-17 00:43:19
26,40.011391,116.312301,2009-01-15 11:50:46
41,40.1295116,116.477725,2009-04-28 00:24:50
41,40.0166583,116.2794766,2009-06-24 22:20:29
17,40.0161516,116.3417533,2009-03-28 04:29:35
68,30.545755,114.291827,2009-07-31 03:20:50
153,38.780311,114.625225,2011-05-02 09:35:25
153,23.475783178,120.711491818,2012-05-14 11:48:06
25,39.9933166,116.2994616,2009-04-19 08:26:17
153,37.370202,-121.921174,2010-11-05 18:57:03
165,39.9790083333333,116.307011666667,2011-11-18 01:53:23
85,39.900391,116.33967,2009-05-12 02:04:23
153,30.276096823,120.174552405,2011-12-09 10:20:51
10,39.892563,116.368383,2008-09-26 00:24:15
128,40.0731216,116.3284983,2009-09-14 13:27:28
84,39.977141,116.330312,2008-12-04 00:52:50
144,40.027295,116.432935,2009-07-20 17:39:57
163,39.986809024,116.388808951,2012-07-10 07:45:49
44,39.985641,116.327323,2009-03-09 12:44:23
167,40.00458,116.315711,2008-05-28 10:07:50
50,39.9356689453125,116.331520080566,2009-08-21 18:31:52
26,37.970526,113.889699,2009-01-19 07:34:30
167,39.9804,116.417958,2008-09-30 13:36:57
4,40.002494,116.317862,2008-11-07 10:45:28
172,62.2733699,-150.07871,2008-06-27 02:36:55
25,40.0513316,116.15414,2009-04-21 05:13:20
165,39.990315,116.331791666667,2011-11-14 07:42:11
62,40.0350683,116.3042116,2008-11-16 08:32:11
153,30.704932666,104.054481789,2011-10-07 14:49:47
10,30.59893,114.258065,2007-12-30 07:43:31
3,39.998078,116.337686,2009-02-21 14:16:56
35,39.981859,116.321019,2009-04-09 10:23:21
73,39.9750283,116.3196616,2008-05-28 03:07:44
128,39.97497,116.3114266,2010-11-19 10:53:16
167,39.8171,119.470082,2008-08-08 02:35:46
1,40.005435,116.317461,2008-11-12 00:07:32
0,39.98725,116.327115,2009-06-16 06:37:32
17,39.9645716,116.4097433,2008-12-05 06:34:32
43,39.803738,116.52856,2009-06-15 01:16:09
153,39.97743,116.446384,2010-08-05 00:07:40
25,39.9067566,116.4593483,2009-04-09 01:56:12
172,60.4578966,-149.36828,2008-06-27 18:23:51
17,39.9262766,116.4280066,2008-12-04 08:05:33
119,39.921485,116.47245,2008-09-07 10:45:46
36,23.434847,116.137777,2009-02-01 04:36:13
23,27.418383,113.087789,2009-01-17 08:51:24
153,40.002613102,116.461571978,2011-12-24 20:42:10
153,47.629173,-122.136512,2010-11-10 03:02:32
128,25.8899966,116.0241666,2010-10-03 02:14:52
153,39.92352,116.47224,2008-09-24 10:11:48
163,39.946334,116.366565,2009-08-30 05:06:51
3,40.000078,116.327367,2009-03-09 05:54:06
144,22.5322449,114.0756616,2008-11-13 10:43:23
7,39.974307,116.334401,2008-11-06 10:23:18
50,39.9601097166667,116.299812316667,2009-08-04 11:58:50
35,39.981959,116.326966,2009-03-23 00:56:34
68,39.992148,116.417748,2009-05-15 06:39:26
34,40.0600066,116.364565,2009-04-08 00:20:48
10,32.096376,118.722261,2008-12-20 02:46:28
140,40.0030049,116.20022,2009-03-27 05:55:49
30,39.942434,116.796404,2009-04-04 02:00:01
123,34.271285,108.935474,2009-09-27 08:35:04
68,39.99546,116.41791,2009-09-02 07:30:29
130,39.990003,116.334378,2009-09-18 10:00:47
153,39.904134,116.367121,2008-11-24 08:48:24
2,39.92595,116.33289,2009-02-04 11:14:40
126,39.986316,116.418585,2009-01-15 09:55:16
141,40.0026116666667,116.267835,2011-10-22 05:49:37
16,39.974272,116.337837,2008-11-18 12:37:14
140,39.9230699,116.5585032,2008-08-30 05:49:26
153,39.913914,116.41182,2008-08-01 06:17:56
144,40.0287366,115.7077549,2008-05-01 05:32:02
153,28.233635,113.001597,2009-10-18 08:34:24
50,39.9938087463379,116.195297241211,2009-08-18 16:30:12
168,40.004554,116.393972,2011-08-20 06:32:56
68,39.930619,116.382802,2009-03-14 05:27:56
17,39.8622949,116.3673883,2009-02-25 06:00:49
126,39.969885,116.41989,2008-05-31 13:48:04
13,38.906949,121.591404,2009-01-30 08:47:42
65,39.9727266666667,116.312478333333,2011-09-28 01:00:27
25,39.9985766,116.3049233,2008-12-24 04:14:21
128,42.1818299,128.1714733,2009-10-04 02:57:00
168,27.516588,112.003138,2009-10-02 08:56:26
41,40.2915566,116.5832749,2009-06-18 02:28:28
85,40.042236,116.306694,2009-09-07 13:42:16
59,39.9909583333333,116.17238,2011-03-12 05:53:44
112,39.9743749,116.3111933,2008-07-10 11:46:53
50,39.9585495,116.274322516667,2009-08-21 11:09:12
141,39.9745416666667,116.314523333333,2011-09-29 12:13:19
85,39.865587,116.346816,2008-05-22 06:37:06
128,40.0558733,116.3211399,2009-10-20 00:36:51
153,39.932772,116.459435,2009-06-15 13:45:04
28,39.967785,116.101583,2009-04-04 12:29:15
96,40.007897,116.322711,2008-10-16 03:55:22
128,42.3728183,117.3774033,2009-07-11 07:15:02
17,39.97554,116.3797016,2009-04-08 06:56:32
74,39.6383733333333,115.624778333333,2012-04-14 02:25:20
65,39.9715116666667,116.31613,2011-09-08 03:47:29
144,40.027572,116.433737,2009-05-31 13:14:24
68,39.980278,116.414201,2008-10-07 13:17:08
9,40.002158,116.342655,2008-11-04 10:23:37
52,39.970837,116.305421,2008-09-02 09:24:41
84,39.934743,116.43007,2008-10-29 00:54:55
13,40.167755,116.127865,2008-10-28 22:38:32
5,22.162204,113.553165,2008-11-30 14:04:12
52,39.983984,116.352976,2008-06-11 08:13:10
14,39.9703566,116.2719149,2009-01-13 09:12:45
13,40.167195,116.12877,2008-10-27 08:29:17
43,39.899857,116.686275,2009-06-09 12:44:09
9,39.959925,116.359115,2008-11-01 06:34:08
12,35.526097,116.857388,2008-11-16 19:49:50
148,33.1149066666667,114.035123333333,2011-05-14 20:09:48
24,39.820019,116.498115,2009-02-24 01:01:42
22,39.973613,116.334513,2009-04-28 09:26:25
126,40.005498,116.321315,2008-11-27 02:11:48
126,40.105815,116.098794,2008-09-29 02:51:20
26,39.421958,115.932349,2009-01-19 04:00:43
84,38.882829,115.497167,2008-09-25 10:34:58
43,39.799369,116.511014,2009-06-15 04:27:04
2,39.927091,116.337682,2009-02-21 13:32:40
144,39.977123,116.374736,2009-07-28 00:45:02
163,39.933229,116.427881,2011-02-07 13:12:35
163,39.967331,116.394476,2010-02-16 05:40:54
140,43.528865,117.2283116,2009-06-29 15:10:31
15,40.008272,116.317451,2009-03-03 00:51:13
140,43.9549633,117.5194533,2009-06-29 12:23:50
168,39.92602,116.319736,2011-07-12 11:23:17
22,39.968715,116.309431,2009-02-17 11:44:26
13,39.344204,118.640659,2008-10-02 01:06:35
50,39.96868515,116.263465883333,2009-08-02 13:07:38
66,39.992043,116.439932,2009-05-27 17:09:12
128,40.0094866,116.48267,2010-08-07 10:04:11
6,39.121827,117.194975,2008-10-31 06:59:10
52,39.985669,116.370824,2008-07-30 13:33:09
126,39.9686266,116.3135749,2008-06-29 12:16:01
140,28.7255316,115.8809716,2009-01-28 06:11:40
14,39.9639916,116.3630016,2008-12-16 02:42:30
153,39.952045,116.462104,2009-07-29 12:03:33
128,39.9855266,116.188565,2010-01-09 08:08:59
68,39.996645,116.417131,2008-12-06 05:06:21
163,40.03108,116.433944,2010-12-11 06:40:08
163,39.98738187,116.449232312,2012-06-09 16:22:44
100,39.978084279,116.304245257,2011-07-31 10:36:31
24,40.08748,116.433595,2009-02-04 09:53:01
14,39.9914066,116.3242899,2009-04-07 04:09:30
37,39.9812616,116.2556666,2009-04-19 18:41:33
18,39.9012933,116.3928349,2008-11-07 04:14:42
2,39.907485,116.370009,2009-03-19 14:25:59
10,37.150669,99.669748,2008-09-29 16:39:52
96,39.991247,116.334008,2008-09-07 13:51:34
37,39.9408516,116.4553733,2009-04-15 02:58:52
122,22.538363,113.973604,2009-07-21 13:20:52
35,39.990403,116.330114,2009-02-26 12:22:01
153,39.974941,116.456046,2009-09-06 11:10:27
85,39.9371383,116.3246299,2008-08-31 11:43:48
96,40.007847,116.319245,2008-12-01 17:40:19
10,33.09539,115.845809,2008-06-19 18:31:57
153,39.952677,116.486987,2009-03-29 07:42:50
144,40.0210083,116.4173099,2008-11-30 13:48:02
128,40.0766716,116.32612,2010-06-22 14:30:34
6,39.359118,117.044775,2008-12-07 11:02:31
22,39.951568,116.317643,2009-06-17 13:42:30
163,40.031115001,116.434184854,2011-11-14 08:38:49
153,30.252719691,120.173027474,2012-02-08 15:11:49
7,39.980365,116.338943,2008-11-03 10:02:44
78,39.975356,116.328859,2008-08-09 14:43:53
167,39.97529,116.362227,2008-05-30 04:00:29
30,39.917893,116.205624,2009-04-13 22:33:40
30,39.999735,116.318869,2009-02-24 00:59:12
39,39.890787,116.453698,2009-05-14 12:06:03
128,40.0694966,116.3135566,2008-07-01 01:33:54
17,39.9731383,116.3879966,2008-11-17 00:59:56
153,39.925825,116.471878,2009-02-14 11:06:28
22,46.621564,124.916183,2009-01-16 16:58:33
30,40.004874,116.320988,2009-04-09 05:36:46
163,40.014417,116.1961,2010-04-18 06:10:30
30,40.002023,116.324744,2009-06-22 15:36:43
112,39.9725483,116.3269149,2008-05-08 01:27:34
85,40.354385,116.006471,2009-07-05 06:49:57
167,40.003308,116.32153,2009-01-13 04:49:30
172,39.9769349,116.3290683,2008-07-18 11:47:02
14,40.0931449,116.4782516,2008-11-16 00:55:27
153,39.988289,116.46897,2010-02-16 09:20:15
85,39.981922,116.332451,2009-08-13 00:36:02
167,39.822463,118.200471,2008-06-07 02:48:51
153,25.367166,110.087398,2010-12-25 09:31:45
128,40.0777949,116.3032833,2010-05-30 01:53:32
140,41.0129699,117.9450133,2009-04-05 10:02:24
1,40.007765,116.32953,2008-11-21 00:20:25
115,39.9437866,116.533645,2008-06-11 23:28:17
128,40.0702866,116.328705,2010-08-03 01:29:51
126,39.982361,116.387094,2008-08-02 12:50:09
68,39.972316,116.415729,2008-11-28 11:29:34
128,39.9815883,116.3059499,2010-11-26 11:02:01
71,39.75787,118.730048333333,2011-12-31 15:09:17
37,39.8554466,116.3487716,2009-07-15 12:04:39
128,40.0506716,116.3006049,2010-03-30 01:39:30
10,36.616246,101.807909,2008-10-03 04:08:21
82,40.052324,116.400262,2009-03-11 15:46:10
78,39.97288,116.327415,2008-07-22 00:37:13
8,39.982248,116.347619,2008-11-18 05:55:37
155,40.069448,116.345798,2009-05-21 23:26:17
3,39.999866,116.326958,2008-12-07 19:27:40
4,39.960115,116.295582,2009-03-03 00:26:14
67,36.9679316666667,114.495953333333,2011-05-22 19:40:53
124,36.732166,95.138971,2008-10-02 14:56:10
179,39.985888,116.310065,2008-10-26 02:52:31
135,26.789612,111.977533,2009-01-25 02:38:08
163,42.461379,117.217768,2010-08-07 03:51:07
128,39.8467716,119.5161249,2009-08-07 10:59:51
10,39.163388,117.204693,2008-10-07 11:39:57
17,39.9848616,116.3330233,2009-06-23 07:32:32
119,39.999762,116.386779,2008-08-23 12:37:50
38,39.9448283,116.3178966,2009-03-07 08:55:10
14,39.9430816,116.4276233,2008-11-30 03:01:29
153,39.907166,116.412147,2009-06-19 03:16:29
34,39.9917116,116.3329733,2009-04-13 09:21:01
74,37.877635,115.61618,2012-01-29 02:49:00
68,39.969031,116.419621,2008-11-10 00:09:07
41,39.722725,116.10701,2009-03-06 13:03:59
3,39.907653,116.368331,2009-01-11 06:26:48
74,25.39981,116.648141666667,2012-01-19 06:46:02
17,39.9230833,116.2576333,2009-01-14 06:10:04
65,39.97525,116.317708333333,2011-09-13 00:57:56
34,39.8894366,116.3041799,2009-07-19 22:54:56
84,39.977605,116.016662,2008-09-14 01:56:31
144,40.0334366,116.43092,2008-09-23 10:22:17
3,40.007515,116.319842,2008-11-09 20:11:46
35,39.977921,116.300512,2009-04-16 03:43:20
50,39.9607467666667,116.301269533333,2009-08-10 06:48:26
41,40.3078433,116.5280133,2009-06-18 02:05:55
62,39.9874833,116.3014949,2008-08-19 07:51:24
126,39.987129,116.3271,2008-12-03 15:21:33
14,39.9387133,116.3493799,2009-03-03 07:31:30
17,39.9970366,116.380765,2009-01-08 03:00:49
41,39.945375,116.2740116,2009-03-03 05:35:12
24,40.053149,116.322062,2009-02-22 02:38:16
89,39.9622333,115.8831033,2008-05-18 04:18:13
22,39.973413,116.334107,2009-03-07 03:05:51
144,39.9677233,116.4127699,2008-08-25 10:10:17
13,39.987838,116.416447,2009-02-15 05:52:03
83,39.978195,116.3278333,2009-01-10 17:56:29
144,29.684249,121.277841,2009-08-27 01:42:36
153,39.888099,116.365751,2008-11-24 07:44:58
84,39.932268,116.420388,2008-07-22 00:22:55
153,39.965985,116.3224483,2008-06-28 13:34:12
50,39.9441948,116.303565983333,2009-08-19 06:37:51
3,40.007985,116.320991,2009-06-09 07:44:51
3,39.99174,116.327463,2009-01-15 11:06:53
42,39.7652033,116.3365149,2009-02-25 09:50:53
30,40.009669,116.314789,2009-02-07 09:59:25
153,40.333825,116.032303,2010-05-01 04:41:55
25,31.5923182,120.3071533,2009-01-18 02:49:38
3,38.412254,116.89839,2009-01-20 13:11:45
17,40.0687266,116.2891216,2009-06-20 15:29:42
68,39.968526,116.42396,2009-04-11 11:00:39
167,39.993137,117.387799,2008-06-07 01:43:28
38,39.9882133,116.3097983,2009-02-27 04:04:16
83,39.9354233,116.3666366,2009-09-19 12:02:33
153,40.267352,116.102422,2010-05-01 04:06:26
30,39.971516,116.316947,2009-04-09 11:52:26
128,39.9921183,116.3947433,2010-08-06 06:47:41
14,39.9446633,116.35772,2008-10-26 00:43:23
35,39.977925,116.300448,2009-03-17 04:19:03
41,40.2105233,116.6364316,2009-06-10 03:26:10
43,39.949658,116.314203,2009-02-08 11:54:10
84,39.935619,116.430889,2009-05-31 01:21:19
153,40.012622996,116.510413296,2012-01-17 14:40:40
35,39.981538,116.321178,2009-03-10 02:07:36
85,39.939871,116.303738,2008-10-23 02:30:14
75,30.604785,121.131285,2011-09-30 21:02:00
9,39.999607,116.336697,2008-10-29 00:21:53
153,39.973411,116.443278,2010-04-06 12:46:02
50,39.8658103942871,116.290534973145,2009-08-04 16:19:54
25,18.2415933,109.5026166,2009-02-12 13:03:54
68,39.995971,116.417662,2009-04-15 14:35:57
3,31.294043,121.545749,2009-03-22 10:51:37
20,39.9777683333333,116.33048,2011-08-28 16:38:02
163,42.011248,117.676348,2010-08-08 06:41:50
67,36.8977783333333,114.488365,2011-05-22 19:36:58
36,22.932639,115.541386,2009-02-02 00:34:46
17,39.922,116.3399733,2009-06-12 05:02:31
163,24.622938343,117.088434472,2011-12-19 15:10:35
11,39.8999749,116.3778616,2008-09-29 11:49:18
18,39.9305566,116.3995399,2008-11-06 09:38:15
153,39.966989,116.345128,2008-10-28 14:53:45
22,39.973922,116.332321,2009-04-28 08:05:32
36,39.97231,116.346772,2009-02-20 02:14:02
153,25.298015,110.163187,2010-12-25 02:01:41
84,39.954523,116.418847,2008-10-24 00:19:29
10,20.966307,110.03872,2007-09-21 15:06:40
50,39.8757438666667,116.289085383333,2009-08-04 09:07:28
153,39.973941,116.443449,2010-04-24 04:01:47
42,39.730545,116.3334299,2009-03-04 05:26:12
153,25.07249,110.301351,2010-12-27 01:27:18
126,40.16545,116.23831,2008-12-20 06:47:57
180,32.677554,115.596828,2009-05-29 03:18:23
41,39.8648049,116.2763983,2009-06-15 02:26:15
67,39.978991,116.332595,2011-03-12 21:50:14
22,39.973355,116.334132,2009-05-12 10:05:42
10,29.761058,118.357428,2007-12-31 06:14:06
153,39.951132,116.465307,2008-11-29 14:18:15
15,40.005505,116.324363,2009-03-03 09:42:24
85,39.981423,116.328053,2008-05-22 04:13:25
163,25.041909545,121.544156049,2012-05-15 17:35:21
168,40.00441,116.393975,2011-06-18 03:26:44
14,39.9822016,116.381325,2009-02-25 23:37:32
2,40.050621,116.300263,2009-02-18 10:53:33
10,31.449738,120.439726,2008-12-20 12:06:53
153,39.915015,116.47163,2008-11-07 00:05:54
4,39.999856,116.324799,2008-12-15 02:10:23
25,39.9743199,116.3593633,2009-03-18 10:15:49
25,35.451645,116.9077916,2009-01-12 05:41:00
144,40.0584133,116.4076116,2008-12-12 11:09:05
24,40.010941,116.272876,2009-01-17 04:32:59
140,40.0094599,116.1957283,2009-03-27 06:37:17
29,39.814468,116.505018,2009-01-14 00:00:12
10,35.304588,117.048873,2007-12-28 09:53:00
167,40.004688,116.318167,2008-05-15 12:22:00
38,39.9697349,116.2999516,2009-07-15 11:07:16
67,35.5816633333333,116.82877,2011-06-16 21:02:43
144,37.211193,96.351553,2009-07-06 20:31:28
167,39.906589,116.390034,2008-10-18 12:14:11
17,39.853475,116.365155,2009-05-22 05:39:59
163,41.375559,2.179983,2009-04-25 18:04:32
81,39.985012,116.326794,2008-06-08 01:33:50
38,40.0016083,116.2688816,2009-07-10 06:50:34
39,39.974769,116.363241,2009-02-12 00:07:32
153,39.936264,116.484025,2009-03-29 04:33:17
52,39.975283,116.358911,2008-08-31 23:56:18
10,32.175425,119.255704,2008-12-20 04:37:52
42,39.9078933,116.454125,2009-02-27 02:30:48
36,39.947686,116.410191,2009-02-17 06:08:35
75,39.9745316666667,116.331225,2011-09-03 00:28:31
20,39.975105,116.32187,2011-09-13 15:33:00
16,39.977107,116.300329,2008-11-23 04:18:37
153,48.727078,2.356307,2009-04-29 10:07:22
14,40.2094416,116.5251066,2009-02-15 09:49:55
141,39.9990733333333,116.265548333333,2011-10-22 06:57:51
128,40.0315366,116.3139033,2009-02-10 14:45:09
41,39.8641483,116.2672583,2009-05-19 01:27:52
168,27.296639,111.869347,2009-10-02 08:04:47
3,39.909018,116.577463,2009-04-19 10:51:52
152,40.003495,116.318731,2008-08-23 10:57:32
20,39.9774216666667,116.330601666667,2011-09-01 15:02:39
96,40.008031,116.31939,2008-07-17 20:38:16
52,39.99013,116.360309,2008-07-10 00:26:45
35,39.977886,116.300551,2009-03-11 05:26:11
163,39.98716428,116.395462387,2012-06-26 11:01:56
156,40.219556,116.237347,2009-07-09 06:58:02
22,40.058449,116.40433,2009-07-18 19:38:11
59,39.985555,116.315498333333,2011-03-12 10:30:20
65,40.01141,116.279043333333,2011-09-23 15:12:33
96,39.976755,116.331262,2008-07-15 03:12:56
128,39.9917583,116.3314933,2008-10-28 02:12:23
30,40.000601,116.321991,2009-04-23 01:32:15
126,40.001452,116.331112,2009-02-08 01:25:52
0,40.002482,116.326559,2009-06-09 13:35:07
95,40.464221,115.973812,2011-02-24 09:07:33
3,39.998574,116.326719,2009-01-19 09:56:50
17,39.9750566,116.3382866,2008-12-28 02:37:39
135,35.832568,114.309609,2009-01-24 13:07:41
128,39.9394983,116.3481966,2010-03-11 05:04:59
41,39.940425,116.5812283,2009-04-21 06:47:08
3,39.952251,116.801854,2009-04-14 13:48:41
128,39.8762883,116.342985,2009-02-08 08:30:24
52,36.509404,103.620157,2008-07-31 02:07:17
62,39.9910783,116.3132333,2007-12-14 06:11:00
140,27.1259733,114.9971999,2009-01-17 12:08:37
68,39.934594,116.4951,2009-07-06 08:15:39
25,39.9870949,116.3033216,2009-02-07 06:04:53
5,39.993579,116.326796,2009-02-22 09:39:45
17,39.9829933,116.3473016,2009-02-04 00:21:32
11,39.8646883,116.3939883,2008-10-01 01:08:21
124,33.556969,92.036921,2008-10-02 08:13:43
125,39.97445,116.331737,2008-10-06 12:56:50
163,39.986236,116.366811,2010-02-17 12:05:15
6,39.981255,116.341687,2008-11-12 11:40:52
153,30.695832709,120.502634049,2011-11-26 11:49:00
128,40.3619199,115.9334433,2009-01-01 08:12:18
23,26.7987333333333,112.06077,2009-01-17 02:41:54
128,39.9859583,116.3650599,2009-06-27 10:01:16
89,40.0249849,116.3072833,2008-05-11 07:18:06
163,38.868549,115.10224,2011-05-02 10:27:47
125,39.991526,116.325867,2008-08-24 05:38:24
128,32.1225816,115.1067549,2009-02-02 13:41:15
17,39.9744033,116.4672883,2009-02-16 13:42:38
153,39.958363,116.294925,2008-09-02 10:20:03
67,39.7228816666667,116.320868333333,2011-05-20 14:20:31
39,39.977158,116.338486,2009-05-09 23:52:50
30,40.002307,116.324473,2009-03-12 09:25:33
1,39.966319,116.34441,2008-12-09 05:16:27
180,36.733549,115.797783,2009-05-28 23:24:41
160,13.366754,103.851025,2010-12-28 08:43:47
14,40.1484566,116.523885,2008-11-16 03:46:21
177,39.939228,116.347431,2009-09-19 17:42:37
93,39.9761433,116.3302283,2008-07-14 17:54:00
115,40.0138516,116.4676316,2008-05-13 23:44:51
142,39.984659,116.318429,2008-12-26 07:49:54
141,39.99823,116.229863333333,2011-10-22 05:32:43
25,39.9888816,116.3092916,2009-03-05 11:18:48
11,39.9806683,116.3477449,2008-10-07 10:54:22
141,39.9794166666667,116.32702,2011-09-26 00:19:40
17,40.5146516,117.0853499,2009-06-14 09:43:20
39,39.890258,116.45442,2009-02-26 10:36:59
41,39.86963,116.4539749,2009-03-19 23:03:56
65,39.9230733333333,116.164225,2011-10-05 07:55:24
68,39.970293,116.419843,2009-07-12 13:52:18
13,40.167171,116.128802,2008-10-27 01:02:44
38,40.0596249,116.3441483,2009-07-18 05:42:51
153,39.995669,116.386936,2009-07-19 13:10:32
4,39.986298,116.327083,2009-01-13 02:43:25
41,39.9973466,116.2874333,2009-02-16 04:20:32
22,39.969939,116.30186,2009-03-07 01:24:33
62,39.9858883,116.3478649,2008-08-28 09:56:39
115,40.0166433,116.368335,2008-06-30 00:34:19
153,39.927331,116.483716,2011-02-02 03:11:46
128,40.07305,116.3285083,2008-04-27 07:31:59
42,39.9822366,116.3268466,2008-10-11 04:57:39
153,31.183299,121.471124,2010-08-28 06:11:06
28,39.930894,116.311565,2009-04-20 09:50:20
25,39.9909666,116.3002666,2009-05-06 03:33:31
148,40.0698066666667,116.305113333333,2011-07-10 05:53:42
2,39.87993,116.261062,2008-11-01 02:17:53
144,41.0453766,121.2494666,2008-09-29 02:19:27
163,39.979633951,116.448267065,2012-03-15 21:33:45
140,39.9855466,116.4372066,2009-07-17 19:56:35
163,39.968964,116.310097,2008-04-29 09:49:33
50,39.9839630166667,116.312782283333,2009-08-07 03:24:36
41,39.8640983,116.2698916,2009-07-09 03:52:45
84,18.412585,109.778533,2008-08-28 04:03:52
163,39.77433,116.41811,2010-04-03 06:36:58
153,30.7047668,104.049311408,2011-10-06 12:53:49
17,39.9671866,116.39241,2009-04-10 00:18:24
41,39.9873383,116.4091649,2009-02-17 00:38:39
4,40.001118,116.324765,2009-06-23 18:03:22
17,40.0030899,116.3805933,2009-03-22 08:18:47
44,39.971365,116.33327,2009-02-19 09:43:09
4,38.919858,121.548721,2009-02-08 03:14:06
1,40.01386,116.306515,2008-12-13 20:15:11
36,39.811106,116.198749,2009-07-06 00:15:01
85,39.896009,116.342407,2008-10-14 23:09:51
153,40.056957,116.540925,2008-08-01 05:43:46
39,40.36583,116.678182,2009-06-05 04:55:34
50,39.8897781333333,116.303916933333,2009-08-04 04:45:38
4,39.967132,116.315292,2009-06-21 10:57:30
27,33.326394,116.318118,2009-01-23 01:56:49
96,40.008289,116.319387,2008-12-02 01:51:35
81,39.934899,116.337429,2008-07-24 10:31:48
10,44.394057,125.629628,2007-08-05 17:03:28
15,40.04915,116.30744,2008-10-29 11:09:00
153,39.977916998,116.447314479,2012-02-21 08:12:29
142,39.945368,116.275719,2010-06-02 11:10:26
74,39.96962,116.303996666667,2012-01-12 12:23:35
4,40.009638,116.322645,2009-04-27 09:53:19
3,39.959879,116.269029,2009-04-10 08:19:18
3,39.999842,116.327257,2008-11-13 01:42:18
153,40.005579498,116.446826511,2011-10-15 09:52:07
35,39.981819,116.321147,2009-02-24 08:01:58
65,39.972612476,116.312430323,2011-08-10 22:09:45
144,40.039181,116.424467,2009-05-22 09:43:56
84,39.947976,116.3996,2009-08-08 22:07:33
10,36.751576,101.138986,2008-09-29 14:29:08
13,39.953065,116.412043,2008-11-02 02:17:21
96,40.007827,116.319453,2008-12-02 04:23:07
10,39.465819,115.968461,2008-09-28 14:06:59
39,40.051477,116.406011,2009-06-17 00:26:43
153,39.913299,116.471732,2009-06-23 11:18:37
41,40.1095866,117.0595033,2009-07-09 02:35:30
124,34.640621,92.869971,2008-10-01 00:24:50
25,31.2292049,121.4771433,2009-05-04 07:10:12
36,23.381006,116.18498,2009-02-01 23:14:48
163,39.90627,116.368214,2009-04-15 13:28:10
7,39.980735,116.337964,2008-11-14 10:41:12
3,39.996018,116.329227,2008-12-15 11:10:17
79,39.914756,116.350322,2010-05-27 13:19:44
41,39.8713983,116.2588216,2009-06-07 09:55:44
153,38.818495,114.301717,2011-05-02 08:52:05
167,39.975782,116.327254,2008-05-30 01:42:11
69,39.918195,116.300417,2008-05-27 13:49:20
0,40.003555,116.321462,2009-04-20 01:44:39
65,40.002055,116.325138333333,2011-10-25 09:18:27
43,39.907198,116.482379,2009-06-18 03:39:31
128,40.4423799,116.6614333,2009-12-26 02:18:51
30,40.028001,116.342684,2009-01-17 11:54:41
52,39.974507,116.311179,2008-08-27 13:03:10
153,24.519731577,117.704687801,2011-12-19 08:59:57
153,39.913085,116.468987,2008-11-22 10:13:16
41,39.9310733,116.2946049,2009-05-14 10:12:46
41,39.7826416,116.1754066,2009-04-28 10:10:30
1,39.981278,116.310499,2008-10-24 06:11:00
144,8.299232,98.379155,2009-03-22 07:40:07
22,46.621066,124.918067,2009-01-18 22:17:23
140,39.9402133,116.3492816,2009-08-16 11:06:22
17,39.9730516,116.3880183,2008-11-21 07:08:14
128,39.7825599,119.4176033,2008-08-12 00:37:53
67,31.8727533333333,117.245003333333,2011-05-22 08:53:07
153,40.395046,116.968559,2010-08-08 10:25:25
67,34.1899083333333,117.190433333333,2011-05-20 20:43:31
4,39.342071,121.856227,2009-01-20 20:43:33
153,39.972193,116.463508,2010-05-23 11:57:59
144,36.624686,101.753981,2009-07-05 00:03:25
153,39.9129399,116.4719549,2008-06-05 10:20:57
128,43.8913616,126.4201549,2009-10-02 05:27:53
153,40.029901,116.421228,2011-08-10 02:03:51
153,39.932305,116.432967,2009-06-14 10:01:58
68,39.950433,116.419226,2008-10-16 10:40:23
13,38.907089,121.587366,2009-01-30 08:47:17
35,39.974141,116.343278,2009-04-17 02:22:26
85,40.017969,116.319497,2009-09-08 11:38:02
163,39.946474,116.362935,2010-02-19 03:46:05
112,39.9752433,116.3293866,2008-05-04 10:29:54
82,40.013316,116.32447,2009-05-13 14:12:49
62,39.9750599,116.3217949,2007-12-19 01:11:42
124,37.276736,95.687013,2008-10-02 15:51:45
167,39.96958,116.420873,2008-05-30 05:03:10
130,40.00673,116.340187,2009-09-12 22:13:21
153,40.245031,116.138545,2010-05-14 11:04:47
17,40.0213899,116.3528283,2009-04-04 02:47:48
64,39.975423,116.32808,2008-08-28 10:21:30
163,42.466041,117.269176,2010-08-07 03:23:58
128,30.8248883,116.89345,2010-02-08 07:56:05
17,39.9770216,116.3479549,2008-11-23 15:27:19
10,39.85274,116.335251,2008-06-17 11:20:18
168,34.307718,108.758676,2011-07-31 01:32:04
13,38.88598,121.543708,2009-01-28 09:20:53
52,39.986739,116.377506,2008-07-10 00:08:25
5,40.011359,116.321372,2008-10-30 13:15:48
153,25.518999,110.06641,2010-12-25 02:40:42
25,39.9865166,116.3028283,2009-06-26 14:27:09
17,39.9176683,116.2687866,2009-03-06 07:47:02
156,39.865358,116.492915,2009-07-11 02:02:55
34,39.8886099,116.3450666,2009-02-18 04:15:20
10,37.705383,114.571909,2008-09-28 16:10:19
12,41.590515,125.896545,2008-09-30 07:26:36
9,40.003323,116.34317,2008-12-01 13:41:06
8,39.96649,116.331069,2008-12-06 10:50:37
144,7.745141,98.373598,2009-03-24 05:14:35
153,39.082491,113.647585,2011-05-02 00:24:43
4,39.985443,116.336724,2009-06-05 02:05:08
74,39.9768616666667,116.302958333333,2012-01-11 01:00:57
17,39.9926383,116.34705,2009-02-05 09:33:42
68,39.979735,116.414476,2008-10-05 13:58:18
41,39.8832216,116.2688383,2009-02-21 23:04:07
153,39.986941,116.449096,2010-10-29 17:11:46
153,30.157795316,120.320377319,2012-02-08 11:45:38
85,39.977557,116.333777,2009-08-21 11:36:53
74,39.9748433333333,116.303016666667,2012-02-26 01:30:39
74,39.97452,116.313688333333,2012-03-04 23:53:53
153,37.428915,-122.141263,2010-11-04 17:38:42
2,37.416679,110.771836,2009-01-28 08:07:10
165,39.9663016666667,116.327933333333,2011-11-18 01:22:31
153,39.987609,116.41599,2010-04-10 10:14:30
2,39.984276,116.320391,2009-01-09 05:39:49
0,39.995862,116.310393,2009-07-02 07:49:52
13,39.966967,116.392175,2008-12-05 10:20:27
153,39.965997,116.338595,2008-09-10 00:47:20
85,40.067499,116.404995,2009-09-11 19:18:59
153,43.660788,7.205938,2009-04-29 11:35:51
167,39.784013,118.21879,2008-08-10 09:37:54
153,30.490558899,120.395340566,2011-11-26 20:27:30
17,39.9286333,116.3495249,2009-04-02 06:26:53
41,40.2420199,116.1366816,2009-05-21 06:36:34
9,40.003394,116.343142,2008-10-25 10:32:27
19,39.8739666,116.3940216,2008-11-20 07:11:09
24,40.536088,117.124547,2009-05-14 04:49:03
7,39.98153,116.3437,2008-11-20 04:10:58
84,39.661435,116.090446,2008-09-25 09:49:48
0,39.766341,116.300744,2009-04-13 13:06:43
15,39.984993,116.319311,2008-11-14 00:27:22
4,40.0071,116.324192,2009-01-08 09:49:54
34,39.7268499,116.326505,2009-07-06 10:55:30
14,39.9665399,116.3715199,2008-12-04 11:35:16
153,39.986653,116.436297,2010-02-19 06:39:30
10,31.438303,120.451386,2008-12-20 10:08:24
84,39.907222,116.351288,2008-09-09 01:47:09
3,39.950932,116.317326,2008-11-21 07:35:20
148,30.57626,114.353536666667,2011-05-22 09:10:09
85,39.976823,116.331686,2008-11-03 01:34:51
68,39.996504,116.417128,2009-05-19 14:52:39
126,39.968442,116.421782,2008-11-29 08:53:58
115,39.9867666,116.3933949,2008-04-22 22:22:44
179,39.999863,116.327973,2008-09-15 13:13:04
15,39.993856,116.326782,2009-02-27 01:05:43
4,38.916034,121.557276,2009-02-09 06:45:59
44,39.959686,116.415928,2009-07-07 09:36:31
41,39.8413433,116.6794483,2009-05-09 01:25:42
50,39.929517,116.221748,2009-07-26 07:22:31
128,39.9829283,116.3274033,2008-11-14 13:13:22
68,39.970209,116.423422,2009-05-06 00:20:00
68,39.933899,116.543513,2009-07-04 17:39:57
172,50.1011233,8.6669066,2008-06-22 10:55:04
22,39.97335,116.333758,2009-06-09 07:00:13
65,39.904375,116.022626666667,2011-10-05 05:34:33
17,40.89809,117.262195,2009-01-24 04:10:10
65,39.9645566666667,116.325313333333,2011-09-17 02:49:23
10,36.109013,103.548498,2008-09-29 08:51:39
128,39.9756766,116.3317899,2008-09-24 12:37:06
65,39.9749166666667,116.311581666667,2011-08-30 00:55:13
40,39.9561,116.364818,2009-03-25 13:18:43
167,39.818839,119.481975,2008-06-08 07:07:39
159,39.9784,116.329903333333,2012-04-10 16:10:19
52,39.985282,116.352768,2008-07-01 11:24:24
22,40.026704,116.344954,2009-05-31 19:40:43
126,39.97111,116.42274,2008-04-27 08:22:19
179,40.043228,116.306076,2008-10-02 02:20:49
165,39.97689,116.310886666667,2011-11-12 08:58:54
34,40.0347783,116.3242649,2009-02-28 00:35:18
43,39.976267,116.310876,2009-04-21 07:25:35
119,39.953926,116.493151,2008-09-13 06:59:06
153,39.8918,116.420299,2009-10-02 05:27:14
25,40.1798016,116.23256,2009-05-10 04:03:55
30,39.907135,116.469222,2009-01-24 01:49:08
128,45.816785,121.2766516,2008-09-30 05:21:28
128,26.1415466,115.2827849,2010-10-05 11:26:06
153,39.975648,116.444843,2010-12-07 00:14:10
163,39.204293,113.605515,2011-05-02 00:10:44
0,40.003932,116.321453,2009-06-20 14:34:18
50,37.2011260986328,114.50129699707,2009-08-25 18:46:15
22,39.973401,116.334056,2009-07-15 08:08:12
84,39.937819,116.432873,2009-05-25 16:19:11
30,39.991692,116.323044,2009-01-15 14:49:09
167,40.00088,116.325241,2008-06-02 14:21:26
68,39.952398,116.41857,2009-02-22 09:58:53
25,31.4462133,120.102545,2009-01-14 03:59:20
3,39.998931,116.324299,2008-12-05 00:56:11
3,39.93661,116.322051,2008-12-18 02:07:53
22,40.058161,116.403734,2009-07-17 15:31:23
67,39.173615,117.183706666667,2011-06-17 01:29:37
67,39.9764416666667,116.331565,2011-04-27 12:59:06
67,39.13371,117.200973333333,2011-05-07 11:42:14
2,39.897794,116.208935,2008-11-23 11:15:27
65,39.973915,116.327658333333,2011-09-18 00:56:38
16,39.972883,116.338461,2008-11-21 12:37:44
128,39.9670333,115.0454,2008-07-13 02:23:17
153,39.927438,116.470831,2009-10-03 11:35:44
142,39.983609,116.29467,2010-09-22 02:58:27
25,39.984525,116.3105033,2009-06-05 11:36:23
4,39.97808,116.310089,2009-02-15 07:34:30
128,42.3900016,117.3562149,2009-07-11 07:20:10
50,39.8832740833333,116.30278015,2009-08-04 05:13:21
39,40.071547,116.416957,2009-05-07 15:47:46
50,39.9946441666667,116.199119566667,2009-08-24 12:59:07
0,40.00972,116.315152,2009-04-04 14:10:29
84,40.305563,116.330614,2009-05-18 08:55:14
65,39.8995166666667,116.024211666667,2011-10-05 06:50:34
130,39.936131,116.387591,2009-09-11 21:10:52
52,40.000394,116.379571,2008-07-16 14:22:52
68,39.995552,116.41834,2009-03-26 23:32:00
20,39.9796366666667,116.310798333333,2011-12-01 02:11:53
128,39.9416316,116.4555299,2009-08-21 09:21:20
125,39.974048,116.332169,2008-10-06 11:40:50
124,33.359511,91.920585,2008-10-01 02:28:15
25,31.2402866,121.4915116,2009-01-16 04:16:25
159,30.5357716666667,114.351605,2012-04-01 02:04:04
14,39.9999199,116.3743416,2008-11-13 10:08:33
78,39.974959,116.332928,2008-08-17 05:40:06
144,40.001774,116.489856,2009-07-04 02:00:24
155,39.967391,116.342758,2009-05-16 08:49:12
22,39.973433,116.33445,2009-04-03 10:05:20
39,39.890706,116.453408,2009-06-02 11:09:04
38,39.9685216,116.3086466,2009-02-25 12:59:57
41,40.0789066,116.4755933,2009-07-04 00:29:29
135,26.389057,111.620375,2009-01-26 15:22:33
153,39.9098633,116.4715633,2008-05-23 00:47:12
68,39.968085,116.412634,2009-03-31 10:13:11
144,7.68696,98.768849,2009-03-23 06:07:04
128,40.3605816,115.9857866,2010-08-08 01:57:49
78,39.9755233,116.3286933,2008-05-02 23:45:23
22,40.064479,116.373988,2009-07-09 13:20:15
62,35.80318,117.071155,2008-07-23 20:18:38
25,38.8753733,121.5523749,2009-06-07 13:01:13
46,40.029416,116.337499,2010-05-11 11:06:30
128,51.4140449,119.9700616,2008-10-04 00:19:23
167,40.000968,116.32204,2008-04-25 17:30:37
144,41.2170583,122.0228783,2008-09-29 04:48:49
167,39.975138,116.332162,2008-10-02 02:17:45
41,39.8689266,116.2615216,2009-03-30 03:31:05
68,39.978277,116.417786,2009-04-22 23:53:54
43,39.862519,116.651447,2009-06-22 00:58:05
135,30.097022,114.348174,2009-01-24 20:50:48
30,39.988094,116.310077,2009-05-21 13:14:59
84,40.011957,116.509957,2008-08-26 01:27:58
131,40.0388866,116.5323566,2009-04-21 11:09:32
62,32.0947949,118.7769383,2008-07-23 15:35:55
10,40.07141,116.308949,2009-01-14 06:05:43
0,40.006985,116.319268,2009-06-29 18:53:00
153,39.985469,116.450456,2011-07-21 09:59:47
3,39.998878,116.331951,2009-06-06 11:06:43
84,34.25458,108.942473,2008-09-28 06:28:33
17,40.9785433,117.3973916,2009-01-27 02:47:58
25,31.2274533,121.4926799,2009-01-15 10:53:06
9,39.999787,116.346114,2008-10-25 05:05:43
141,40.3571766666667,116.0024,2011-10-23 04:01:00
24,39.795549,116.524826,2009-02-24 01:05:32
153,47.882277,-122.233019,2010-11-11 18:17:47
172,59.8284483,-149.7926299,2008-06-27 22:05:57
20,39.9778616666667,116.331178333333,2011-08-28 15:25:52
25,39.9671283,116.3999399,2009-05-31 00:30:17
10,37.002618,98.536254,2008-10-02 18:51:28
163,48.0162,-122.174885,2010-11-11 03:59:19
33,39.951015,116.361854,2009-01-09 23:23:02
62,40.0015783,116.32181,2007-12-14 04:45:13
62,30.6593666,104.0649516,2008-10-02 10:10:59
153,39.964063,116.296646,2010-07-25 09:40:27
30,39.911497,116.268178,2009-04-27 05:28:39
23,39.865144,116.492529,2009-02-14 08:06:19
44,39.976735,116.339503,2009-04-14 09:40:29
65,39.9749083333333,116.311598333333,2011-09-15 12:23:34
68,30.525937,114.292162,2009-07-30 05:32:30
13,40.039516,116.409606,2008-10-18 02:19:27
85,39.919909,116.338103,2008-12-26 09:08:56
30,39.989663,116.407243,2009-06-01 12:59:41
141,39.975015,116.316848333333,2011-09-29 12:16:56
17,39.9860516,116.3777349,2008-12-26 09:19:17
37,39.8287733,116.2838649,2009-02-27 04:05:53
37,39.93961,116.4840566,2009-03-28 06:56:28
22,39.966115,116.317089,2009-03-26 13:15:03
17,39.9851016,116.3399366,2009-04-18 02:59:50
167,39.999835,116.325404,2008-06-17 09:42:36
35,40.013459,116.296475,2009-04-05 07:14:41
68,39.969394,116.41988,2009-03-09 10:07:41
128,40.0743799,116.3279116,2010-10-13 01:20:18
128,39.7853216,119.4178166,2008-08-12 01:14:52
41,39.94435,116.2684016,2009-05-06 07:15:14
84,39.972638,116.327643,2009-05-01 04:02:27
10,40.048148,116.61015,2008-10-03 18:22:32
17,39.9841183,116.3471766,2009-02-10 08:16:05
67,35.2696316666667,113.834118333333,2011-05-22 17:56:09
30,40.001142,116.326918,2009-04-10 00:31:16
128,39.9755433,116.3304716,2010-06-10 02:32:32
14,40.01986,116.4325633,2008-11-22 08:22:35
4,39.952814,116.317766,2009-07-19 06:20:48
24,39.965434,116.212494,2009-03-18 01:36:11
50,39.9810791,116.3042984,2009-08-02 07:12:05
163,39.986700163,116.380301552,2011-12-14 09:53:18
163,40.044147,116.575668,2010-11-13 13:15:19
62,39.9860999,116.3095766,2008-07-26 12:56:25
142,60.167544,24.945815,2010-05-16 16:32:09
85,39.978099,116.328765,2008-10-27 11:21:52
34,39.965465,116.4162149,2009-07-03 02:07:50
41,39.864165,116.2744916,2009-06-03 05:50:15
126,39.814787,119.483143,2008-06-09 02:30:43
25,39.9753116,116.3113,2009-06-05 04:35:24
141,39.9966016666667,116.274385,2011-10-22 07:47:56
35,40.030715,116.360068,2009-03-01 04:46:07
41,39.9483166,116.209035,2009-05-14 11:05:31
122,39.976055,116.332915,2009-09-22 18:27:05
17,39.9309383,116.3481266,2009-02-10 07:03:01
39,40.618197,117.077957,2009-06-27 02:41:27
128,40.332875,115.9744583,2009-04-04 04:13:39
115,39.9932483,116.380835,2008-05-04 23:55:29
39,40.465414,115.847436,2009-05-02 09:38:39
30,39.952313,116.80155,2009-05-01 12:03:22
135,29.808761,114.150756,2009-01-24 21:11:04
167,39.975299,116.329529,2008-05-21 13:37:07
65,39.9751733333333,116.319493333333,2011-08-25 14:51:57
3,40.005335,116.320344,2008-12-19 09:38:43
10,37.807062,112.586382,2007-10-21 21:27:40
14,39.986645,116.3205949,2009-01-20 04:14:41
130,39.957176,116.447515,2009-08-28 17:18:04
96,39.977007,116.356353,2008-10-03 03:42:16
24,40.372137,115.902452,2009-01-29 12:15:18
167,40.981554,117.93519,2008-05-02 07:12:34
65,39.9749116666667,116.304711666667,2011-08-26 01:17:38
50,39.8914031982422,116.368072509766,2009-08-09 07:50:34
15,39.991151,116.321632,2008-11-06 10:44:49
153,40.529868,117.111065,2009-09-19 13:37:52
84,39.934931,116.431254,2009-09-08 12:43:14
153,39.984879,116.456332,2010-01-16 12:11:35
128,40.0696533,116.3291183,2010-01-02 13:36:57
115,40.0215349,116.3812099,2008-06-30 00:11:05
74,35.8834233333333,115.913743333333,2012-01-29 00:17:50
163,37.515704,126.93992,2008-05-05 07:39:50
10,37.816942,112.581435,2007-10-17 23:48:09
126,39.793949,118.60846,2008-08-08 00:50:23
55,30.9159566666667,121.315976666667,2011-09-30 16:56:59
163,39.99178,116.215108,2008-05-16 05:59:17
41,39.8612316,116.2586716,2009-07-05 22:50:18
84,39.898176,116.341977,2008-08-01 00:24:45
153,27.644967632,117.967640724,2011-12-23 15:39:28
68,39.965404,116.418753,2009-05-26 04:40:49
122,40.473504,117.030224,2009-09-02 14:38:41
14,40.0038633,116.3091183,2009-04-07 03:38:52
17,39.8957149,116.2739933,2009-01-22 03:41:28
167,39.940508,116.319167,2008-11-04 13:16:42
34,39.7350816,116.3261533,2009-07-19 22:13:08
35,39.937005,116.366481,2009-04-04 04:45:38
163,40.444206,-3.591052,2009-04-19 20:44:14
124,31.446814,91.990518,2008-10-02 04:05:01
30,40.008544,116.317229,2009-02-08 02:14:11
153,39.774973,116.454269,2010-04-03 07:30:24
156,40.091866,116.293333,2009-07-09 10:19:20
48,40.967442,117.9312,2009-09-02 17:11:01
34,39.9592349,116.4162183,2009-07-20 02:27:05
15,39.946926,116.794675,2009-03-01 22:54:57
13,39.975394,116.332647,2008-11-13 03:07:27
85,39.94005,116.300809,2008-05-21 01:55:20
128,40.0744483,116.3280966,2009-08-11 00:13:58
52,40.006737,116.40107,2008-08-20 00:23:52
36,22.891387,114.797701,2009-02-02 01:21:33
68,39.96818,116.416498,2009-07-15 22:40:30
44,40.078965,116.325124,2009-02-25 12:07:16
62,39.987075,116.3032516,2008-10-20 10:35:45
122,40.796892,117.343351,2009-09-02 15:58:10
42,39.997405,116.3190316,2008-10-11 04:34:25
141,39.9937216666667,116.30327,2011-10-08 10:04:12
25,40.05198,116.2878633,2009-04-21 04:19:57
36,39.980163,116.338568,2009-04-10 16:20:55
112,39.972755,116.3277966,2008-05-22 15:59:04
68,39.994392,116.417871,2008-10-24 00:28:34
52,39.975048,116.336717,2008-08-24 23:43:33
163,39.990591703,116.457044038,2012-07-15 19:13:25
14,40.1927066,116.5251283,2008-11-23 02:09:48
37,39.85609,116.3797249,2009-07-16 09:27:06
128,26.2782583,116.3457333,2010-10-01 02:20:59
17,40.0167399,116.3418683,2009-06-28 16:02:36
144,39.9455,116.2714483,2008-05-17 08:39:56
128,39.9860566,116.3614299,2009-06-23 01:29:01
128,41.5672816,127.9451133,2009-10-05 05:32:26
153,40.014305,116.451889,2010-02-21 09:55:20
62,39.9657299,116.3172383,2008-12-15 03:33:40
128,40.069095,116.4757849,2009-06-14 09:11:15
17,40.9858683,117.4010449,2009-01-27 08:40:06
10,35.899228,94.611983,2008-10-02 12:54:42
10,39.862629,116.374798,2008-12-07 11:43:14
41,39.8752083,116.2715249,2009-03-30 04:34:37
157,39.8732833333333,116.247183333333,2007-08-08 03:16:33
10,31.254614,121.444171,2008-12-20 10:44:30
153,40.589806,117.163075,2009-09-19 13:27:14
17,39.8994383,116.3043449,2009-06-04 07:49:33
179,40.088276,116.305924,2008-08-20 14:25:29
25,40.0477233,116.2932116,2009-04-30 07:24:54
65,39.9642033333333,116.324973333333,2011-09-23 15:30:56
153,32.996767,-117.256705,2011-08-24 15:00:12
4,40.003054,116.325159,2009-04-17 09:28:10
34,39.9381316,116.3409316,2009-07-06 02:30:38
13,39.954626,116.422897,2009-01-19 19:54:26
153,39.981087,116.445959,2009-09-05 06:11:13
25,39.9886766,116.3068466,2009-05-11 03:27:25
30,39.990392,116.326807,2009-02-20 14:26:07
62,39.8462,116.2774366,2008-07-29 08:06:06
168,40.065848,116.405021,2011-08-02 16:51:47
85,39.863704,116.347017,2008-05-22 06:30:22
73,39.9722149,116.3246866,2008-08-20 10:08:28
41,39.9208883,116.3041466,2009-03-10 22:13:50
42,39.9058016,116.3441733,2009-02-11 09:00:00
41,39.88189,116.4447216,2009-06-08 01:35:59
144,39.9959183,116.4565316,2009-03-19 10:34:30
153,40.085988,116.574402,2009-05-07 21:20:50
141,40.008585,116.389095,2011-09-10 06:32:37
41,39.8292833,116.2972399,2009-05-16 05:01:06
84,39.987103,116.40928,2008-09-10 23:47:42
128,39.1321516,117.1922866,2008-11-08 07:47:35
10,40.078154,116.326578,2009-01-14 06:00:39
68,39.94135,116.410511,2009-03-14 07:13:42
35,39.981806,116.32121,2009-02-27 08:20:43
36,39.985697,116.347564,2009-03-17 05:16:32
22,39.973576,116.334332,2009-04-13 01:26:57
110,39.9907099,116.3122283,2007-12-29 17:13:12
38,39.9672399,116.3021783,2009-02-25 05:53:35
10,36.905527,111.951992,2007-10-21 16:59:45
26,39.986265,116.310163,2009-03-13 10:41:32
153,40.030997,116.434868,2011-09-19 09:26:13
41,39.9280599,116.4838,2009-02-17 00:18:50
50,39.90351105,116.36761475,2009-08-08 23:42:45
142,39.90636,116.367996,2008-12-25 14:01:03
52,40.029737,116.407949,2008-08-20 02:59:06
2,39.927612,116.337705,2008-11-07 13:08:11
153,39.948159,116.472526,2009-03-08 07:00:33
128,40.0765333,116.3269649,2011-01-04 12:00:40
10,39.146848,117.205871,2008-10-16 12:57:50
50,39.9725646972656,116.312492370605,2009-08-03 09:37:47
4,39.980943,116.299737,2009-06-17 05:52:21
4,40.017356,116.319904,2008-11-16 23:44:20
163,22.237488979,114.195490679,2012-05-07 18:53:38
85,40.069774,116.313525,2009-06-23 04:19:14
17,40.0763349,116.1806866,2009-04-06 07:25:32
25,39.9036516,116.4196583,2009-07-08 10:08:06
22,39.990829,116.313241,2009-02-21 00:20:27
128,41.9254933,117.7676483,2010-06-16 05:02:43
68,39.970422,116.418806,2009-01-15 02:12:12
96,39.977804,116.327142,2008-10-15 02:41:37
126,39.993724,116.309643,2008-10-16 08:56:26
2,39.898569,116.371007,2009-01-09 11:34:49
38,39.9691316,116.3025833,2009-03-07 00:51:21
41,39.8666816,116.2572283,2009-06-24 21:59:50
41,39.8718216,116.3152316,2009-03-14 12:56:53
115,39.9078,116.5923732,2008-05-22 12:19:03
167,39.944952,116.350016,2008-10-11 05:08:14
1,39.992358,116.210208,2008-10-25 10:34:31
10,39.981661,116.333348,2008-12-12 11:30:08
84,39.937092,116.332526,2008-08-20 12:30:34
41,40.0368866,116.7040233,2009-06-10 08:01:11
24,40.087421,116.433329,2009-05-18 10:14:39
153,39.953347,116.483425,2008-10-27 07:33:03
17,39.6371666,116.6875683,2009-05-28 04:44:01
65,39.9653283333333,116.325453333333,2011-09-17 04:06:54
3,39.99984,116.327174,2008-12-09 09:34:41
163,39.987599202,116.414879036,2012-06-29 08:00:38
153,39.985683,116.4609,2011-01-22 06:08:08
140,39.8921333333333,116.463516666667,2007-05-06 12:44:44
163,39.86499,116.4878666,2008-06-20 02:23:25
153,40.000175119,116.460153548,2011-11-17 08:16:28
36,22.968651,114.042356,2009-02-04 07:29:10
128,39.9679483,116.3279249,2008-07-08 10:32:33
96,40.080505,116.301535,2008-08-31 12:34:10
10,32.003904,119.586226,2008-12-20 08:37:52
85,39.9014,116.3366249,2008-09-16 10:25:19
10,34.262675,92.47653,2008-10-02 09:20:24
68,39.934883,116.410859,2008-10-02 04:15:07
168,39.996228,116.394425,2011-07-26 23:11:00
140,40.0022316,116.2036216,2009-03-27 09:26:29
112,39.97344,116.2785683,2008-05-24 11:18:51
14,39.997295,116.380715,2009-01-21 07:00:23
36,39.98591,116.345403,2009-03-17 06:59:07
16,40.000007,116.346393,2008-11-12 00:11:50
68,39.996299,116.417047,2009-04-10 11:55:46
141,39.979135,116.327003333333,2011-09-19 00:21:15
7,40.601034,116.731276,2008-11-01 09:54:31
153,39.9083933,116.4719616,2008-05-29 13:03:57
4,39.997372,116.321899,2009-04-16 00:22:33
17,39.9790683,116.3882033,2009-04-09 09:56:21
144,40.5922,117.48445,2008-07-12 07:26:48
42,39.7954016,116.3410249,2009-03-17 03:59:03
6,39.978422,116.339481,2008-12-01 11:00:18
163,37.366972,-121.918178,2010-11-03 18:08:50
78,39.774202,117.990531,2008-07-25 13:26:28
167,39.974984,116.329175,2008-12-08 15:49:23
41,39.8662083,116.2766083,2009-06-29 07:02:16
85,39.983615,116.305762,2009-08-08 09:49:14
147,39.975374,116.329749,2011-03-06 19:32:24
52,39.985986,116.352949,2008-06-09 17:46:01
153,39.9620566,116.3034183,2008-06-08 09:12:57
25,32.1872949,119.4606999,2009-07-08 21:15:18
68,39.781383,116.171458,2008-10-02 23:41:37
85,40.04086,116.307588,2009-09-10 11:27:20
34,39.9147783,116.3287516,2009-07-08 05:01:56
17,39.8667766,116.368195,2008-11-20 06:29:54
4,39.992111,116.326743,2009-02-20 14:27:03
153,40.049777597,116.424226405,2012-03-03 17:12:19
8,39.951867,116.344312,2008-11-12 14:02:48
153,39.986083,116.450753,2010-04-18 13:27:30
44,39.998007,116.326791,2009-03-25 08:45:19
127,41.728795,125.938959,2008-09-30 04:17:40
41,39.8956533,116.2848133,2009-06-11 05:45:39
153,25.751449,110.13418,2010-12-25 04:44:49
128,40.1837366,116.3588466,2009-12-19 07:32:19
37,39.9585316,116.4796866,2009-04-03 06:33:41
93,39.9036999,116.3934849,2008-08-23 10:24:33
30,40.002419,116.325539,2009-02-11 04:29:05
50,39.96783065,116.311508183333,2009-08-06 12:01:51
13,39.967641,116.403569,2008-11-16 23:43:13
167,40.382192,116.667966,2008-05-01 02:21:40
14,39.9995316,116.3756,2008-11-06 12:16:13
165,39.9913233333333,116.3313,2011-11-13 02:16:27
14,40.2768116,116.7095383,2009-01-21 02:15:47
35,39.981361,116.321321,2009-04-02 22:39:12
65,39.98297,116.329513333333,2011-09-18 01:14:07
144,39.995024,116.333949,2009-07-26 08:47:31
85,39.955373,116.271927,2008-09-29 12:02:32
17,39.9663166,116.3756816,2008-11-14 06:44:21
52,39.985319,116.35111,2008-06-05 08:33:33
153,39.960767,116.441723,2009-05-09 04:52:58
15,39.999348,116.3273,2009-03-03 09:36:13
12,34.275499,117.200177,2008-11-16 18:26:23
41,39.776555,116.4986866,2009-04-11 04:30:55
84,39.971201,116.502531,2008-08-24 06:06:26
17,39.9667366,116.3790466,2008-12-02 04:07:16
14,39.9846266,116.3179366,2008-10-30 09:22:07
17,39.9857433,116.3460233,2009-05-16 01:12:46
17,39.9673816,116.4069233,2009-01-20 00:40:32
22,40.058175,116.403836,2009-07-20 07:08:58
10,39.139578,117.198305,2009-01-24 08:49:04
17,39.9818166,116.3210149,2009-03-19 09:57:36
2,39.932311,116.454745,2008-12-13 02:27:56
2,39.923105,116.338746,2008-11-06 00:26:47
39,40.000031,116.354183,2009-02-15 10:48:44
3,31.171367,121.393153,2009-05-22 10:39:55
38,39.9861516,116.3054183,2009-03-01 04:04:54
50,39.9320526123047,116.306274414062,2009-08-04 19:14:08
92,40.0299366,116.4098899,2008-08-14 14:37:11
163,39.97495,116.341716666667,2007-10-23 14:59:47
84,40.21241,116.216158,2009-08-08 08:55:11
85,39.935858,116.333296,2008-11-10 04:56:11
10,35.717099,117.011578,2008-12-19 19:31:04
33,39.982448,116.326532,2008-12-23 01:07:37
153,30.685387772,104.04348397,2011-10-06 16:47:12
141,39.9859433333333,116.186486666667,2011-10-22 04:10:19
163,41.190123,117.792051,2010-08-06 10:54:49
84,39.973159,116.418506,2008-09-25 00:23:13
35,39.974565,116.343413,2009-02-27 02:00:53
2,39.900532,116.350717,2009-01-20 10:29:22
1,39.999098,116.16347,2008-10-25 04:52:52
37,39.9628583,116.2827299,2009-03-20 00:09:17
144,37.325059,116.339468,2009-05-27 18:49:54
37,39.9867316,116.3906333,2009-03-18 02:04:35
34,40.0750516,116.3171333,2009-02-15 03:54:18
126,40.221127,116.275326,2008-12-20 07:43:01
127,42.376418,125.42541,2008-09-29 22:25:00
179,40.005182,116.321372,2008-11-15 03:37:55
42,40.0874216,116.5434299,2009-05-06 08:08:58
153,39.926246,116.472076,2009-10-20 10:20:25
124,34.713901,92.879229,2008-10-01 00:14:57
4,39.99978,116.323676,2008-10-30 11:41:33
1,39.996981,116.177918,2008-10-25 07:49:36
167,41.012315,117.966839,2008-05-02 04:39:25
165,39.9773,116.310343333333,2011-11-18 01:48:22
153,39.888366,116.455185,2009-09-10 10:33:02
67,33.2342366666667,117.33102,2011-05-20 21:36:16
0,40.102556,116.082322,2009-06-13 08:18:57
12,39.515077,116.693063,2008-11-14 13:01:06
179,40.002423,116.315403,2008-10-26 05:46:37
68,39.941669,116.410453,2009-08-19 01:49:55
153,39.98934,116.451221,2009-07-14 09:15:43
17,40.0151016,116.3395499,2008-10-30 10:06:14
2,39.905932,116.363613,2009-02-27 14:14:55
10,41.93197,94.269295,2008-04-04 14:33:51
159,39.9783733333333,116.333983333333,2012-05-07 15:29:25
163,47.623388,-122.188525,2010-11-10 02:47:12
165,39.9914033333333,116.328206666667,2011-11-19 02:01:26
50,39.956772,116.284168,2009-07-21 13:27:49
67,39.977465,116.305263333333,2011-04-11 10:46:01
30,40.008747,116.316751,2009-05-24 16:50:44
41,39.8309183,116.4050233,2009-07-10 02:06:44
3,40.000898,116.326917,2009-06-24 09:45:33
30,40.006116,116.324193,2009-01-21 16:04:31
68,39.993753,116.417998,2009-05-10 13:36:29
144,40.0152149,116.4466533,2008-12-02 00:33:53
167,39.966653,116.383926,2008-06-01 05:48:16
125,39.893291,116.316372,2008-08-27 10:07:20
163,40.427506,115.526158,2011-04-30 01:23:04
8,39.960605,116.360715,2008-11-12 10:37:23
65,40.0763883333333,116.330435,2011-08-28 08:01:50
66,37.605188,116.373355,2009-10-08 10:44:41
153,40.020958,116.403639,2011-03-13 09:57:11
67,39.97777,116.335085,2011-04-09 15:59:33
167,39.980223,116.327505,2008-12-02 15:36:57
153,39.941484,116.304287,2008-09-08 09:48:49
153,39.956976,116.449658,2011-06-22 09:31:15
115,39.9094866,116.4558249,2008-08-24 15:15:03
144,40.03098,116.430491,2009-09-18 05:31:44
0,40.004368,116.322183,2009-04-24 03:55:30
15,39.985203,116.326925,2008-11-05 05:41:56
13,39.966942,116.376736,2008-10-15 23:41:04
4,40.008344,116.324308,2009-03-21 16:01:18
140,43.9254183,116.2367583,2009-07-01 11:46:26
30,40.006947,116.321156,2009-02-10 01:07:53
85,39.984787,116.326871,2008-10-20 07:16:31
126,39.813069,119.482658,2008-06-07 08:01:31
38,39.96887,116.3089149,2009-02-24 10:40:37
153,39.974430852,116.346983084,2011-10-29 14:16:52
22,39.992799,116.331105,2009-07-21 10:14:22
167,40.002092,116.268662,2008-09-29 01:47:39
85,39.980691,116.327873,2008-05-30 22:55:31
50,33.7281112670898,113.950355529785,2009-08-25 23:55:52
35,39.974937,116.342228,2009-04-13 02:55:16
165,39.9746416666667,116.309063333333,2011-11-21 01:31:35
82,40.059971,116.388246,2009-04-02 19:35:05
144,40.272059,116.648423,2009-08-09 07:37:21
179,40.087111,116.304885,2008-09-15 04:24:12
84,39.934798,116.402533,2008-10-30 11:36:55
2,39.923071,116.338387,2009-02-20 12:23:30
0,39.999645,116.327065,2009-05-16 12:03:51
115,39.9084933,116.5948316,2008-07-17 21:53:18
68,39.989586,116.419248,2009-06-01 10:52:49
85,40.041836,116.405113,2008-05-25 10:23:41
11,39.9440716,116.3501349,2008-11-13 06:21:10
122,40.714025,117.258674,2009-09-02 15:44:51
4,39.99166,116.327673,2009-02-16 10:44:23
153,40.002621728,116.445813207,2011-10-08 08:04:48
17,39.9922333,116.3811433,2009-04-03 08:56:24
33,40.1169,116.579632,2009-01-18 03:22:51
34,39.847405,116.3385299,2009-07-10 10:33:57
19,40.0940016,116.5187316,2008-11-14 05:04:57
135,39.968317,116.399578,2009-01-03 05:15:49
68,39.934425,116.303741,2009-06-19 10:47:46
36,39.943951,116.410458,2009-07-02 08:14:13
153,30.276099737,120.17455686,2011-12-12 16:36:44
128,40.1087283,116.0889249,2008-11-16 03:24:19
24,40.377124,115.894718,2009-01-28 02:45:38
73,39.8660983,116.4942466,2008-05-31 14:53:22
41,39.9106866,116.6510966,2009-04-29 07:21:45
67,30.308006,120.34988,2010-10-24 14:34:31
35,40.030267,116.360045,2009-03-08 04:01:05
62,39.8573649,116.4307733,2008-08-03 07:18:31
167,39.985677,116.334032,2009-02-07 00:56:37
167,39.987017,116.401864,2008-05-30 07:14:46
83,39.9764783,116.4043433,2009-01-09 01:52:37
84,39.934699,116.430225,2008-12-05 10:13:13
153,40.890353,117.605259,2010-08-08 09:31:23
163,40.063557,116.583029,2009-04-19 02:00:22
85,39.991239,116.331106,2009-09-15 12:32:23
65,39.9752316666667,116.32363,2011-09-05 11:06:24
41,40.0380483,116.6745933,2009-05-25 06:13:18
17,39.9820383,116.4099183,2008-12-10 08:42:57
20,39.979555,116.311553333333,2011-09-29 02:05:45
167,39.967735,116.347203,2008-09-20 06:43:53
144,41.6944583,123.0104499,2009-01-03 19:01:04
17,39.9834883,116.3779783,2008-11-06 02:10:15
34,40.0093799,116.3345066,2009-03-04 02:11:46
124,37.124991,97.599046,2008-10-02 17:56:26
4,38.920874,121.546366,2009-02-08 08:20:19
10,39.362798,117.033646,2008-12-20 21:51:06
41,39.9757333,116.4052833,2009-04-22 13:57:56
38,39.9950266,116.1966566,2009-07-12 20:11:28
144,39.987317,116.416333,2009-09-04 11:08:50
50,39.9678993225098,116.311805725098,2009-08-06 19:51:55
38,39.9685049,116.3094216,2009-03-09 13:16:10
4,40.002653,116.31803,2008-12-16 09:46:35
26,38.30902,114.659994,2009-01-19 05:41:31
62,39.9937916,116.2983066,2008-08-15 10:44:56
12,38.034333,116.574055,2008-11-14 15:01:57
74,39.9761816666667,116.331473333333,2012-02-21 13:53:51
126,39.972219,116.422846,2008-11-26 09:05:51
30,39.997793,116.326665,2009-03-09 10:40:11
70,39.954687,116.42308,2008-10-06 11:38:55
25,40.1553983,116.4026916,2009-04-05 02:27:42
44,40.069415,116.327181,2009-02-27 12:41:36
179,40.082849,116.314704,2008-10-26 01:53:35
153,39.916244,116.47185,2008-09-30 05:34:38
85,40.740098,117.321791,2009-09-04 09:26:53
153,39.965396,116.520001,2009-11-28 06:03:58
38,39.9669866,116.30758,2009-04-15 03:02:35
141,40.0181933333333,116.389488333333,2011-09-10 07:25:46
17,39.9328583,116.3494633,2009-04-13 05:50:11
153,39.960117,116.451104,2011-01-23 08:42:09
153,39.870806,116.347904,2011-02-02 04:50:28
165,39.974775,116.33336,2011-11-21 01:19:20
13,39.965742,116.418851,2008-10-19 23:28:59
28,39.944928,116.128388,2009-02-10 10:36:55
41,40.1532383,116.47619,2009-04-23 07:52:40
128,39.933655,116.3900516,2010-08-08 09:35:53
163,42.105049,117.645503,2010-08-07 00:31:39
42,39.8791083,116.34372,2009-02-13 09:10:27
30,39.946841,116.79353,2009-06-21 05:28:35
84,39.980043,116.328139,2008-08-25 14:05:35
144,40.005147,116.486671,2009-07-04 02:00:02
101,32.5059583,120.1420349,2008-02-02 12:34:10
38,39.9684066,116.3088849,2009-03-03 09:18:05
25,39.9483116,116.3874066,2009-03-11 03:33:40
63,36.585597,116.240096,2011-02-01 15:36:27
17,40.0167516,116.3421249,2009-06-21 14:13:16
68,37.944954,114.497293,2009-07-29 03:57:19
68,30.538599,114.307284,2009-07-30 03:32:25
14,39.9567783,116.3406633,2008-10-30 05:56:30
153,43.701069,7.264044,2009-04-29 18:16:28
140,39.9921449,116.4409083,2009-05-02 09:07:47
0,39.960579,116.363844,2009-07-02 06:10:33
128,40.0711183,116.32881,2009-09-22 00:52:17
153,39.941606,116.455875,2008-10-06 01:55:37
126,39.895966,116.614617,2008-06-07 01:05:08
121,39.905574,116.390233,2009-10-11 15:30:59
128,40.087195,116.3997649,2009-10-31 03:05:11
153,39.97691,116.452189,2009-10-02 10:26:22
10,37.063343,111.893087,2007-10-21 11:48:12
13,39.975147,116.343171,2008-11-06 23:32:01
35,39.981645,116.321076,2009-04-08 21:45:26
168,39.947712,116.39024,2011-06-28 23:10:12
128,26.8266266,114.9454133,2009-02-02 03:48:37
128,40.0766483,116.3257266,2009-07-27 11:53:54
9,39.992078,116.332445,2008-12-14 08:24:25
37,39.9324116,116.4379466,2009-04-13 03:01:56
65,39.9803066666667,116.328545,2011-09-02 10:53:08
88,39.9509516,116.3493666,2008-09-27 12:47:25
25,31.5813732,120.2900416,2009-01-30 08:27:40
153,39.9164699,116.471775,2008-06-06 00:37:30
75,31.1317266666667,121.809218333333,2011-09-30 16:22:09
167,39.971434,116.42199,2008-12-13 08:54:51
38,39.9679483,116.3088933,2009-03-22 14:13:32
62,39.9845966,116.3245799,2008-08-04 23:03:08
41,39.8668366,116.3406916,2009-04-16 00:54:36
67,39.947805,119.725063333333,2011-06-06 05:33:50
25,30.54683,114.2976499,2009-05-14 05:22:33
41,39.8692066,116.432735,2009-05-26 00:22:30
74,25.5010333333333,116.673488333333,2012-01-19 06:32:58
153,39.93224,116.465023,2008-09-28 04:46:06
163,40.016299568,116.387304857,2012-01-26 16:09:46
19,39.8961033,116.3882483,2008-12-11 04:48:27
17,40.0128949,116.2893083,2008-11-22 07:22:28
153,30.219513587,120.314359523,2011-11-07 12:38:14
17,39.985115,116.3423183,2009-03-13 10:38:33
119,40.001672,116.410837,2008-09-07 10:00:56
103,39.9706633,116.3485749,2008-09-02 04:58:13
4,39.940669,116.784306,2009-01-17 13:46:14
163,39.981355332,116.302069591,2011-12-09 10:33:56
144,40.023852,116.367796,2009-08-08 10:49:42
48,40.096804,116.474885,2009-09-04 16:47:38
128,39.995385,116.1932216,2009-09-20 02:22:17
41,39.9839366,116.2995583,2009-06-06 13:25:09
168,40.069579,116.342217,2009-09-29 12:08:14
25,39.9553216,116.3034133,2009-05-11 09:05:57
30,39.9471,116.784152,2009-03-07 06:01:44
128,39.91837,116.3502833,2009-05-17 04:41:24
135,35.061189,113.623653,2009-01-24 14:14:06
153,39.986092,116.449542,2011-01-05 00:00:02
128,39.9070866,116.4422183,2009-12-26 12:36:07
2,39.911516,116.346606,2009-02-17 11:16:12
52,39.985034,116.352629,2008-06-04 21:27:43
41,39.8482433,116.3208199,2009-04-19 04:32:37
22,40.069354,116.329389,2009-03-09 13:08:06
115,40.0016933,116.3281766,2008-09-20 08:56:39
78,39.921124,116.437821,2008-07-27 12:04:32
59,39.9776883333333,116.309706666667,2011-08-29 10:17:32
10,34.534113,110.473987,2008-04-05 21:28:43
41,39.8593499,116.2385433,2009-05-05 00:39:34
41,40.0447533,116.8008149,2009-05-20 06:57:45
153,39.967698,116.41127,2008-07-12 13:03:52
50,39.9734802246094,116.312408447266,2009-08-01 12:39:11
42,39.83814,116.2795316,2009-02-11 03:53:16
128,40.0330016,116.3386533,2009-08-27 00:31:43
17,40.9177516,117.3155583,2009-01-26 04:28:07
25,31.1951549,121.4050133,2009-05-03 04:13:21
124,31.048186,91.67505,2008-10-01 08:59:41
36,22.961175,115.659312,2009-02-02 00:25:15
96,40.007929,116.319452,2008-08-27 15:47:56
4,40.006034,116.324189,2009-04-08 03:07:05
17,39.9474183,116.3770416,2009-03-25 02:25:41
147,39.976636,116.302875,2011-05-12 09:48:20
153,39.980554207,116.449805862,2012-03-08 08:04:27
168,40.004908,116.401588,2011-06-26 22:20:45
153,39.992641,116.451009,2009-11-28 08:58:47
22,39.973387,116.334344,2009-06-17 07:58:09
17,40.0072466,116.3463333,2008-11-13 10:26:42
62,39.9852483,116.3069583,2008-08-05 11:39:10
163,24.486147651,117.736473092,2011-12-19 17:14:10
153,35.9145866,114.3396283,2008-05-09 04:19:48
42,39.917375,116.3126933,2009-04-06 05:12:09
68,39.973468,116.418402,2009-06-13 08:18:18
135,26.850579,112.387488,2009-01-25 01:59:24
17,40.0029999,116.3463683,2009-02-20 00:07:38
4,39.965871,116.305167,2009-03-22 12:13:19
153,25.031839413,121.244565683,2012-05-09 16:35:22
35,39.99074,116.330128,2009-04-02 12:33:02
4,39.949854,116.437762,2009-02-23 03:01:33
50,39.991772,116.338602,2009-07-25 14:02:47
135,39.941625,116.402114,2008-12-27 07:49:38
52,39.984798,116.352589,2008-06-05 08:25:11
128,40.0124849,116.3617133,2009-07-25 03:13:19
39,39.876435,116.395491,2009-04-05 03:59:50
17,39.9850816,116.4390233,2009-04-08 07:19:10
114,39.942953,116.204426,2010-05-10 13:49:55
128,40.2435133,116.1003049,2009-12-12 05:48:23
22,39.971904,116.333277,2009-02-23 05:19:29
128,40.0747216,116.32776,2010-09-06 11:49:18
68,39.960771,116.411821,2009-09-11 04:14:32
3,31.223078,121.42238,2009-05-23 07:25:23
84,39.940083,116.349711,2009-05-24 03:55:23
163,39.932214,116.471795,2009-04-11 06:37:04
128,40.1835866,116.3585616,2011-02-27 06:33:51
179,40.076415,116.306078,2008-11-07 14:07:52
10,39.152323,117.208368,2008-09-27 13:10:59
65,39.95313138,116.355336142,2011-08-07 18:20:14
153,39.961427,116.489393,2008-11-11 05:54:14
50,39.9897880554199,116.175468444824,2009-08-18 14:58:39
10,39.633548,116.455498,2008-12-19 14:48:27
73,39.8667716,116.4910549,2008-05-31 07:14:06
43,39.873204,116.651529,2009-06-17 01:36:48
17,39.9240433,116.2047283,2009-01-22 03:12:04
22,39.973619,116.332212,2009-07-09 04:37:40
128,40.0659799,116.3161616,2010-04-24 12:03:16
30,39.947626,116.802814,2009-02-05 07:15:52
153,48.853466,2.34757,2009-04-26 13:34:47
22,40.058498,116.404071,2009-07-11 22:26:16
153,39.986732,116.495842,2009-12-26 06:11:33
88,39.8559733,116.4115416,2008-10-04 12:54:03
67,39.948201,116.410596,2011-03-20 08:52:27
153,39.986124,116.449576,2010-04-19 09:51:20
50,39.9720764166667,116.253669733333,2009-08-01 03:29:52
78,39.974422,116.327335,2008-08-14 02:41:46
67,39.979078,116.332532,2011-03-12 21:50:32
68,40.037085,116.333921,2009-07-11 10:22:22
85,39.975107,116.321703,2008-05-06 10:16:56
85,39.944073,116.296042,2008-05-17 09:49:48
92,40.0106216,116.3124966,2008-07-03 15:21:18
4,40.009721,116.322833,2009-07-16 03:50:03
65,40.0009583333333,116.326433333333,2011-09-19 04:33:25
112,39.97232,116.3259483,2008-07-01 19:55:41
167,39.850048,119.416827,2008-06-07 04:44:27
140,39.9849066,116.3343916,2008-09-04 01:30:58
38,39.9618283,116.3033,2009-07-18 09:57:31
66,37.103922,116.499212,2009-10-08 10:03:02
163,39.903965664,116.394784137,2012-01-24 13:48:20
13,39.957002,116.419086,2008-12-11 23:24:55
42,39.9037166,116.2633549,2009-02-19 10:50:19
163,34.007833,-118.157289,2010-11-08 03:23:43
158,39.978432,116.33248,2009-01-24 07:36:00
141,39.9966616666667,116.276726666667,2011-10-22 08:03:30
7,39.925128,115.998463,2008-10-26 07:33:54
141,39.9771233333333,116.327156666667,2011-10-14 00:19:14
167,39.999791,116.322115,2008-05-04 04:56:09
3,40.079787,116.586701,2009-05-03 06:05:27
23,22.813795,108.36298,2009-01-23 00:21:15
163,33.658158,-118.003558,2010-11-07 14:22:42
42,39.984875,116.3272116,2008-10-13 14:20:31
167,39.981496,116.33315,2008-06-01 05:18:20
12,37.636621,116.382608,2008-11-14 15:23:15
167,39.979191,116.327628,2008-07-17 15:28:35
168,33.522769,114.031687,2009-09-30 12:27:11
74,29.66936,115.921916666667,2012-01-28 15:47:57
25,31.2351516,121.4881583,2009-05-15 00:16:44
153,39.993176,116.440852,2009-11-23 00:02:34
62,39.98286,116.3521616,2008-08-17 06:43:18
10,40.295921,116.525559,2009-02-14 03:56:37
42,39.7302983,116.3356449,2009-03-19 04:18:07
85,39.991631,116.333106,2008-05-07 03:19:43
128,40.0763816,116.3267799,2010-05-17 13:50:06
167,39.804532,119.446736,2008-08-08 02:31:34
4,38.909064,121.583183,2009-01-31 16:45:08
24,40.027043,116.307318,2009-03-13 09:55:11
22,40.026402,116.343792,2009-05-29 05:01:10
30,40.000235,116.326894,2009-02-15 10:06:50
1,40.01262,116.311853,2008-10-27 00:08:07
41,39.9084483,116.52446,2009-04-09 09:41:46
41,39.8687666,116.26086,2009-03-19 03:14:10
148,35.8106433333333,114.305388333333,2011-05-14 17:29:12
14,39.96167,116.3601233,2008-12-16 02:44:34
126,39.893858,116.455608,2008-08-10 12:35:50
41,40.0200266,116.2748599,2009-03-11 10:06:34
153,39.956085,116.48207,2009-08-29 02:31:25
133,24.723354,118.160728,2011-01-30 17:31:34
2,39.896909,116.208277,2008-11-09 11:17:48
128,39.9441983,116.3569583,2009-02-08 09:06:40
17,39.9856283,116.34281,2009-01-13 00:15:40
163,39.994553649,116.442396177,2012-07-17 07:44:19
68,39.958381,116.418751,2008-12-15 00:41:45
153,36.4744633,114.4190083,2008-05-09 04:51:52
30,40.008338,116.324177,2009-06-29 10:01:00
82,40.069357,116.31393,2009-05-07 00:49:56
14,39.9851766,116.3442783,2009-03-03 05:31:34
163,40.020577,116.435374,2011-02-07 03:30:23
153,41.62925,117.779426,2010-08-06 11:39:52
128,39.8765516,116.0954949,2010-10-30 03:53:25
28,40.309113,116.53562,2009-01-23 07:00:26
38,39.9950266,116.1972649,2009-07-23 15:25:26
25,39.99621,116.2976733,2009-01-03 02:37:47
163,39.9073,116.465183333333,2008-04-05 01:20:41
22,39.973508,116.334471,2009-06-06 10:59:06
35,39.977094,116.300718,2009-04-07 05:55:46
25,39.9913883,116.3202799,2009-04-02 12:04:36
144,39.7944516,117.0051799,2008-09-13 01:41:48
33,39.980546,116.700986,2009-01-16 11:02:48
4,39.900751,116.389515,2009-04-04 10:31:45
167,39.96732,116.396491,2008-04-22 11:43:32
42,39.8987916,116.3422016,2009-02-16 03:43:02
36,39.981831,116.344421,2009-04-07 11:53:05
4,39.969276,116.300606,2009-07-05 14:35:31
68,39.996204,116.417174,2008-11-08 18:33:17
58,39.9940133333333,116.331598333333,2011-03-11 01:29:14
22,40.055654,116.406534,2009-06-17 05:31:39
179,40.080189,116.301736,2008-10-21 01:30:24
153,39.961971,116.440017,2008-10-01 02:57:37
153,39.928664,116.472188,2008-11-14 10:25:12
65,39.8025133333333,116.484286666667,2011-08-30 11:43:59
163,22.279112019,114.18277665,2012-05-06 15:01:42
141,39.9853733333333,116.299806666667,2011-09-18 09:29:05
128,40.1741566,116.2346433,2010-06-05 11:14:23
89,39.963365,115.8818316,2008-05-18 04:14:46
153,39.950864,116.464191,2009-10-17 05:08:27
41,40.0225733,116.286945,2009-06-21 22:39:22
138,40.0032833333333,116.322116666667,2007-06-08 01:27:03
68,39.935929,116.31992,2009-06-28 04:42:31
68,37.81669,112.580692,2009-07-16 13:20:34
153,39.91473,116.471847,2009-07-16 04:22:20
4,40.000148,116.324684,2008-12-31 09:59:26
52,39.985344,116.348226,2008-07-09 15:43:57
1,39.960748,116.437675,2008-12-09 08:06:37
66,32.115687,118.880727,2009-10-07 15:43:16
128,40.0717416,116.3085516,2008-11-01 09:09:29
42,39.7038066,116.3321199,2009-03-19 04:46:20
62,39.9599399,116.4422566,2008-10-18 12:39:33
17,39.9061866,116.2371383,2009-04-16 09:54:50
128,40.0765733,116.3264533,2008-06-29 14:47:46
14,39.9752066,116.3456583,2008-12-16 03:10:07
126,39.9715533,116.39555,2008-06-02 07:17:59
30,39.994445,116.326455,2009-05-28 00:28:58
153,39.983068,116.450714,2011-06-13 23:37:33
153,39.941449,116.380567,2009-04-05 06:52:22
153,40.032636131,116.560738248,2011-12-24 15:53:41
144,1.075056,103.71766,2009-03-25 14:40:30
147,39.975044,116.318225,2011-04-29 10:10:37
30,40.003193,116.321436,2009-02-08 02:18:06
165,39.9750983333333,116.324958333333,2011-11-19 03:18:20
95,40.027639,116.312924,2011-03-07 11:04:50
140,42.5789583,117.13647,2009-07-03 16:56:46
34,39.984245,116.3097349,2009-03-19 09:23:32
68,39.960557,116.418943,2009-03-13 09:11:54
26,39.820746,116.281461,2009-04-15 05:08:52
34,40.0343499,116.3374783,2009-04-06 09:27:47
10,36.250985,116.986348,2008-06-18 22:37:41
4,39.99114,116.316554,2009-07-19 12:21:26
17,39.4433399,116.6442283,2009-05-28 13:11:38
95,39.974745,116.310243333333,2011-05-22 16:27:30
41,39.6972416,116.3115649,2009-05-03 08:27:26
3,39.936233,116.367511,2009-02-27 10:36:18
34,39.8813833,116.3426833,2009-03-12 04:45:28
65,39.9689083333333,116.328108333333,2011-09-18 00:54:20
17,39.8875599,116.1902483,2008-12-22 07:54:06
153,39.892563,116.301142,2011-05-11 13:02:51
81,40.091261,116.172623,2008-05-23 08:56:26
3,40.007148,116.320959,2009-02-28 04:54:42
140,39.9145283,116.43834,2009-03-14 05:29:30
163,39.932283,116.463637,2009-08-30 11:05:02
22,39.974723,116.310736,2009-03-08 10:37:52
9,39.989815,116.329278,2008-11-08 10:47:01
13,39.97527,116.332023,2008-12-10 12:22:56
42,39.8254833,116.2839416,2009-02-11 08:04:25
4,39.950304,116.318475,2009-07-24 09:03:14
144,37.0246383,111.8327066,2009-01-27 10:53:33
165,39.96874,116.327696666667,2011-11-19 06:30:11
128,49.5886299,117.44091,2008-09-30 11:04:22
30,40.000387,116.327033,2009-05-15 05:31:04
126,39.970257,116.422016,2009-01-15 08:44:50
17,40.0249033,116.3452299,2008-12-05 08:49:58
41,39.85507,116.2325,2009-05-16 04:01:30
28,39.924111,116.190617,2009-04-14 22:49:48
128,26.0484199,115.2022749,2010-10-05 02:54:53
28,41.771581,117.896443,2009-01-24 03:21:51
4,39.986282,116.310365,2009-03-13 11:17:58
153,40.077998,116.304107,2011-04-23 09:27:36
85,40.066207,116.404932,2009-09-11 14:26:21
7,39.786499,116.380425,2008-12-12 07:14:47
30,40.005941,116.317713,2009-04-02 11:34:39
128,47.4116533,-121.4181816,2009-02-28 19:26:16
84,39.932183,116.432483,2008-10-31 00:40:26
30,39.906748,116.497146,2009-06-05 12:30:54
50,39.96645355,116.333045966667,2009-08-08 07:28:29
62,39.8912383,116.2242999,2008-08-13 09:03:13
153,39.905901,116.350484,2011-01-22 03:00:39
10,40.068123,116.61372,2008-10-03 09:47:48
85,40.066423,116.404963,2009-09-11 14:50:49
180,33.603219,115.801837,2009-05-29 02:27:25
126,39.814801,119.483042,2008-06-08 04:24:49
153,39.999788,116.461611,2009-10-02 04:27:31
96,40.007504,116.319698,2008-10-01 14:15:35
23,39.90232,116.421591666667,2009-01-12 14:00:29
10,44.566505,129.130615,2007-08-05 07:55:26
153,39.986686,116.450809,2010-12-04 04:32:32
128,40.0423049,116.3315199,2010-08-26 01:59:42
10,39.894707,116.217733,2007-10-22 05:18:49
41,39.8365799,116.5270399,2009-06-09 06:08:18
25,39.9840133,116.3544833,2009-07-06 03:59:50
92,40.0301533,116.4112683,2008-08-16 13:14:59
71,40.4791983333333,116.816411666667,2012-05-05 08:45:54
128,39.9757066,116.3306566,2008-12-09 02:57:57
153,39.986637,116.487678,2008-11-11 04:30:24
25,31.5950699,120.3462883,2009-01-25 07:07:25
17,39.9871233,116.3972583,2008-12-23 05:49:51
96,39.993503,116.326931,2008-10-20 15:28:28
39,39.891116,116.454663,2009-06-17 09:56:30
153,25.26822,110.279234,2010-12-27 02:09:22
65,39.9644966666667,116.315633333333,2011-10-25 00:34:47
96,40.008277,116.319335,2008-10-27 23:03:01
3,40.009014,116.316518,2009-02-22 10:42:37
41,39.9418616,116.2681483,2009-05-06 07:15:30
36,39.982738,116.338999,2009-03-19 10:43:44
12,31.320919,121.543681,2008-11-16 07:16:45
36,39.958916,116.432398,2009-07-09 06:42:51
165,39.9771583333333,116.304583333333,2011-11-07 01:02:23
125,40.007649,116.319818,2008-09-25 16:10:03
179,40.001782,116.321452,2008-09-13 11:27:55
67,39.9769516666667,116.331745,2011-05-23 01:19:08
17,39.96097,116.3735249,2009-07-03 05:48:44
5,39.991496,116.330133,2009-02-22 07:31:55
12,36.161082,117.108378,2008-11-16 20:39:42
52,39.984829,116.352755,2008-06-09 14:39:09
67,33.9358,117.096286666667,2011-06-16 18:47:02
163,39.987818,116.447446,2010-10-30 06:11:30
153,39.985171,116.342046,2010-04-18 12:49:34
85,39.975398,116.355383,2008-09-26 09:47:09
41,39.86575,116.2995933,2009-06-19 01:13:59
3,39.974726,116.333789,2009-01-11 04:38:04
128,39.9753333,116.3322633,2009-08-25 01:49:44
163,39.979693821,116.448856571,2012-05-24 08:48:16
36,40.000428,116.37092,2009-03-22 12:29:22
84,36.038484,114.342993,2008-09-25 14:57:38
42,39.9055583,116.3368783,2009-04-10 10:29:39
41,39.9057199,116.2678316,2009-05-15 03:11:48
153,39.93209,116.459402,2008-08-20 08:00:43
163,48.860091,2.291015,2009-04-26 19:48:14
128,40.0583316,116.3200266,2008-05-16 14:20:19
128,39.9950916,116.1954783,2009-09-20 02:18:22
104,39.9486983,116.3177516,2008-10-09 15:16:23
62,39.9875333,116.3027999,2008-08-21 08:09:12
15,39.934189,116.759869,2009-03-01 10:10:54
167,39.976376,116.327676,2008-07-18 09:45:20
62,39.9852066,116.3461466,2008-11-09 08:29:54
96,39.998101,116.326226,2008-10-16 01:48:10
142,39.981758,116.306619,2008-12-23 11:55:36
68,39.943253,116.45572,2009-02-21 01:08:33
17,39.9845,116.3265999,2009-05-16 04:23:51
65,39.9644266666667,116.324611666667,2011-10-12 12:24:51
17,40.77333,117.2020266,2009-01-24 03:44:08
128,42.3718849,128.0001833,2009-10-04 04:32:29
68,39.987447,116.417695,2009-07-19 14:27:27
22,39.973455,116.33398,2009-04-14 01:36:14
68,39.957446,116.418965,2009-04-03 04:08:31
153,39.99017318,116.441918301,2011-10-10 07:54:11
68,40.060618,116.374499,2009-08-30 08:14:16
128,37.7545199,116.5282666,2010-02-07 06:22:50
50,39.9217910766602,116.335540771484,2009-08-09 07:27:05
153,39.965662,116.457278,2011-01-29 15:05:02
163,39.8651433,116.4866116,2008-06-20 08:26:01
67,40.065896,116.370637,2011-03-05 12:55:08
144,39.869613,116.45521,2009-09-06 09:38:43
65,39.9662516666667,116.297803333333,2011-09-08 02:30:51
50,39.9083671569824,116.304542541504,2009-08-19 16:26:43
84,39.932843,116.4552,2008-12-06 00:25:51
128,40.0765183,116.3241116,2009-02-06 12:40:08
82,40.063122,116.37706,2009-05-10 13:41:26
153,39.976263,116.445807,2011-04-17 23:57:20
115,39.7916349,119.4244416,2008-05-01 08:16:10
30,39.907838,116.595819,2009-03-06 13:15:19
10,36.818523,116.721631,2008-06-18 21:09:23
65,39.981405,116.306461,2009-09-26 11:27:21
74,39.700675,116.345306666667,2012-01-29 04:45:11
41,39.8662516,116.5858516,2009-04-09 01:18:23
18,39.865635,116.3834483,2008-11-11 10:12:01
128,41.9306833,117.280695,2010-06-13 07:21:31
120,40.9382199,117.3326466,2009-09-19 10:18:00
163,39.987811,116.429288,2010-10-04 10:02:32
43,39.949845,116.314057,2009-02-14 06:06:35
128,40.10049,116.3771366,2010-08-28 05:43:18
85,39.865288,116.346603,2008-12-08 23:59:20
179,39.939096,116.319297,2008-08-21 10:54:10
67,39.9788816666667,116.33262,2011-05-12 22:42:50
11,39.9775716,116.3636216,2008-10-26 06:39:20
128,39.9754349,116.3329599,2009-05-27 01:23:30
96,39.983033,116.326399,2008-08-25 13:58:56
17,40.0179416,116.3355166,2009-02-23 15:38:08
22,39.973289,116.333943,2009-06-26 01:32:28
40,39.951255,116.362008,2009-03-25 20:35:16
41,39.8708183,116.2653533,2009-04-13 05:08:08
36,39.978736,116.34258,2009-03-03 14:28:38
179,40.090445,116.301661,2008-08-22 03:38:30
10,39.153676,117.207886,2009-02-13 10:33:08
52,39.931107,116.326696,2008-06-01 13:16:42
153,39.947282,116.455674,2011-06-17 09:36:22
30,40.005666,116.317817,2009-06-10 00:32:28
10,34.444415,117.301904,2008-06-19 01:52:00
25,39.9880783,116.3047733,2009-03-30 10:42:58
165,39.9777133333333,116.300596666667,2011-11-19 05:21:25
96,39.996586,116.326405,2008-07-29 01:12:59
85,39.966157,116.336866,2009-09-23 11:50:29
31,40.074235,116.582059,2009-01-23 22:34:35
153,39.905974,116.342073,2009-10-11 04:27:17
153,48.871035,2.345482,2009-04-27 09:19:58
153,40.028637,116.551714,2010-03-27 06:21:18
141,39.9772866666667,116.331175,2011-10-09 11:43:12
135,32.159852,114.062762,2009-01-24 17:26:26
33,39.951345,116.36191,2009-01-11 19:51:21
85,39.937128,116.320381,2008-12-30 12:24:08
2,39.925404,116.33308,2008-11-22 02:47:00
124,35.871265,94.487491,2008-10-02 12:46:58
30,40.008045,116.321181,2009-01-21 00:55:00
17,40.1515833,116.2914083,2008-11-22 08:27:27
163,39.987594,116.420403,2009-12-24 11:45:52
144,40.0331583,116.4309933,2008-11-03 23:54:39
82,40.05253,116.399909,2009-03-10 16:06:58
10,42.963952,89.167665,2008-04-04 05:00:59
22,39.949903,116.31291,2009-04-19 11:39:52
52,39.985898,116.350504,2008-06-05 08:39:43
25,39.9848433,116.3211833,2009-06-05 11:23:16
125,40.010521,116.37155,2008-08-20 02:28:59
39,39.995048,116.359329,2009-07-03 11:52:59
52,39.926962,116.391126,2008-07-20 05:42:13
167,39.999554,116.325844,2008-06-03 01:09:59
3,39.990068,116.327746,2009-02-16 06:06:16
75,39.979339543,116.309203693,2011-08-09 22:05:26
163,40.016538023,116.401495384,2011-10-28 08:44:29
128,40.0732833,116.3284183,2010-08-04 13:22:21
17,39.9948383,116.3466283,2009-06-20 13:13:18
0,39.938741,116.327817,2009-05-28 10:28:19
4,31.232258,121.470842,2009-05-23 03:20:01
153,29.826980681,119.769371379,2011-11-01 11:33:50
24,40.074783,116.232874,2009-05-19 05:24:02
38,39.8832233,116.4689233,2009-07-23 08:39:10
3,39.996175,116.326639,2009-04-30 04:48:12
78,39.9330666,116.3868966,2008-05-17 22:20:14
24,40.039099,116.325397,2009-01-21 10:36:31
10,37.012158,98.596403,2008-09-29 19:46:27
59,39.9854466666667,116.31603,2011-03-12 09:30:38
41,39.9135166,116.3506033,2009-04-15 01:51:30
10,38.621633,115.027978,2008-09-28 14:58:42
16,39.966192,116.319526,2008-11-18 06:14:19
67,39.9766783333333,116.331676666667,2011-04-28 11:55:42
23,24.179253,109.305904,2009-02-12 03:31:50
142,39.984425,116.327038,2008-12-26 07:39:54
4,40.005949,116.320654,2008-12-14 05:01:03
36,22.826589,115.289535,2009-02-02 00:50:55
153,39.911707,116.457777,2010-10-14 08:49:35
25,31.5758916,120.2964366,2009-01-17 04:15:14
65,39.9682216666667,116.423736666667,2011-08-30 12:53:20
67,39.107115,117.163285,2011-05-07 08:04:26
0,40.000037,116.327151,2009-04-02 15:34:51
30,39.902875,116.42111,2009-07-18 03:25:26
163,42.361147747,-71.081688299,2012-04-12 07:20:43
128,39.9755683,116.3340266,2009-09-16 13:37:30
172,59.85256,-149.4143149,2008-06-28 00:27:02
38,39.8607866,116.4112899,2009-03-16 00:19:12
2,39.913421,116.339981,2008-11-08 05:55:18
17,39.9476883,116.4059716,2009-03-25 02:29:35
140,41.0124449,117.9275949,2009-04-06 04:52:52
85,39.923579,116.399871,2009-03-09 07:07:43
153,40.030786,116.421482,2011-08-09 03:19:39
167,40.945512,117.341293,2008-05-01 04:48:57
153,39.976534,116.446056,2011-08-10 23:52:13
41,39.859345,116.2579783,2009-05-17 08:53:18
85,39.987244,116.414998,2008-08-03 08:14:03
14,39.9859783,116.367985,2008-10-27 10:46:48
85,40.05869,116.387718,2009-09-21 00:00:56
39,40.051506,116.405361,2009-06-25 00:27:47
141,40.359935,116.006726666667,2011-10-23 02:39:49
68,39.909672,116.350557,2009-08-01 11:59:31
92,39.9657166,116.3148933,2008-07-03 14:51:32
153,25.036890393,121.499103102,2012-05-15 18:56:45
68,39.962976,116.411894,2009-07-11 01:51:39
26,40.029086,116.313178,2009-04-05 03:40:20
179,40.069612,116.309928,2008-09-08 12:14:15
153,39.93901,116.455498,2011-07-09 10:15:58
30,40.219346,116.251827,2009-01-17 04:29:29
0,39.996869,116.32169,2009-04-26 10:18:40
153,38.983909,113.565598,2011-05-02 05:28:29
41,39.8700366,116.2639899,2009-06-30 05:18:44
42,39.9977533,116.3193816,2008-10-15 03:17:28
25,30.61701,114.2513633,2009-05-15 02:48:36
13,38.877382,121.542425,2009-01-28 09:10:23
35,39.937692,116.307087,2009-03-07 08:22:41
0,40.121351,116.206927,2009-06-13 02:29:54
142,40.021723,116.274811,2010-06-15 12:56:11
10,40.226485,116.255313,2009-01-16 02:27:04
68,39.963331,116.411752,2009-07-18 09:28:51
153,39.975311,116.445102,2010-12-02 09:47:27
30,39.951591,116.798383,2009-03-13 12:43:29
85,39.980935,116.327647,2008-05-06 10:57:41
167,39.979821,116.310294,2008-09-12 12:46:52
25,40.046465,116.2938616,2009-04-30 07:14:10
42,39.8691133,116.4551499,2009-02-16 10:22:29
25,40.0137033,116.4607849,2009-06-25 00:29:40
35,39.981765,116.321073,2009-03-08 22:33:01
30,40.00509,116.324165,2009-01-22 10:04:23
10,29.977098,121.417228,2008-05-19 06:16:39
17,39.9859066,116.3585016,2009-01-19 14:56:48
153,39.921657,116.471037,2009-09-15 10:04:38
65,39.9795833333333,116.314875,2011-09-11 13:29:32
0,39.999946,116.324303,2008-11-22 01:55:34
42,39.9966116,116.3267616,2008-10-30 15:27:57
38,39.9765283,116.3111916,2009-02-21 11:51:59
10,20.448533,110.102163,2007-09-21 15:57:54
84,39.975098,116.331187,2008-10-09 12:08:03
67,39.9795983333333,116.305636666667,2011-04-20 05:50:47
38,39.9228633,116.3097299,2009-02-13 13:03:04
85,39.972993,116.346774,2009-09-09 11:45:54
41,39.8641583,116.2642099,2009-06-15 00:21:31
126,39.991689,116.326427,2009-02-04 04:56:19
38,39.9634016,116.3082783,2009-07-10 10:29:52
85,39.908673,116.303847,2008-10-23 02:39:58
128,22.202305,113.9249899,2008-11-22 00:57:11
111,36.08505,103.6926,2009-07-25 12:53:12
25,39.9861216,116.3100166,2009-03-06 00:48:52
65,39.962915,116.317755,2011-10-08 00:49:03
30,40.007874,116.324165,2009-02-15 05:29:12
62,39.9854816,116.3044766,2008-09-24 07:35:33
24,40.360499,116.666133,2009-03-14 03:32:39
25,31.2298183,121.4570783,2009-01-15 06:47:03
25,39.9960883,116.2929949,2009-04-13 03:43:53
163,23.489300056,120.754779392,2012-05-14 11:30:40
41,40.2606566,116.5732182,2009-07-04 00:45:36
153,39.987814,116.430591,2010-01-24 11:00:06
25,39.9869783,116.3044116,2009-03-17 13:54:24
50,39.99977875,116.27661895,2009-08-17 06:38:00
10,41.871868,84.138752,2008-04-03 16:40:44
4,40.007017,116.324149,2009-01-06 12:32:51
74,39.98157,116.296061666667,2012-03-12 12:43:43
84,39.921228,116.374703,2009-04-18 01:57:22
10,18.371047,109.036762,2007-09-22 05:23:31
34,39.9673699,116.3957399,2009-07-08 05:51:17
30,39.930444,116.268598,2009-04-12 08:19:07
82,40.052405,116.40081,2009-04-24 21:29:10
36,36.914718,115.712299,2009-02-05 03:03:53
68,39.996626,116.417269,2008-11-08 17:43:01
50,39.9946060166667,116.199241633333,2009-08-24 22:52:49
28,40.601352,117.022806,2009-01-23 08:25:10
14,39.9784316,116.3746016,2009-02-24 12:01:22
168,40.049074,116.398668,2011-06-22 14:22:46
163,25.276105,110.259198,2010-12-23 05:32:39
153,39.886514,116.471254,2009-04-04 05:28:35
20,39.9749633333333,116.31751,2011-08-30 01:30:50
153,39.985336,116.457779,2011-07-16 04:07:13
119,39.999917,116.385889,2008-09-15 07:01:35
34,39.8000349,116.2817699,2009-04-17 07:21:13
84,39.975155,116.339243,2009-09-03 09:44:36
41,39.9618816,116.3569683,2009-03-13 10:05:23
14,40.1821683,116.525095,2008-11-23 02:08:45
41,39.8669416,116.2585266,2009-06-10 10:33:59
167,39.814193,119.482965,2008-06-09 02:31:50
142,39.910502,116.367464,2008-12-24 06:42:58
163,39.829867,116.355596,2011-04-03 04:51:04
126,39.975577,116.33119,2008-10-19 13:28:17
167,39.997991,116.326273,2008-08-27 12:04:12
167,40.875085,117.102201,2008-05-01 04:21:33
41,39.9045549,116.2679216,2009-04-15 02:57:30
12,42.123321,127.549447,2008-10-01 23:43:39
126,40.0021133,116.3244766,2008-07-13 09:09:38
126,39.991732,116.326164,2009-01-06 12:35:55
68,39.968043,116.430386,2009-04-11 11:13:37
41,39.8637949,116.2728583,2009-03-13 05:08:05
153,39.916971,116.457242,2009-07-29 06:43:15
153,39.932102,116.410704,2011-01-10 09:55:08
84,34.213121,108.94626,2008-09-30 03:10:25
41,39.9494633,116.2691283,2009-02-20 11:32:31
42,39.7012833,116.3238433,2009-03-18 04:33:21
82,46.77769,-121.744755,2008-08-17 01:35:02
68,39.912198,116.329862,2009-04-12 01:41:41
163,39.798199,116.340556,2011-02-08 06:18:31
153,39.936623,116.333282,2008-09-27 05:06:10
68,39.99672,116.416813,2009-03-26 17:59:18
153,35.972406,-115.163186,2011-08-16 01:35:59
36,39.807995,116.145327,2009-07-06 13:16:02
153,39.985997009,116.451110315,2012-03-31 18:24:52
42,39.8951216,116.3436733,2009-02-17 09:21:55
153,24.446936391,118.066380333,2011-12-21 12:40:12
126,40.002591,116.321559,2008-11-25 04:25:35
22,39.955506,116.316869,2009-04-30 12:23:28
168,30.951995,113.935562,2009-09-30 15:45:58
41,39.8881916,116.3039316,2009-06-29 06:40:00
68,39.995974,116.417377,2009-05-03 06:50:48
65,39.7997083333333,116.48014,2011-08-30 11:32:20
68,39.979079,116.417223,2008-11-06 03:17:07
153,39.978936,116.448324,2011-04-06 00:06:24
34,39.7903599,116.4543966,2009-04-02 05:50:16
140,41.0039366,117.9409283,2009-07-04 17:40:49
67,39.992057,116.386035,2011-03-05 06:03:45
68,39.963293,116.418738,2009-05-27 04:39:52
74,39.9660266666667,116.323645,2012-04-13 23:52:47
68,39.969198,116.418698,2009-08-22 11:14:04
141,39.9753616666667,116.321781666667,2011-08-30 00:26:38
10,32.772136,116.24481,2008-06-19 17:18:38
153,39.923805,116.471972,2008-08-24 07:09:26
4,38.908588,121.582718,2009-01-31 15:46:43
65,39.9686666666667,116.300303333333,2011-09-08 02:09:53
17,40.0580866,116.295185,2009-04-06 09:46:00
153,33.856425,-118.284076,2011-08-17 20:37:52
165,39.9756133333333,116.326761666667,2011-10-18 15:00:54
41,39.942345,116.2059533,2009-05-14 11:06:12
65,39.9550633333333,116.328878333333,2011-09-18 09:09:41
111,36.43175,101.066633333333,2009-07-19 08:09:30
128,39.9833816,116.3322433,2009-07-22 03:47:17
25,18.2610983,109.4976883,2009-02-13 10:27:46
153,25.264448,110.262718,2010-12-25 10:05:29
13,40.16671,116.127921,2008-10-28 22:18:24
17,39.9354116,116.2682499,2009-02-17 04:43:06
124,35.180556,93.053216,2008-09-30 23:37:32
35,39.990368,116.330227,2009-02-23 13:16:28
141,39.9746866666667,116.31164,2011-10-09 11:32:21
67,23.388813,113.294858,2011-02-08 17:55:34
34,39.9836316,116.3037949,2009-02-26 09:15:01
153,25.027493024,121.254979893,2012-05-09 16:36:08
168,39.972051,116.275718,2011-06-21 00:00:23
17,40.0949483,116.2910716,2009-05-22 11:20:07
168,27.007226,112.310052,2009-10-02 06:53:19
153,27.679568307,117.980755542,2011-12-22 15:57:55
159,38.9446433333333,115.559966666667,2012-03-31 14:09:09
41,39.6716399,116.3188766,2009-05-04 07:41:21
96,40.007933,116.319424,2008-12-02 02:04:49
4,39.996997,116.301455,2008-12-11 08:59:06
153,39.928474,116.472072,2009-02-15 05:58:24
168,34.347634,113.767777,2009-09-30 10:53:29
163,27.149598,112.8733,2009-01-19 09:36:53
89,39.98003,116.470235,2008-05-10 11:14:01
165,39.9779716666667,116.301686666667,2011-11-14 01:36:04
167,40.23527,116.285776,2008-05-01 01:42:09
24,40.087064,116.373275,2009-05-26 10:29:21
125,39.979836,116.325512,2008-10-08 12:09:22
163,39.974720571,116.456323979,2012-03-02 22:17:03
165,39.970545,116.327803333333,2011-11-15 00:44:44
26,39.991244,116.319348,2009-03-13 10:08:49
96,39.995078,116.390209,2008-09-07 12:14:01
10,39.920201,116.350694,2008-09-27 00:58:38
85,39.928045,116.303768,2008-10-23 02:34:32
68,40.002702,116.308916,2009-07-22 06:24:09
67,39.97865,116.332718333333,2011-04-12 22:34:01
163,45.493982,9.228903,2009-05-02 13:33:21
73,39.9756599,116.3623933,2008-05-23 13:18:46
153,43.89251,125.295802,2010-03-11 00:41:50
30,39.828414,116.341422,2009-07-07 12:02:00
41,40.0925783,117.1017083,2009-05-09 06:16:42
119,39.97278,116.483983,2008-09-24 08:37:58
42,40.0092549,116.3240649,2008-10-06 06:39:52
95,39.9753333333333,116.304951666667,2011-05-25 16:10:39
10,39.876218,116.394058,2008-09-16 00:16:49
135,39.968606,116.399592,2009-01-01 06:17:12
25,38.8240199,121.2587816,2009-06-08 03:42:53
5,39.975961,116.336125,2009-01-16 21:10:57
42,39.70133,116.3225516,2009-04-14 03:23:51
4,39.992744,116.298252,2009-04-13 22:11:23
3,39.992674,116.326959,2009-05-23 13:16:04
10,32.530801,118.196618,2008-12-20 14:26:19
3,39.986836,116.401264,2009-06-25 09:15:33
144,30.1860166666667,111.60235,2008-06-07 23:38:46
128,39.97553,116.3328883,2010-12-20 11:40:41
144,40.0283433,116.4310566,2008-11-29 10:35:51
44,39.974742,116.333325,2009-02-19 08:32:04
167,39.986544,116.326793,2008-10-22 06:05:36
3,39.992674,116.326936,2009-03-04 11:49:54
167,39.975527,116.338129,2008-05-22 10:52:56
24,40.039191,116.322303,2009-02-22 10:05:11
103,39.9746916,116.3468649,2008-08-27 09:27:37
30,39.94319,116.795657,2009-01-23 04:07:57
140,28.6590883,115.8721866,2009-01-15 03:35:03
163,40.008087,116.46144,2011-01-15 04:13:26
52,39.975419,116.373609,2008-09-02 08:55:31
28,39.945399,116.318623,2009-02-09 23:41:11
126,39.947658,116.411056,2009-01-26 06:27:56
168,34.533256,113.808093,2009-09-30 10:42:20
128,40.0068149,116.3308816,2010-04-18 12:37:29
71,39.9792533333333,116.312633333333,2012-03-29 01:30:54
35,39.972023,116.317362,2009-03-21 02:20:06
128,42.5044883,117.1501466,2009-07-11 09:44:36
168,31.509224,114.00302,2009-09-30 15:11:58
84,39.975232,116.34183,2009-05-31 01:39:54
74,39.9768216666667,116.329446666667,2012-03-22 14:32:25
68,40.114525,116.666885,2009-04-18 01:23:02
126,39.964259,116.42516,2008-07-27 11:47:31
10,36.527789,116.843736,2008-06-18 22:16:59
128,40.2535849,117.1647399,2009-10-17 04:10:30
68,39.969383,116.419836,2008-10-11 17:33:22
179,40.07528,116.316933,2008-10-19 02:01:22
82,39.993692,116.331559,2009-04-17 00:44:54
4,39.983883,116.305102,2008-12-04 09:43:51
13,38.898354,121.580482,2009-01-24 01:37:05
41,39.8546399,116.2319483,2009-06-22 06:55:11
30,39.964121,116.309969,2009-03-06 02:34:50
141,39.9766766666667,116.331893333333,2011-10-22 08:58:49
58,40.01478,116.322736666667,2011-03-09 13:10:24
12,31.309146,121.163924,2008-11-15 01:01:39
163,40.355829652,115.989108399,2012-04-30 16:58:39
42,30.8363466,106.0820416,2008-11-07 14:48:27
34,40.0019683,116.3622733,2009-04-14 12:55:11
37,39.9098966,116.4293316,2009-03-28 03:36:08
39,40.038953,116.32535,2009-06-03 09:42:08
96,40.007953,116.319319,2008-12-02 01:21:13
128,40.07325,116.3282833,2010-03-30 14:07:15
168,40.020915,116.399432,2011-08-18 11:01:18
10,33.008353,115.861588,2008-06-19 18:22:21
3,39.991553,116.327354,2008-12-25 11:56:27
140,39.9114033,116.4092433,2009-05-30 23:33:59
153,39.98482,116.323272,2011-09-30 00:37:26
153,40.01539107,116.451358526,2011-10-27 08:16:23
35,39.981754,116.321121,2009-04-23 08:54:56
24,40.146395,116.251347,2009-03-07 08:38:14
2,39.939066,116.362181,2008-11-02 09:15:30
17,39.9859,116.3471266,2009-02-04 00:21:08
71,39.89417,117.666253333333,2011-12-31 13:49:57
5,40.000524,116.326946,2008-11-25 00:17:17
4,39.953317,116.303477,2009-04-05 09:15:21
153,40.016494811,116.448324419,2011-10-24 08:28:27
17,39.9490766,116.4020199,2009-04-13 13:30:51
50,39.9048728942871,116.306053161621,2009-08-19 16:22:45
13,39.96623,116.446175,2009-02-21 06:32:09
68,39.970243,116.419436,2009-05-30 13:09:16
81,40.051056,116.324378,2008-05-23 09:33:14
153,39.899346,116.427174,2010-10-16 12:06:09
163,31.18507,121.489271,2010-08-28 03:26:37
153,39.974486,116.44433,2010-05-10 09:56:01
17,40.0180116,116.340925,2008-12-11 10:44:51
96,40.006843,116.319517,2008-07-10 13:48:29
25,31.5871416,120.3201083,2009-01-27 05:13:40
6,39.983629,116.345428,2008-11-12 01:35:38
163,39.929995,116.455674,2011-05-14 07:29:08
17,39.9663516,116.4095783,2009-05-21 07:30:03
9,40.003023,116.342823,2008-12-06 14:00:39
39,39.971945,116.298657,2009-03-15 03:26:44
17,39.9202949,116.3420633,2008-11-08 11:26:33
42,39.8678416,116.5382999,2009-04-13 05:03:00
153,39.987103,116.483612,2008-11-22 09:15:40
68,39.978677,116.41806,2008-10-12 04:34:14
25,39.9861083,116.305555,2009-06-24 04:08:02
128,26.5096633,115.4920066,2010-10-05 06:40:07
168,40.012816,116.39628,2011-06-27 13:23:08
35,40.016492,116.309223,2009-03-22 00:41:54
68,39.946518,116.419419,2009-09-11 13:12:03
96,39.976995,116.327667,2008-07-23 13:35:38
68,39.88021,116.454276,2009-02-21 00:50:37
5,39.97664,116.336144,2008-10-25 15:12:02
128,40.3292549,116.6245399,2009-03-28 02:58:05
25,39.9854449,116.3052799,2009-06-05 04:23:46
92,39.9752549,116.3673466,2008-08-04 13:00:58
84,39.986947,116.405566,2008-11-01 00:25:39
141,39.9750733333333,116.338653333333,2011-09-10 09:00:51
153,40.010977,116.460969,2010-02-02 09:19:06
119,39.973321,116.484448,2008-09-24 04:31:53
153,24.585530028,117.168953361,2011-12-19 15:23:06
14,40.3313133,116.8544516,2009-01-28 05:00:09
14,39.9636533,116.3545366,2008-10-24 17:10:09
3,40.10204,116.084231,2009-06-13 07:53:52
22,39.982376,116.310389,2009-04-09 01:37:04
25,39.9694133,116.2999983,2009-06-19 01:38:57
163,39.910341,116.47169,2009-04-16 00:42:02
39,39.890273,116.454859,2009-06-01 10:48:01
17,39.9224483,116.3562133,2008-11-06 08:21:47
163,34.104272,-118.338016,2010-11-08 17:41:31
144,40.027343,116.432542,2009-06-27 12:56:49
9,39.999254,116.33469,2008-10-29 10:58:49
39,40.027459,116.331794,2009-02-21 06:06:26
13,39.967522,116.411031,2009-01-16 10:04:50
52,39.949377,116.349233,2008-06-01 10:12:10
26,39.907957,116.329088,2009-01-19 02:16:10
35,39.981831,116.321171,2009-03-11 07:17:51
74,25.4060083333333,116.648683333333,2012-01-19 06:45:25
35,40.013485,116.296466,2009-04-05 06:29:41
10,39.894401,116.3685,2008-10-14 00:15:12
4,39.990967,116.319,2008-11-14 11:51:22
153,39.9269949,116.4717866,2008-06-10 10:24:25
41,39.9646716,116.2684983,2009-06-22 14:03:20
131,39.9665633,116.3330116,2009-04-23 19:50:45
126,39.945415,116.346285,2008-05-01 08:43:22
67,39.9771083333333,116.308593333333,2011-04-19 05:10:01
163,41.37464,2.182043,2009-04-25 18:16:12
167,39.990351,116.465361,2008-05-31 10:26:57
28,39.961641,116.103565,2009-04-15 10:52:47
68,39.975612,116.418048,2009-04-27 00:01:44
167,40.006783,116.317738,2008-10-17 10:28:59
115,39.98366,116.3272649,2008-05-15 10:17:55
85,40.051315,116.40618,2009-09-28 11:17:28
163,40.019265,113.574474,2011-04-30 03:21:26
153,39.948548,116.402202,2010-02-14 05:46:00
153,40.251289,116.125281,2010-05-01 03:49:40
64,39.962552,116.387467,2008-08-17 00:22:03
4,39.99771,116.326589,2009-05-08 12:25:53
10,41.888288,84.165775,2008-04-03 16:42:30
35,39.990273,116.330287,2009-04-05 11:10:16
65,39.9669016666667,116.319575,2011-09-21 12:37:37
115,39.987035,116.395815,2008-07-06 23:52:00
44,40.03131,116.314527,2009-03-22 11:20:32
41,40.0332999,116.6525133,2009-05-20 04:59:43
155,39.973411,116.332302,2009-05-16 10:28:51
10,39.146148,117.20647,2008-10-15 12:06:51
96,39.981265,116.329543,2008-07-20 10:56:53
62,39.9896199,116.3045016,2008-08-11 14:37:53
16,39.923614,116.181906,2008-11-09 22:50:14
65,39.9752883333333,116.322448333333,2011-08-29 14:41:28
52,39.867853,97.844569,2008-08-06 23:53:43
140,43.940315,116.0740683,2009-07-02 21:39:53
35,39.981844,116.321199,2009-03-05 10:46:17
34,39.980255,116.3000816,2009-03-20 07:28:20
93,39.97784,116.3312333,2008-08-25 02:46:00
163,38.632115,114.717782,2011-05-02 10:00:51
128,40.249995,117.15928,2009-10-17 03:46:19
10,34.270268,108.071695,2007-10-29 08:38:26
66,34.494343,119.127033,2009-10-01 08:35:45
22,39.969597,116.300642,2009-01-11 07:05:19
96,40.007666,116.319424,2008-10-27 22:58:57
128,42.5580532,117.1852783,2009-07-11 21:08:15
9,40.002476,116.343871,2008-12-10 11:17:34
153,39.961792,116.390793,2009-08-27 03:01:16
36,39.807183,116.08744,2009-07-07 01:28:59
104,39.9431533,116.3187599,2008-10-09 12:54:12
85,39.899237,116.340485,2008-12-09 09:36:11
3,39.993075,116.488888,2009-06-29 07:44:35
62,39.917555,116.4679666,2008-10-15 04:11:39
65,39.904535,116.023008333333,2011-10-05 05:32:42
167,39.972668,116.348308,2008-10-12 07:19:05
85,39.918673,116.33842,2009-03-22 23:06:01
68,39.96076,116.418845,2009-03-22 11:11:27
179,39.991761,116.331426,2008-11-07 13:34:20
71,41.9576066666667,123.50434,2011-12-31 19:30:50
153,39.909023,116.364999,2009-02-14 11:37:18
153,39.916868906,116.455359639,2012-04-10 08:06:01
25,39.980365,116.3107766,2009-04-13 05:05:02
3,40.005999,116.32427,2009-06-14 16:18:08
24,40.064576,116.566369,2009-01-15 04:43:01
41,39.866885,116.3507783,2009-06-09 05:16:33
153,40.019080751,116.434935039,2012-03-03 17:21:36
67,39.9747333333333,116.300063333333,2011-04-18 11:16:10
67,39.8243316666667,119.501778333333,2011-06-04 10:10:07
144,36.564291,101.888224,2009-07-04 13:05:53
163,43.98509,11.21271,2009-05-03 11:21:10
85,39.980971,116.329338,2008-11-05 15:56:17
41,39.8769966,116.2586233,2009-06-18 09:22:43
71,39.981015,116.323798333333,2012-03-27 06:10:56
82,47.629308,-122.136781,2008-08-17 06:52:00
41,39.9282533,116.2691683,2009-06-24 05:06:46
41,39.8122283,116.33885,2009-07-10 02:15:36
4,39.949879,116.438012,2009-02-23 03:01:13
25,39.9866899,116.3041999,2009-03-15 09:21:09
22,39.973524,116.334307,2009-06-16 01:24:03
96,39.991854,116.326672,2008-07-20 04:38:37
144,40.0321149,116.4309866,2008-11-02 23:54:13
25,40.0049666,116.3103299,2009-03-21 22:53:03
30,39.996498,116.322143,2009-02-24 09:01:39
153,31.00103135,103.610495246,2011-10-02 10:04:32
64,39.9477,116.400725,2008-08-17 08:20:44
142,47.627893,-122.15259,2008-05-01 19:26:05
14,39.9860216,116.3653599,2008-10-29 12:22:29
30,39.995719,116.328811,2009-01-21 09:52:40
141,39.9917466666667,116.216826666667,2011-10-22 05:23:58
43,39.887384,116.675365,2009-06-18 01:07:03
64,39.986877,116.300097,2008-08-31 11:43:08
179,40.074678,116.317654,2008-10-11 02:24:39
29,39.866452,116.393157,2009-02-11 23:33:21
126,39.991622,116.326466,2008-10-18 05:17:21
40,39.951449,116.361909,2009-03-23 14:54:22
33,39.951612,116.361839,2009-01-09 20:16:40
113,39.9797,116.323787,2010-05-26 01:26:13
163,39.94418951,116.441578413,2012-03-12 08:36:00
153,41.790523,12.254773,2009-05-07 06:28:01
142,39.979544,116.327055,2008-12-19 10:56:23
126,39.968475,116.42182,2009-01-22 11:41:13
153,39.97929,116.418065,2009-06-20 06:30:03
36,39.930997,116.366859,2009-07-02 05:01:34
41,39.7489366,116.3384083,2009-05-11 01:57:38
153,39.964768907,116.435410471,2011-12-26 13:08:12
36,39.978677,116.338611,2009-03-18 18:47:13
41,40.3627083,116.5856283,2009-06-18 04:36:33
28,39.94463,116.131252,2009-03-19 22:33:19
155,39.975234,116.332116,2009-07-20 12:22:36
17,39.3728866,116.6301532,2009-05-28 08:09:11
126,39.975047,116.338993,2008-09-04 13:37:59
14,40.1475016,116.5369166,2008-10-26 18:36:25
10,37.197386,95.554415,2008-10-02 15:36:30
17,39.9476633,116.3794916,2009-02-19 05:45:48
14,39.9833983,116.2914583,2008-12-16 03:25:59
41,40.3507399,116.4712833,2009-06-18 01:05:45
39,39.875915,116.394918,2009-04-05 04:07:55
22,46.595339,125.028726,2009-01-15 00:50:03
24,40.151714,116.24656,2009-01-29 23:37:51
68,39.992641,116.418523,2009-08-21 14:18:41
3,39.988961,116.326831,2009-01-14 11:02:54
65,39.9690633333333,116.313446666667,2011-10-14 10:09:28
82,47.88185,-122.233441,2008-08-17 20:16:32
14,39.9838816,116.3024316,2009-03-14 07:23:54
142,39.955673,116.269274,2008-12-22 08:14:09
153,39.907972,116.472037,2008-10-03 04:56:57
70,39.395002,118.642546,2008-10-02 03:04:48
15,40.009552,116.315094,2009-02-28 05:16:03
50,39.9863166833333,116.384727483333,2009-08-17 07:22:18
142,1.28202,103.837887,2008-07-26 06:54:45
112,39.9719433,116.3251116,2008-06-20 13:25:43
2,37.41609,110.772247,2009-01-27 08:14:26
37,39.9122633,116.2888033,2009-04-09 07:49:05
65,39.9680433333333,116.314825,2011-09-16 01:15:14
25,33.1010333,117.3647216,2009-07-08 19:05:26
82,40.006547,116.330857,2009-03-22 14:32:05
140,39.9924349,116.4110249,2009-05-19 18:23:42
153,40.010267,116.458522,2010-05-09 01:34:06
14,39.9900766,116.3803699,2008-10-27 08:04:06
41,39.9175666,116.2691333,2009-02-25 06:24:52
22,39.970608,116.30088,2009-06-06 15:36:29
85,39.899089,116.341853,2009-07-05 09:56:23
18,40.0199366,116.5143816,2008-11-06 03:21:05
85,39.974604,116.327798,2009-05-08 12:25:21
126,40.101578,116.086089,2008-09-29 03:26:16
28,39.931228,116.150866,2009-02-02 10:41:41
4,39.994284,116.326834,2009-04-29 09:03:48
62,39.9846999,116.3066666,2008-08-10 09:22:05
4,39.993802,116.32643,2008-11-23 11:36:23
10,37.20075,112.154273,2007-10-21 11:17:09
119,39.95402,116.493083,2008-07-30 22:22:30
10,40.226978,116.304071,2009-02-14 03:27:35
41,39.7183,116.7040999,2009-04-29 03:50:42
128,39.9668633,116.378705,2010-06-21 12:06:39
2,39.898629,116.372545,2009-02-28 14:08:56
12,39.13661,117.203879,2008-11-02 06:14:05
36,39.808689,116.074886,2009-07-09 12:05:11
23,22.8226433333333,108.330736666667,2009-02-04 10:08:42
10,34.412719,108.738489,2008-08-01 07:22:38
124,33.760426,92.201504,2008-10-01 01:49:14
1,40.072441,116.338573,2008-11-15 09:04:23
14,39.9855516,116.3438666,2008-12-19 00:33:56
41,39.8658566,116.2584666,2009-06-27 02:29:10
168,39.986051,116.364595,2011-08-05 22:51:34
22,39.918801,116.464851,2009-02-22 08:08:29
3,40.128486,116.485526,2009-06-04 13:43:45
165,39.9912383333333,116.331588333333,2011-11-20 07:15:19
163,39.98796123,116.429933529,2012-06-04 09:15:32
6,39.981218,116.339727,2008-12-07 20:12:36
17,40.0450699,116.3295816,2008-11-21 08:48:32
122,22.536489,113.980535,2009-07-22 23:13:55
153,43.763206,11.264577,2009-05-03 18:09:12
41,39.9092099,119.5639999,2009-07-11 08:25:32
68,39.96792,116.420749,2008-09-29 10:59:59
163,39.957979,116.447796,2010-10-06 08:51:57
13,39.967192,116.388778,2008-11-02 23:42:17
50,39.9721069333333,116.253746033333,2009-08-06 13:22:05
24,40.034584,116.323584,2009-03-19 05:17:35
20,39.9757866666667,116.305363333333,2011-10-06 04:10:03
128,40.076655,116.324515,2010-08-20 13:57:05
113,40.052333,116.400971,2010-05-10 12:28:24
65,39.966238976,116.302401359,2011-08-16 20:01:24
10,39.133731,117.201748,2009-03-21 05:16:13
153,39.948036,116.415761,2011-02-02 07:25:02
37,39.9717833,116.4636016,2009-04-09 09:05:01
22,39.974898,116.318427,2009-03-09 04:41:49
163,25.27007,110.288505,2010-12-24 07:35:38
153,39.953891,116.482751,2009-07-13 12:34:04
140,40.0291883,116.44897,2009-02-15 06:48:11
144,40.027474,116.432968,2009-07-17 22:26:35
10,36.777794,101.132315,2008-09-29 14:35:20
141,39.9785616666667,116.327153333333,2011-09-26 00:18:31
153,40.026244849,116.435479025,2011-11-18 08:27:01
42,39.7018549,116.3329166,2009-03-20 03:42:37
2,39.899165,116.381923,2008-11-03 04:00:36
68,39.974296,116.418272,2009-08-03 09:41:00
5,39.999966,116.324929,2008-11-07 19:24:30
50,39.9946136474609,116.199073791504,2009-08-18 19:38:13
112,39.9758883,116.3268583,2008-05-23 13:09:29
3,39.99538,116.32778,2009-06-19 07:34:30
153,39.922836,116.397328,2009-06-17 06:58:40
52,39.999699,116.379465,2008-07-15 11:58:04
16,39.974007,116.338851,2008-10-29 12:19:58
52,39.345245,117.130032,2008-10-02 05:20:17
153,39.9256,116.448632,2011-03-11 13:59:38
20,40.3561166666667,116.017455,2011-09-11 07:35:14
128,39.9767316,116.3274499,2009-03-16 01:49:33
35,39.977931,116.300596,2009-02-27 05:27:08
50,39.955436706543,116.303367614746,2009-08-19 16:56:49
128,40.1169883,116.4278083,2008-04-26 09:09:28
153,39.985357,116.450996,2010-08-19 10:04:02
85,40.240857,116.638954,2009-01-02 02:35:48
10,34.369073,115.719313,2008-06-19 20:04:45
168,34.294267,108.897823,2011-07-31 01:16:47
153,39.981375,116.450126,2010-07-20 23:58:45
153,42.437924,117.266295,2010-08-07 03:20:23
4,39.969462,116.309564,2009-06-07 11:25:16
96,40.007703,116.31937,2008-10-28 12:07:59
84,39.947388,116.367802,2009-05-06 22:46:14
3,39.979301,116.310858,2009-06-17 00:55:52
22,46.637494,124.901423,2009-01-19 00:56:37
13,39.963986,116.418688,2008-11-06 09:52:16
96,40.007971,116.319418,2008-07-10 20:06:52
13,39.966518,116.35344,2008-12-11 23:57:32
140,40.4533833,116.8295733,2008-08-31 09:07:40
2,39.923528,116.336098,2008-11-11 11:53:11
169,39.987817,116.424564,2010-05-30 10:51:06
115,39.9886016,116.50269,2008-06-19 10:44:48
84,39.985603,116.339751,2008-09-23 11:53:09
38,40.4933233,115.9809599,2009-02-18 07:16:03
153,39.942216,116.483422,2009-10-05 10:17:28
27,39.941924,116.319103,2009-01-14 00:40:19
67,36.2674883333333,116.976081666667,2011-05-20 18:16:26
168,35.417983,114.037796,2009-09-30 08:39:24
25,39.9307783,116.3670516,2009-02-07 03:38:54
22,39.973879,116.3315,2009-04-22 01:21:50
83,39.9752949,116.3311633,2009-01-14 22:46:44
10,34.63534,92.864013,2008-10-02 10:01:21
153,40.019016,116.447513,2010-02-04 00:26:00
84,39.990358,116.265298,2008-09-13 09:22:17
153,40.024122,116.197817,2010-04-18 05:24:33
153,39.991712,116.463584,2011-09-11 05:27:38
153,39.966342,116.355925,2008-11-28 03:32:31
126,39.970672,116.422523,2008-10-26 13:38:49
62,39.9843866,116.3076966,2008-09-25 02:23:11
128,40.0710649,116.3289866,2008-11-07 11:19:22
30,39.951488,116.803201,2009-05-23 10:19:29
30,40.000293,116.327451,2009-02-20 23:47:26
142,39.949451,116.268478,2008-12-26 09:03:26
17,40.0294083,116.3381066,2008-12-17 11:49:14
68,39.987958,116.417444,2009-09-04 00:09:02
14,39.9855116,116.3492816,2009-01-19 01:43:19
3,40.000012,116.327323,2009-04-16 07:50:28
17,39.9478166,116.4271533,2008-11-14 03:52:10
153,41.786854,12.266896,2009-05-07 06:26:20
10,39.908741,116.421561,2008-12-19 13:50:06
128,28.5437182,115.9416783,2010-09-28 06:50:34
52,39.999113,116.379413,2008-07-11 05:29:41
14,39.9785016,116.3310516,2008-10-21 14:52:29
163,41.86942,117.801553,2010-08-06 12:06:59
153,30.668886179,104.019123172,2011-10-07 15:02:31
122,39.995665,116.328619,2009-09-20 10:11:36
153,39.915134,116.471616,2008-07-17 00:46:26
68,40.11677,116.267682,2009-08-15 02:36:11
68,39.98226,116.418126,2009-04-01 11:28:32
38,39.9684333,116.3086366,2009-04-10 14:33:20
113,39.976936,116.329422,2010-06-01 23:59:47
153,30.225354872,120.219307154,2012-02-08 12:22:04
50,39.9588394166667,116.270614616667,2009-08-02 09:52:51
12,39.855486,116.392325,2008-11-02 07:54:58
133,24.632681,118.222816,2011-01-30 15:38:43
163,41.888407628,-87.617682391,2011-11-06 00:29:13
39,40.070614,116.415729,2009-06-20 04:25:43
82,40.052122,116.402906,2009-03-22 14:58:51
167,39.996622,116.326805,2008-10-17 10:19:25
153,30.682512025,120.511826608,2011-11-26 20:03:04
142,39.955449,116.270591,2010-05-28 02:03:35
168,39.860383,116.358432,2011-07-12 12:21:05
165,39.9768816666667,116.329091666667,2011-11-18 15:44:17
17,39.9554466,116.3490699,2008-11-10 08:21:51
126,40.003782,116.321453,2008-08-03 03:39:43
142,39.976171,116.327561,2010-06-25 02:06:00
2,39.937127,116.329675,2009-01-23 05:04:43
153,39.93212,116.459019,2008-08-20 08:01:13
17,39.9233683,116.3470566,2008-12-17 10:43:17
167,39.977068,116.32839,2008-05-06 15:20:25
22,39.987019,116.309857,2009-02-21 00:17:32
35,39.98135,116.321183,2009-04-02 23:15:32
153,39.955387,116.482616,2009-07-15 05:55:24
22,39.96926,116.307578,2009-03-21 07:33:24
37,39.9724883,116.2561283,2009-02-17 06:31:37
38,39.9674416,116.307315,2009-04-17 07:36:06
78,40.017327,116.539844,2008-05-30 12:00:39
41,39.9648216,116.2687033,2009-06-06 13:01:31
33,39.951009,116.36195,2009-01-09 16:36:56
153,39.987124,116.448611,2011-07-12 10:10:08
34,40.0110416,116.3234333,2009-03-20 11:10:24
41,39.6510766,116.0718399,2009-02-20 06:57:09
30,39.946643,116.784531,2009-03-14 00:22:00
153,40.045479,116.427536,2010-05-08 09:18:21
163,25.298487,110.161481,2010-12-25 09:43:29
153,39.931629,116.46824,2009-10-17 04:59:07
30,39.979433,116.310735,2009-03-06 04:13:40
168,34.468909,108.118679,2011-07-31 06:48:35
155,39.99942,116.504079,2009-05-27 12:52:33
126,39.98893,116.326651,2008-11-18 01:09:29
68,39.969305,116.420079,2008-12-12 02:07:39
0,40.006966,116.320291,2009-07-01 04:52:44
17,40.756905,117.1933199,2009-01-29 09:20:53
38,39.970665,116.3057466,2009-02-20 04:12:08
175,39.9948666666667,116.220483333333,2007-10-19 05:45:56
144,39.960988,116.411885,2009-05-21 01:42:44
141,39.9866566666667,116.188883333333,2011-10-22 03:55:50
163,39.967725,116.423795,2010-02-19 03:54:27
74,39.9760883333333,116.302988333333,2012-02-01 00:56:26
82,40.052496,116.400357,2009-04-04 15:12:14
24,40.140024,116.76277,2009-03-17 07:40:55
24,40.370942,115.898634,2009-03-07 11:41:39
41,39.8028816,116.3397916,2009-05-30 01:04:02
85,39.980314,116.327672,2008-05-30 20:30:35
179,40.003814,116.318249,2008-11-06 04:55:32
153,40.342415,115.99129,2010-05-02 04:14:53
41,40.0230249,116.3488566,2009-03-05 01:08:24
141,40.00302,116.267475,2011-10-22 05:49:33
22,39.973154,116.335714,2009-04-13 03:29:57
68,39.989442,116.417936,2009-05-05 05:47:27
26,39.971937,116.312299,2009-04-11 05:05:04
168,29.776694,114.072509,2009-09-30 17:55:19
17,40.984775,117.3999949,2009-01-31 02:07:22
4,39.922548,116.302588,2009-03-20 09:49:39
13,39.967503,116.411349,2008-10-18 08:00:25
67,39.996876,116.387828,2011-03-05 05:32:54
135,36.910716,114.487217,2009-01-24 12:07:17
62,40.0515683,116.2494633,2008-07-31 09:00:39
10,30.13031,118.18144,2007-12-29 08:43:16
52,39.984863,116.352613,2008-05-27 14:18:55
67,39.0783583333333,116.99447,2011-06-17 00:56:44
153,39.991215,116.487839,2010-08-22 03:50:16
25,39.9670883,116.3867966,2008-12-19 04:04:09
3,39.95611,116.309384,2009-03-16 11:59:54
4,39.999604,116.32717,2009-07-07 16:47:39
153,39.95024,116.410871,2010-09-08 13:28:25
40,39.951912,116.361233,2009-05-13 15:37:31
37,40.0007366,116.281565,2009-03-28 18:00:26
10,18.918778,108.69364,2007-09-22 04:46:41
159,39.9786416666667,116.330498333333,2012-04-08 19:59:20
167,39.967563,116.414598,2008-05-04 11:27:21
168,34.246934,108.208313,2011-07-31 02:11:45
153,39.906874,116.470574,2008-08-22 14:29:39
8,39.985094,116.340301,2008-12-05 11:17:14
14,39.9769816,116.3476849,2009-03-04 11:23:00
30,40.112747,116.272686,2009-06-14 07:30:56
167,39.9999316,116.3246466,2008-04-14 03:59:32
25,18.2985416,109.3914983,2009-02-11 10:01:45
43,39.784829,116.523039,2009-06-22 07:06:59
128,25.9111666,115.0489349,2009-01-20 06:45:04
153,43.658183,7.148664,2009-05-01 13:59:09
44,39.971782,116.333785,2009-04-08 07:20:28
8,39.966657,116.317296,2008-11-05 11:12:38
167,39.966917,116.37673,2008-09-30 03:43:48
17,39.9255266,116.23881,2008-12-17 10:25:47
25,40.0228216,116.3076033,2009-04-07 01:45:22
22,39.973158,116.335151,2009-06-16 01:31:05
1,40.013368,116.312171,2008-12-13 14:03:33
17,39.9541833,116.4513883,2009-05-26 05:17:06
126,39.9851899,116.3480983,2008-05-17 02:32:33
65,39.9035933333333,116.024691666667,2011-10-05 04:13:05
85,39.925468,116.33786,2008-11-11 02:46:53
10,31.654003,117.772608,2008-06-19 14:00:10
141,39.9966666666667,116.276733333333,2011-10-22 08:05:02
144,36.9848233,111.8208116,2009-01-27 11:04:40
96,40.007623,116.319609,2008-12-02 03:51:45
154,39.1468333333333,117.229133333333,2007-05-03 03:02:14
12,36.594032,116.912041,2008-11-14 16:34:24
163,39.974831,116.456274,2010-08-29 12:31:18
128,25.8512066,114.8426816,2010-02-20 01:33:31
11,39.9573516,116.3480466,2008-09-27 23:40:44
8,39.917809,116.350154,2008-11-19 02:12:34
126,39.966315,116.351044,2008-04-22 11:30:24
67,39.9764616666667,116.29967,2011-04-18 11:11:06
62,39.9323416,116.4579249,2008-10-16 01:09:49
68,39.961597,116.418731,2009-03-01 04:27:56
17,39.94627,116.3624966,2009-03-16 03:48:46
10,32.916488,115.864498,2008-06-19 18:03:22
5,40.000697,116.327048,2009-01-13 19:11:39
96,40.004257,116.324328,2008-08-22 14:17:15
67,39.9749166666667,116.302925,2011-05-03 13:11:09
17,39.98635,116.3820383,2009-05-21 03:47:00
17,40.0309316,116.3401316,2009-01-16 06:47:16
163,25.259687,110.263217,2010-12-25 01:14:46
153,40.033325788,116.566108584,2011-12-17 10:42:05
17,40.0201166,116.3413433,2008-12-11 11:14:26
84,39.937888,116.432886,2009-05-25 19:24:36
25,39.9915883,116.3276016,2009-03-06 11:40:14
33,39.926955,116.349822,2009-01-15 10:36:41
13,39.466355,118.655652,2008-10-02 03:13:24
10,32.598718,91.480779,2008-10-02 06:06:01
41,39.8704516,116.3961016,2009-07-08 06:05:17
153,39.889009,116.455274,2010-12-12 05:59:15
30,39.946685,116.799829,2009-04-06 04:03:08
153,40.015498145,116.460946825,2011-10-09 17:24:00
35,39.977571,116.327213,2009-04-23 09:39:16
25,31.55137,120.2653183,2009-01-17 06:12:22
23,22.810052,108.353067,2009-01-22 22:14:45
153,39.9696766,116.3280966,2008-06-19 14:33:33
128,51.3351033,120.3365683,2008-10-03 02:52:05
153,39.910188,116.471646,2008-09-23 00:10:43
22,40.069527,116.328685,2009-07-21 01:14:12
39,39.999699,116.358734,2009-07-03 12:21:14
167,39.939125,116.813441,2008-06-07 01:16:41
68,39.948067,116.418937,2008-10-14 05:44:14
96,39.990975,116.326568,2008-08-12 01:26:42
153,39.955637,116.365103,2008-11-26 06:53:35
10,35.163131,93.045328,2008-10-02 10:47:26
10,39.869513,116.368228,2008-10-12 23:56:31
128,25.9163566,114.9518816,2010-10-04 10:59:25
68,39.964746,116.419088,2008-10-05 10:34:42
153,33.118815,-117.320192,2011-08-17 21:50:55
40,39.97479,116.333614,2009-03-24 01:01:22
41,39.8593383,116.2559716,2009-02-20 07:33:05
126,39.966947,116.374118,2008-12-27 07:12:04
140,39.991161,116.438979,2009-09-04 12:23:18
38,39.9669883,116.3092266,2009-04-15 13:53:44
35,39.990541,116.330382,2009-04-16 13:43:35
17,39.9198599,116.3585733,2009-06-30 07:23:31
74,27.9106633333333,115.474538333333,2012-01-28 12:33:15
85,39.87557,116.344348,2008-05-22 06:50:00
141,40.360395,116.015778333333,2011-10-23 03:18:19
153,24.513395929,117.795717413,2011-12-19 08:46:23
119,39.954047,116.493187,2008-07-30 21:40:20
128,40.0045149,116.2971566,2009-08-04 23:43:03
29,39.866233,116.358847,2009-03-06 00:36:48
4,40.012243,116.321448,2009-05-14 07:36:37
22,40.021295,116.348698,2009-07-24 18:10:07
96,40.007815,116.319306,2008-07-18 16:33:09
65,39.9649,116.315226666667,2011-09-26 00:53:41
167,39.996332,117.299177,2008-06-09 13:39:18
163,39.891672,116.483613,2011-02-02 03:14:48
128,40.0034349,116.3612966,2008-11-14 02:12:07
128,39.9122566,116.4551683,2008-10-30 06:49:29
10,31.05835,117.310198,2007-12-28 16:26:22
153,39.986842,116.448307,2010-02-21 17:30:57
71,41.8485333333333,123.465626666667,2011-12-31 19:23:53
128,40.0728683,116.3285599,2010-06-24 00:51:22
4,39.991697,116.331308,2009-01-20 08:34:37
147,39.974857,116.316628,2011-05-05 10:11:24
14,39.9857249,116.4178116,2009-01-16 14:23:43
82,47.622195,-122.132567,2008-08-13 01:32:07
24,40.175201,116.288089,2009-03-25 00:39:35
50,39.9946365333333,116.19916535,2009-08-25 01:53:14
103,39.931135,116.30749,2008-09-09 10:08:28
37,39.8369383,116.2934649,2009-07-20 10:51:19
50,40.0079154968262,116.50382232666,2009-08-17 15:54:49
2,39.938631,116.319272,2008-10-25 12:48:53
18,40.0080416,116.503985,2008-11-06 03:18:49
163,39.984085,116.347318,2010-07-10 04:15:57
25,39.9873749,116.30299,2009-05-29 13:11:09
1,40.014189,116.306041,2008-10-28 23:32:15
153,39.932285,116.451523,2009-08-19 12:54:13
128,22.3034999,114.1602283,2008-11-20 07:35:48
119,39.927575,116.472249,2008-07-30 13:37:20
153,40.183668,116.506274,2008-08-23 06:10:09
25,39.9622533,116.4014216,2009-05-29 02:52:45
17,39.9545566,116.2105866,2009-05-23 10:08:40
36,22.81083,115.027469,2009-02-02 01:07:08
58,39.9805616666667,116.328606666667,2011-08-29 11:20:59
168,34.261332,108.946726,2011-08-01 03:43:18
153,24.512187039,117.623438194,2011-12-19 17:01:20
153,39.993826,116.443005,2011-05-13 12:38:48
50,39.9512901333333,116.269279483333,2009-08-21 23:53:06
24,39.94976,116.252386,2009-05-24 07:45:53
71,40.50757,120.540953333333,2011-12-31 16:48:02
153,25.265976,110.190503,2010-12-25 01:41:42
50,39.9938011166667,116.199707033333,2009-08-25 03:10:23
62,39.9864433,116.3020483,2008-11-04 04:33:08
179,40.051166,116.324194,2008-10-26 02:15:49
65,39.9048766666667,116.024893333333,2011-10-05 04:56:22
35,39.937623,116.307405,2009-03-07 07:45:31
67,35.804545,117.070763333333,2011-05-20 18:52:39
85,40.042748,116.306449,2009-08-31 00:40:59
64,39.987169,116.300018,2008-08-30 00:47:24
163,40.038168,116.426884,2010-12-11 06:42:17
128,40.1094733,116.0889666,2008-11-16 03:26:07
153,44.957511,-93.196731,2011-08-27 21:45:36
92,40.0299116,116.4084666,2008-08-06 08:38:29
88,39.9615566,116.3488033,2008-09-29 09:51:13
163,39.974788,116.342484,2008-07-08 01:46:18
128,39.8998049,116.4290583,2009-12-13 06:41:36
10,39.194428,117.182959,2008-12-12 12:48:39
120,41.2469233,117.67584,2009-09-19 11:36:19
96,39.99837,116.331499,2008-11-07 13:41:48
28,39.967772,116.101512,2009-02-16 21:34:00
22,39.964512,116.315606,2009-01-10 04:04:28
30,40.005775,116.316747,2009-07-23 10:42:16
30,40.000291,116.326922,2009-02-17 04:19:49
3,39.999932,116.323168,2008-11-09 07:48:06
15,40.039421,116.307091,2008-11-17 23:56:12
4,39.999901,116.327335,2009-04-22 02:46:15
36,39.808085,116.129873,2009-07-05 23:41:35
17,40.0082483,116.3628183,2009-04-09 11:20:40
119,39.922431,116.348179,2008-08-04 05:09:28
85,40.069242,116.350634,2009-09-10 01:23:45
34,40.0183366,116.3502183,2009-04-20 05:26:16
140,39.9752783,116.3399399,2009-02-20 03:04:45
125,39.994115,116.388253,2008-08-20 14:14:31
140,41.79225,123.3904583,2009-04-23 05:46:01
140,47.5718416,-122.0193149,2009-07-30 11:15:14
82,40.052675,116.400075,2009-03-23 19:30:26
163,38.888807275,-77.040812959,2012-04-04 01:18:11
78,39.971923,116.324602,2008-08-19 02:07:23
153,39.936746,116.427811,2009-11-30 02:30:36
128,31.2366683,121.5023916,2010-09-09 12:03:04
22,40.080412,116.368767,2009-03-09 13:22:40
17,39.9845566,116.31479,2009-02-17 00:32:15
34,39.9995566,116.3431316,2009-02-26 03:27:45
128,39.9771233,116.4525983,2009-11-06 04:13:19
24,40.004784,116.311417,2009-02-03 09:13:36
163,34.114113,-118.337005,2010-11-07 01:33:50
22,40.069243,116.352374,2009-05-12 13:37:37
168,40.001713,116.39416,2011-08-08 02:24:19
10,34.787871,113.051073,2008-09-28 19:51:56
65,39.9505283333333,116.319923333333,2011-10-23 05:28:51
14,39.946985,116.3038849,2008-11-24 09:28:42
39,40.212111,116.128087,2009-05-04 00:43:25
24,40.024051,116.338766,2009-02-25 00:42:46
2,39.898607,116.373342,2009-02-26 13:33:24
8,39.981639,116.329189,2008-11-05 15:24:02
71,39.979635,116.330623333333,2012-04-04 14:30:24
163,39.845516,116.339979,2011-02-08 08:51:50
41,39.8753633,116.2586833,2009-03-13 09:56:46
73,39.9752866,116.3299266,2008-07-15 13:03:43
128,40.07604,116.3270533,2009-04-07 12:30:44
17,39.8931566,116.4367183,2009-06-18 02:33:11
153,40.007373,116.427196,2011-01-15 07:39:38
59,39.9754133333333,116.312401666667,2011-08-30 00:38:12
144,43.6960816,125.0442799,2008-12-31 20:01:24
128,40.0498299,116.3260916,2009-07-29 12:10:43
85,39.93815,116.319174,2009-04-13 23:11:26
68,39.996026,116.418782,2009-07-13 16:11:54
41,40.1020416,117.1077816,2009-04-28 07:57:54
12,39.983616,116.327447,2008-11-20 11:53:39
23,22.8176716666667,108.322888333333,2009-01-30 16:58:10
163,39.979595,116.449264,2010-12-04 03:48:16
128,41.9733899,124.4151966,2009-10-06 04:06:28
163,39.932915,116.4841249,2008-06-15 03:51:33
68,30.592575,114.257869,2009-07-29 11:37:20
18,40.24781,116.5521049,2008-12-11 07:14:27
153,39.961862,116.396443,2010-04-10 10:28:14
140,39.9756533,116.4116349,2009-03-29 06:40:26
115,40.0737666,116.32565,2008-07-20 23:52:17
22,40.049866,116.300879,2009-07-15 00:12:09
153,39.935447,116.385433,2008-10-31 13:11:28
128,40.0562799,116.3209133,2009-05-22 12:44:46
41,39.8295883,116.3321049,2009-05-06 02:56:13
65,39.9659016666667,116.323883333333,2011-10-06 04:12:50
153,39.986754098,116.44874502,2012-01-24 16:55:27
37,39.8829866,116.4549699,2009-07-25 05:45:09
0,40.004829,116.321076,2009-06-11 01:25:15
140,39.9858033,116.3477266,2009-02-14 05:56:43
128,40.9948049,117.9604299,2009-09-03 21:51:46
168,39.986289,116.365505,2011-05-31 23:06:57
7,39.977111,116.333912,2008-11-06 10:29:23
128,41.4233766,128.1834466,2009-10-05 00:57:15
112,40.0013449,116.3572666,2008-04-14 20:25:36
39,40.000112,116.356119,2009-04-02 14:28:36
2,39.965722,116.353942,2009-03-15 08:37:32
172,59.7346199,-149.4841283,2008-06-28 00:06:07
115,40.0175016,116.3741166,2008-04-23 07:58:55
7,40.00197,116.324426,2008-12-14 06:07:37
153,39.967729,116.412859,2011-06-21 15:10:37
10,30.541325,91.380793,2008-10-01 09:44:56
165,39.972865,116.331788333333,2011-11-21 01:13:07
153,39.982272,116.466737,2009-08-20 07:22:56
153,43.892195,125.296395,2010-03-10 05:10:23
68,39.968402,116.426537,2009-04-18 12:50:02
91,39.9842866,116.3325633,2007-11-26 21:59:28
140,39.9673133,116.3917933,2009-06-23 18:06:10
153,41.369678,117.755078,2010-08-06 11:18:39
153,25.115934,110.426024,2010-12-24 01:17:22
68,39.987034,116.418342,2009-06-14 12:32:28
128,40.9875133,117.9413133,2009-07-14 10:00:04
14,39.968295,116.3746016,2009-02-23 11:35:42
62,40.0392933,116.3226733,2008-07-31 08:42:26
15,40.048814,116.30784,2008-10-30 10:48:40
163,39.94382,116.371833,2009-08-30 04:53:46
153,39.932376,116.466175,2008-08-26 12:04:35
22,39.95622,116.302501,2009-03-05 11:05:06
68,39.99505,116.418329,2009-04-29 09:40:34
6,39.983658,116.345565,2008-11-12 00:45:53
22,40.068845,116.309352,2009-03-10 00:50:25
128,39.91212,116.3504633,2009-03-09 10:02:18
22,39.9736,116.334887,2009-03-11 02:53:59
85,39.950345,116.318882,2009-04-21 11:19:14
93,39.8909266,116.3786633,2008-08-23 08:59:27
17,39.9852466,116.3365649,2009-01-20 07:41:25
52,36.154969,103.814231,2008-06-27 02:53:41
17,39.9862566,116.370445,2009-02-17 09:57:19
3,39.991878,116.329646,2008-11-06 11:09:07
153,30.278636874,120.192735474,2011-11-03 11:39:50
125,40.007147,116.322321,2008-06-07 14:01:21
167,40.583951,117.712548,2008-05-03 01:11:07
68,39.971784,116.418366,2009-04-27 00:03:42
68,39.950535,116.269591,2009-08-03 23:11:42
23,39.975263,116.33389,2009-02-15 09:16:51
2,39.92614,116.337966,2008-12-11 13:13:24
88,39.8985983,116.3723433,2008-10-01 01:34:03
42,39.7935916,116.284115,2009-02-27 04:55:38
172,59.7089299,-149.5505899,2008-06-27 21:37:03
65,39.96451,116.315208333333,2011-09-23 00:42:42
128,40.0053616,116.5012066,2011-03-08 12:31:31
163,41.95485,117.750533,2010-08-07 00:03:37
153,39.973463,116.458428,2010-08-29 12:31:00
167,39.9999316,116.3272799,2008-04-02 10:52:47
14,39.983755,116.3210649,2008-10-25 08:21:57
115,39.9084033,116.5890499,2008-06-29 23:24:18
112,39.9741083,116.3327716,2008-07-05 05:45:56
37,39.8559633,116.3871066,2009-07-15 09:48:29
41,39.8669833,116.2756733,2009-06-13 11:02:09
11,39.9858133,116.3077533,2008-11-16 07:03:02
74,39.9779816666667,116.331366666667,2012-02-01 00:26:57
10,36.659611,116.953651,2008-06-18 22:03:03
38,39.9668616,116.3074516,2009-02-14 12:37:53
10,39.117853,117.243735,2007-09-06 22:08:40
84,39.982223,116.32729,2008-07-21 23:31:19
144,40.027546,116.433078,2009-07-20 16:15:17
153,40.028787703,116.431019419,2012-03-03 16:03:10
51,39.8491683,116.2924883,2008-02-02 22:27:07
10,30.584165,91.509419,2008-10-02 02:45:00
153,27.639090306,117.949211179,2011-12-23 15:17:56
17,40.0150366,116.3397599,2008-12-08 09:33:26
124,34.838018,92.940484,2008-10-01 00:04:16
141,39.978365,116.303918333333,2011-10-11 01:15:46
10,30.63335,114.067627,2007-09-23 18:27:16
141,39.987585,116.303261666667,2011-09-18 09:16:34
85,39.977677,116.327505,2009-03-17 09:42:20
36,23.389819,114.449955,2009-02-04 08:29:56
51,39.8555316,116.3906716,2008-01-21 09:09:51
10,39.903562,116.419402,2007-08-04 03:56:24
50,39.90634155,116.385192866667,2009-08-22 11:18:53
28,39.932566,116.319109,2009-02-01 08:51:35
153,39.910931,116.47121,2009-04-09 00:31:22
85,39.9749449,116.3279233,2008-08-30 04:45:14
50,39.8744697570801,116.284614562988,2009-08-04 17:22:10
25,39.9869449,116.3031199,2009-07-01 08:45:15
17,39.9916766,116.3470833,2008-12-06 12:23:05
10,39.901401,116.4199,2009-01-09 19:53:51
41,39.9452549,116.2788866,2009-04-23 08:38:21
62,39.930685,116.3502966,2008-09-21 07:09:54
82,40.047681,116.401654,2009-04-24 16:38:44
10,31.718178,91.635233,2008-10-01 04:49:42
34,39.9180433,116.33864,2009-03-23 03:43:55
153,39.932273,116.461793,2009-07-13 08:32:20
17,39.9880433,116.4020583,2008-12-04 10:04:32
17,39.9482883,116.4220283,2009-01-22 11:43:46
153,39.906108,116.267713,2010-07-25 03:21:22
52,35.813279,104.281006,2008-08-07 09:33:03
24,40.444784,115.790067,2009-02-21 06:56:34
128,40.151965,116.130535,2010-07-18 03:37:52
144,40.0379566,116.4272283,2009-03-04 10:33:02
25,30.632255,114.23002,2009-05-12 05:15:35
25,39.9736483,116.3637266,2009-01-02 01:34:48
124,29.627476,91.068579,2008-10-01 12:18:27
22,39.994081,116.331573,2009-07-09 03:36:45
10,33.113606,115.843373,2008-06-19 18:33:06
85,39.936716,116.336491,2009-05-10 23:11:21
140,39.9865083,116.3829516,2008-09-09 15:56:37
17,40.0138616,116.3395866,2008-12-21 07:17:53
126,40.9795383,117.9287316,2008-05-02 14:39:53
39,40.072703,116.409917,2009-06-08 00:22:26
167,39.821653,119.477889,2008-08-08 11:10:14
35,39.99026,116.330258,2009-03-10 12:35:26
13,39.967801,116.405616,2008-11-02 23:38:46
3,36.872585,116.648801,2009-02-04 19:54:26
65,39.9646716666667,116.312731666667,2011-10-05 15:26:11
128,39.8570066,116.48035,2009-11-06 01:53:38
124,40.063126,116.607401,2008-10-03 09:50:13
141,39.9875283333333,116.303413333333,2011-09-18 09:16:51
153,39.965912,116.338672,2008-09-08 00:21:45
14,39.9578349,116.2925983,2009-02-13 12:00:46
153,40.185011,116.494515,2008-08-23 10:49:16
62,39.9870416,116.3977583,2008-08-24 05:45:12
30,39.126684,116.247334,2009-01-24 05:15:50
10,39.98298,116.332233,2008-10-08 10:51:21
167,39.999885,116.321914,2009-01-06 10:28:20
39,40.323163,116.662218,2009-04-29 04:17:13
30,40.009789,116.318356,2009-04-09 01:08:51
168,40.02151,116.35707,2011-08-23 10:15:24
128,50.5781549,119.2930383,2008-10-04 08:50:41
1,39.901195,116.421133,2008-11-01 06:44:26
163,39.985346,116.450304,2011-05-14 05:26:13
37,39.8640749,116.3939883,2009-02-20 02:40:28
163,25.675147,110.052988,2010-12-25 08:45:27
84,39.981247,116.32779,2008-09-22 11:45:48
58,39.9768066666667,116.328876666667,2011-08-29 10:46:19
114,39.94023,116.268335,2010-06-05 06:14:48
125,35.287958,113.851715,2008-08-27 15:17:10
25,31.5882083,120.3003266,2009-01-18 09:13:22
141,39.9963783333333,116.22349,2011-10-22 05:30:56
82,40.024079,116.411523,2009-04-11 05:14:43
2,39.905075,116.340202,2008-12-07 09:36:09
14,39.9661183,116.3364649,2009-02-11 10:38:02
153,39.986303211,116.449153455,2012-05-19 19:54:29
153,39.987044,116.398847,2011-07-03 02:39:30
84,40.048696,116.398654,2008-11-29 14:52:03
153,39.961406,116.45262,2011-06-05 11:21:41
68,39.969509,116.419768,2009-03-17 12:03:33
17,39.9643866,116.4357683,2009-03-27 05:33:27
113,40.008034,116.400764,2010-05-26 10:28:04
67,39.9759,116.29963,2011-04-18 11:12:46
144,22.5622349,114.1741699,2008-11-13 02:17:41
0,40.007661,116.319783,2009-03-30 03:50:17
128,40.0767233,116.32579,2008-12-15 13:10:48
28,39.950766,116.123467,2009-02-15 22:57:33
68,39.974294,116.418534,2008-11-11 14:21:01
153,39.989488,116.451271,2009-07-20 09:51:09
17,39.9850666,116.3287616,2009-07-02 00:36:13
20,39.9750816666667,116.319025,2011-10-13 01:54:25
128,40.0694266,116.3303833,2009-10-11 12:00:37
153,39.934547,116.455692,2009-12-27 08:59:21
22,40.057872,116.403488,2009-07-17 20:53:38
0,31.16996,121.400706,2009-05-22 09:50:39
10,38.219516,116.804783,2008-12-19 16:40:20
10,42.109498,123.573057,2007-08-04 15:59:34
14,39.9435149,116.3499833,2009-03-11 05:32:08
10,40.051578,116.404919,2008-08-01 03:17:03
73,39.9722833,116.32462,2008-08-03 05:46:02
153,30.569478,104.066142,2011-04-14 07:53:13
128,39.9687216,116.3742516,2010-03-07 00:00:12
10,34.693514,92.905835,2008-10-02 10:08:53
115,39.9084816,116.5879633,2008-05-12 23:39:42
25,39.9970666,116.3086716,2009-04-23 06:00:56
66,37.627075,116.37988,2009-10-08 10:53:05
50,39.97195435,116.2416153,2009-08-02 13:13:06
41,39.8479866,116.2764449,2009-06-04 07:08:40
7,40.583238,116.729704,2008-11-01 09:02:36
68,39.967192,116.432534,2008-10-31 13:09:42
68,39.99586,116.41798,2009-06-11 09:09:38
82,39.879019,116.406383,2009-04-11 08:42:21
141,39.985145,116.310231666667,2011-10-10 11:04:25
42,39.6867466,116.3360599,2009-02-19 06:17:34
22,39.966371,116.328956,2009-06-15 06:10:19
63,31.840838,117.248104,2010-12-07 17:22:43
153,40.507051,-3.894262,2009-04-21 09:48:56
34,40.0200966,116.3501933,2009-02-14 00:53:28
3,39.909006,116.267586,2008-12-04 00:10:03
13,38.896421,121.581212,2009-01-30 03:14:16
42,39.9058,116.3435616,2009-02-12 08:12:39
128,39.9664149,116.3296149,2010-01-29 06:36:44
167,40.103192,116.091241,2008-09-29 03:13:54
41,39.9133416,116.5379366,2009-05-20 04:44:49
41,39.9061733,116.2588399,2009-04-07 09:49:38
25,40.0421149,116.2999633,2009-03-09 08:48:16
0,39.923948,116.20604,2009-04-13 08:22:53
144,40.0068333,116.46146,2008-05-01 02:01:01
67,31.970625,117.266495,2011-05-20 23:27:46
10,25.022793,102.692288,2007-10-27 06:36:48
7,39.979853,116.341637,2008-11-14 11:02:02
142,38.5996216,115.1548499,2008-05-23 12:32:11
17,39.9290099,116.3469983,2008-12-19 08:09:12
7,39.980274,116.339161,2008-10-28 16:20:07
17,40.9957233,117.48218,2009-01-31 02:21:30
22,39.973273,116.333649,2009-04-28 01:05:57
38,39.9509383,116.313165,2009-03-07 11:13:52
30,39.947151,116.783259,2009-03-21 00:40:50
63,31.842381,117.248749,2010-12-08 22:04:46
163,39.98607972,116.359514075,2012-05-04 08:37:19
35,39.981972,116.326274,2009-04-02 07:23:37
22,39.973256,116.335099,2009-04-03 10:37:38
41,39.8643283,116.2664533,2009-06-24 11:17:57
14,40.0176366,116.440805,2008-11-16 09:35:31
153,39.927838,116.472593,2009-09-25 12:02:03
115,39.9730683,116.5151799,2008-06-03 23:22:52
41,39.9054266,116.2593633,2009-05-02 22:23:17
50,39.9718971252441,116.209846496582,2009-08-06 21:30:51
144,36.060883,120.303214,2009-05-29 08:25:35
153,39.949583393,116.471475281,2012-05-01 16:23:18
65,39.956575,116.34747,2011-10-16 01:08:15
85,39.937124,116.33363,2008-11-29 04:00:47
15,39.95236,116.801847,2009-03-01 12:13:46
37,39.9896583,116.3099799,2009-04-08 05:14:53
25,39.9874816,116.3026616,2009-01-08 11:46:11
62,39.9679699,116.4101066,2008-11-13 10:08:25
41,39.93073,116.2859966,2009-04-20 09:47:10
168,39.966885,116.342697,2011-07-16 08:55:53
68,39.897309,116.412806,2009-06-28 12:50:48
62,34.0069133,106.6585883,2008-09-27 01:25:07
85,39.904622,116.384692,2008-11-01 08:09:10
153,39.993166,116.389541,2009-06-21 04:22:48
50,39.960392,116.268730166667,2009-08-21 06:03:04
141,39.9873866666667,116.189636666667,2011-10-22 03:46:07
17,39.9718949,116.3880833,2009-01-11 05:20:30
68,40.148383,116.815852,2009-04-18 01:41:26
128,40.0755683,116.3280433,2010-08-18 11:34:11
144,33.350584,91.909428,2009-07-07 06:31:06
35,40.013482,116.296489,2009-03-22 07:43:29
52,39.985252,116.353079,2008-05-26 06:05:01
148,30.5429516666667,114.362326666667,2011-05-22 08:37:16
153,39.980945,116.449991,2010-01-01 07:46:11
26,39.936354,116.305144,2009-03-12 12:13:41
94,39.8232166666667,116.44755,2007-08-05 10:44:50
24,39.923616,116.310305,2009-01-22 04:59:39
167,39.980505,116.327076,2008-05-21 03:32:25
10,32.820086,116.138051,2008-06-19 17:26:21
169,39.969252,116.37432,2010-06-03 01:20:34
95,39.9754033333333,116.325628333333,2011-05-29 17:32:32
62,39.966955,116.3828999,2008-11-14 01:31:12
155,39.863932,116.417429,2009-07-30 13:53:32
153,30.702685018,104.045273322,2011-10-01 11:59:53
148,35.0755216666667,113.64083,2011-05-14 18:16:07
167,39.903325,116.420857,2008-06-06 23:58:00
140,39.9893716,116.4153799,2008-09-13 07:28:46
41,39.7699416,116.3355133,2009-04-26 06:12:29
22,39.961415,116.3024,2009-01-09 11:04:25
37,39.979635,116.3113799,2009-03-19 03:54:45
24,39.993065,116.326524,2009-03-19 23:54:20
126,39.96624,116.352414,2008-04-22 11:30:58
3,40.007838,116.319472,2009-03-13 19:57:32
153,25.642871,110.050548,2010-12-25 08:50:30
35,39.975711,116.327264,2009-03-04 00:44:43
11,40.0693199,116.3554599,2008-11-10 23:32:21
24,40.151209,116.93166,2009-03-17 07:28:50
22,39.991079,116.317783,2009-02-21 00:21:47
65,39.8999683333333,116.024486666667,2011-10-05 06:31:50
128,39.98608,116.3640616,2010-04-15 01:52:23
68,39.986732,116.433269,2009-07-24 03:03:29
39,40.366077,116.683211,2009-06-09 01:56:51
29,39.863117,116.360263,2009-03-06 00:17:43
115,40.0687383,116.312155,2008-08-31 16:53:14
30,39.945405,116.808785,2009-04-04 01:34:15
9,39.99938,116.338653,2008-11-08 08:23:04
132,29.872664,121.550347,2010-02-17 11:47:53
25,39.9876983,116.4341566,2009-04-05 09:02:56
30,39.875043,116.272055,2009-04-27 05:24:58
141,39.9843216666667,116.32702,2011-09-24 05:45:04
17,40.0464,116.4059433,2009-04-09 10:16:21
25,33.7710116,116.9833949,2009-01-12 08:14:34
48,40.981526,117.935316,2009-09-04 09:34:59
38,39.9672883,116.3016516,2009-02-16 14:10:42
14,40.0516049,116.1012166,2008-11-12 04:21:52
37,39.9783666,116.2526733,2009-02-14 10:13:55
105,39.8998166666667,116.410983333333,2007-10-05 05:41:32
104,39.9274483,116.3042899,2008-09-13 20:22:52
104,39.9887249,116.3075266,2008-09-10 14:26:31
153,39.999438,116.500877,2008-11-04 02:56:49
84,39.950827,116.419041,2008-10-18 00:19:15
3,39.985377,116.327174,2009-02-16 04:36:46
41,39.7594933,117.9084633,2009-07-12 07:28:56
115,39.7233783,117.4771583,2008-05-01 02:05:09
126,39.975713,116.33095,2008-10-15 04:01:02
165,39.9759333333333,116.306995,2011-10-24 10:46:43
131,40.0080249,116.329295,2009-04-21 14:26:59
75,30.6033516666667,121.131403333333,2011-09-30 23:11:33
67,39.97519,116.329697,2010-12-14 16:07:54
10,39.889556,116.342476,2008-11-06 11:07:00
38,39.910815,116.1877666,2009-07-20 08:43:53
163,39.985579029,116.352840859,2012-03-02 18:08:47
65,39.991605,116.32673,2011-09-21 00:28:38
62,39.9822816,116.3889233,2008-08-12 13:51:13
13,38.895773,121.584176,2009-01-28 06:23:08
167,40.005178,116.320734,2008-10-16 10:26:04
67,37.48274,116.29396,2011-06-16 23:22:02
163,39.960445,116.301132,2010-02-16 06:00:15
163,39.987305061,116.405066431,2012-06-23 18:10:11
62,39.9837433,116.3082899,2008-08-01 07:54:01
4,40.000232,116.332444,2009-04-08 06:11:19
22,39.969219,116.332809,2009-04-26 12:34:18
142,1.283532,103.842982,2008-07-26 04:34:27
125,39.941278,116.346608,2008-06-22 04:45:23
17,40.0002983,116.3466233,2008-12-05 10:42:39
41,39.8682333,116.2585716,2009-03-04 00:26:51
36,39.920076,116.411244,2009-07-08 08:58:44
17,40.0170733,116.3450199,2009-01-16 05:31:02
144,29.5956566,106.5551916,2008-11-05 04:27:41
35,39.981792,116.321108,2009-04-10 08:05:55
17,39.9680949,116.426785,2009-01-21 01:45:08
59,39.9791666666667,116.328713333333,2011-08-29 11:50:12
125,39.991826,116.335734,2008-09-16 14:38:35
24,39.981877,116.346104,2008-12-16 14:13:09
128,40.0674249,116.3122866,2008-10-25 23:46:18
85,39.923213,116.338234,2009-04-29 23:21:28
43,39.990445,116.330528,2009-04-08 04:32:21
44,39.986788,116.334153,2009-04-01 14:20:29
144,40.0855016,116.4072799,2008-12-05 14:28:25
144,37.063601,97.78303,2009-07-06 18:50:57
85,40.051204,116.405531,2009-06-24 09:00:49
141,39.9755366666667,116.331655,2011-09-11 11:10:25
38,39.9206299,116.3120949,2009-02-09 04:31:37
153,30.263814806,120.156232051,2012-02-08 18:47:42
4,38.873501,121.542054,2009-01-26 03:31:54
68,39.938724,116.419378,2009-04-03 01:49:12
17,39.9225366,116.3114683,2008-11-17 02:56:11
41,39.9691166,116.213105,2009-05-14 11:03:24
126,39.819017,119.481452,2008-06-09 02:20:46
17,39.9466866,116.3630983,2009-03-23 05:52:23
65,39.8798666666667,116.091266666667,2011-10-05 02:46:25
39,39.890844,116.453563,2009-07-01 10:07:12
9,39.980295,116.35946,2008-11-01 03:38:22
22,39.97345,116.333384,2009-06-18 14:15:09
163,39.996109427,116.32316064,2012-06-24 20:18:44
36,39.901151,116.389114,2009-04-05 08:52:47
10,39.995104,116.326389,2009-03-15 09:34:44
52,39.985211,116.352954,2008-06-05 08:32:05
55,30.6955216666667,121.063771666667,2011-09-30 17:31:19
153,39.9342716,116.4671549,2008-05-16 01:02:21
153,24.445547057,118.058838904,2011-12-18 17:54:51
144,36.200939,120.609144,2009-05-28 03:52:39
179,40.087157,116.306375,2008-09-15 04:58:38
29,39.86852,116.367817,2009-03-17 23:28:08
42,39.6969499,116.3318749,2009-03-25 06:39:08
68,39.971111,116.417935,2009-01-09 00:04:45
128,40.1822233,117.1798883,2009-10-17 05:40:02
153,39.958832,116.412204,2010-06-04 14:05:29
18,40.2895849,116.2305149,2008-11-08 03:58:50
10,32.089625,118.791834,2008-12-20 01:09:13
153,24.786528,110.496581,2010-12-26 06:39:35
14,39.996015,116.3806783,2009-01-20 00:39:10
41,39.98224,116.4110233,2009-06-22 13:17:09
30,39.995314,116.326523,2009-05-25 03:45:01
10,39.164569,117.202739,2008-12-23 12:49:03
119,39.953973,116.493144,2008-09-20 20:32:25
168,36.03642,114.343986,2009-09-30 07:38:50
153,40.019407822,116.447845636,2011-10-18 17:26:08
23,34.978786,113.524224,2009-02-12 22:44:57
85,40.070695,116.301175,2009-08-24 00:11:50
36,39.978829,116.335906,2009-02-18 10:21:13
12,42.532707,125.678886,2008-09-29 23:06:38
163,39.897065,116.390761,2011-05-15 05:27:54
14,39.9824599,116.3186316,2008-10-27 09:38:30
25,39.9454266,116.4018916,2009-05-24 00:54:50
22,39.971282,116.300683,2009-05-11 15:03:03
23,25.898303,110.863798,2009-01-17 13:27:44
153,40.004354,116.199717,2011-02-04 06:23:06
30,40.006113,116.324139,2009-01-13 04:44:41
41,39.8564583,116.28965,2009-06-24 03:24:21
153,39.91295,116.471583,2008-07-21 00:51:57
126,39.872507,116.407129,2008-10-18 09:22:21
50,39.9628715515137,116.30802154541,2009-08-01 12:29:45
68,39.971871,116.418836,2009-03-03 08:03:00
41,39.8016616,116.8232216,2009-07-10 23:24:09
153,39.888257,116.342768,2011-02-02 07:13:15
73,39.97361,116.3273983,2008-08-15 02:19:40
5,39.980693,116.338246,2008-11-24 12:43:14
20,39.97516,116.312681666667,2011-10-10 14:56:08
167,39.813964,119.483009,2008-06-08 09:40:24
85,39.950737,116.328369,2009-03-31 04:43:21
68,39.997541,116.417864,2009-03-27 00:49:10
41,39.9479416,116.2689083,2009-03-09 11:36:44
13,39.954736,116.423093,2009-02-03 18:16:09
85,39.955846,116.281932,2008-09-29 12:05:12
128,40.0744516,116.3282049,2008-10-22 01:43:12
179,40.088723,116.295059,2008-09-13 03:34:56
11,39.9838166,116.3097199,2008-11-18 08:46:25
84,39.934467,116.43024,2008-12-05 09:18:03
7,39.980884,116.338208,2008-10-29 07:18:30
10,36.00474,117.120358,2008-06-18 23:09:03
153,39.93422,116.396966,2009-08-30 02:02:08
34,39.8205566,116.5402349,2009-04-02 07:05:19
169,40.020516,116.411517,2010-05-30 10:59:45
85,40.06657,116.404971,2009-09-11 19:53:03
25,40.3213966,116.3214016,2009-04-05 06:25:58
10,40.317053,116.041064,2009-03-07 07:38:21
85,39.971648,116.346837,2009-08-26 12:13:54
4,39.999874,116.327339,2009-04-10 14:38:04
68,39.997495,116.411456,2009-06-21 02:06:19
81,39.981949,116.302606,2008-06-07 12:17:21
128,40.0762899,116.3270483,2009-04-19 14:55:39
153,39.981304,116.449913,2011-05-14 11:46:47
38,39.9680316,116.3139999,2009-02-21 05:02:12
38,39.99264,116.3027583,2009-02-15 07:57:28
153,39.995569,116.456419,2010-02-20 09:49:46
17,40.0033116,116.34651,2009-01-20 08:46:31
153,39.973494,116.443163,2011-07-05 09:51:51
163,39.988045,116.449423,2010-10-18 21:38:06
140,39.9757233,116.3575899,2009-02-11 01:58:28
41,39.6809083,116.3095966,2009-05-23 06:28:33
4,40.000101,116.322042,2008-11-21 02:47:33
163,41.334681,117.769801,2010-08-08 08:12:32
128,39.9751233,116.3113833,2009-12-19 06:07:37
10,36.06793,94.807018,2008-10-02 13:15:43
153,40.031339,116.415708,2010-05-08 10:10:55
5,39.983254,116.3101,2008-11-01 07:37:25
83,39.9752633,116.3311349,2009-01-14 22:51:15
115,39.908645,116.5631233,2008-05-25 23:25:59
25,39.9171666,116.1487483,2008-12-27 02:48:01
2,39.926231,116.337274,2008-11-17 11:54:56
13,39.967996,116.410139,2008-10-22 23:43:48
124,36.524996,102.03783,2008-10-03 05:30:36
142,39.975461,116.331712,2010-09-20 10:48:18
30,40.000927,116.324857,2009-01-13 16:14:04
120,40.8555166,117.2839416,2009-09-19 09:54:44
2,39.967954,116.329546,2008-10-24 13:19:11
10,39.880791,116.36841,2009-02-09 00:29:50
13,39.736544,118.161837,2008-09-28 09:13:30
153,39.997547,116.401599,2011-06-19 08:04:10
17,39.93101,116.3495566,2009-06-16 07:12:39
43,39.967911,116.66568,2009-06-23 10:43:25
85,40.951891,117.954544,2009-09-04 08:35:28
71,43.6418766666667,124.981013333333,2012-01-02 07:40:58
17,39.9886249,116.3343533,2009-04-13 00:24:34
68,39.975613,116.416364,2009-04-14 06:22:54
50,40.0002098166667,116.346794133333,2009-08-06 02:03:33
43,39.862474,116.630037,2009-06-18 09:36:56
34,39.99142,116.32638,2009-02-12 07:52:08
4,39.926821,116.320294,2008-12-06 03:48:57
115,39.9089766,116.5759016,2008-04-25 19:29:45
78,39.9379799,116.3852683,2008-05-17 20:32:58
35,39.981842,116.321107,2009-04-23 08:34:46
41,39.67878,116.3301983,2009-06-07 08:04:40
0,40.006522,116.324562,2009-03-30 00:56:13
124,32.012859,91.527491,2008-10-02 05:15:06
34,39.8825733,116.3424499,2009-03-23 03:59:42
141,39.992035,116.331496666667,2011-10-10 14:01:55
29,39.887883,116.357378,2009-01-16 00:39:28
85,39.958746,116.329077,2009-04-08 10:18:50
140,43.2423116,117.532845,2009-07-01 08:41:03
141,39.9796016666667,116.315123333333,2011-10-10 00:41:12
126,39.997655,116.4099799,2008-05-23 10:05:55
85,39.966433,116.348516,2008-07-22 11:07:09
128,39.9908766,116.3908966,2008-05-23 11:19:07
153,39.909914,116.471731,2008-11-11 06:17:28
96,39.995756,116.326329,2008-10-16 14:28:16
15,39.90825,116.592774,2009-03-01 23:23:13
126,40.008789,116.322462,2008-10-19 02:01:58
3,40.010254,116.322273,2009-06-30 10:07:28
0,39.984972,116.327106,2009-04-30 11:27:40
34,39.8556933,116.3834416,2009-03-02 05:53:04
19,39.8643732,116.3935283,2008-11-20 23:25:31
84,39.975044,116.33127,2008-10-09 10:22:25
163,39.996838396,116.320889328,2012-06-01 20:21:16
144,7.875635,98.388606,2009-03-21 11:58:30
126,40.11665,116.079442,2008-09-29 07:05:56
68,39.987511,116.417995,2009-03-28 06:54:44
62,39.9688,116.31383,2008-11-17 01:20:53
153,39.986722,116.385834,2011-02-04 03:48:15
142,40.0376933,116.2103766,2008-05-24 07:38:38
35,39.990552,116.330041,2009-04-15 13:40:38
128,39.9297149,116.2685899,2008-12-25 09:21:33
17,39.9476283,116.3719633,2009-04-10 01:42:47
168,40.039764,116.405615,2011-08-17 14:21:05
50,39.9849205,116.323760983333,2009-08-06 02:19:38
37,39.7865033,116.3074249,2009-04-17 04:04:02
168,34.339647,113.763661,2009-09-30 10:53:59
4,40.00076,116.324466,2008-12-17 00:00:05
4,39.958103,116.359016,2009-07-02 04:11:21
163,39.981821444,116.450297936,2011-11-29 10:06:44
37,39.9724066,116.3103183,2009-04-13 09:00:33
74,38.353605,115.772891666667,2012-01-29 03:17:50
153,40.128718,116.335614,2010-04-04 07:47:11
142,39.955749,116.276803,2010-06-25 01:42:32
141,39.9916216666667,116.3309,2011-09-11 11:26:38
153,31.202917947,121.398650261,2012-01-15 21:23:36
25,22.5355433,113.9696033,2008-12-30 05:46:27
0,39.997226,116.317658,2009-04-24 07:53:14
42,39.9069216,116.4365383,2009-03-25 11:07:49
3,32.006347,120.849716,2009-01-25 07:25:46
163,44.927368,-93.223878,2011-08-25 03:09:44
141,39.9863166666667,116.1867,2011-10-22 04:14:09
68,39.964395,116.435842,2008-12-14 08:22:47
50,39.8893013,116.304588316667,2009-08-04 10:16:15
41,39.935955,116.5366416,2009-04-08 01:07:11
36,40.521275,116.796009,2009-02-11 00:21:34
153,30.75272572,120.472610828,2011-11-26 14:35:35
37,39.8114266,116.2851716,2009-03-13 07:27:43
10,39.884194,116.368086,2008-09-26 11:33:18
41,40.5107166,117.1525033,2009-04-07 07:25:49
31,39.965783,116.321645,2009-01-23 06:50:09
153,39.954570575,116.451422181,2012-04-03 20:12:40
21,28.1709833333333,116.92675,2007-05-02 00:19:43
153,40.00974,116.461697,2010-02-12 00:19:43
17,39.9518516,116.4519683,2009-05-25 07:48:43
3,39.991727,116.330508,2009-07-02 12:05:21
128,42.664615,117.2363283,2009-07-12 09:46:29
20,39.9794883333333,116.305141666667,2011-08-31 04:15:56
30,40.005755,116.324332,2009-06-25 15:38:42
112,39.9703233,116.3094066,2008-07-10 14:50:31
65,39.9742466666667,116.30137,2011-09-07 12:16:28
153,30.245056,120.047075,2011-03-08 03:31:19
24,40.073889,116.234443,2009-05-19 04:51:32
22,40.060096,116.182454,2009-06-29 04:08:10
142,1.304288,103.926865,2008-07-23 12:36:38
96,39.976355,116.330679,2008-07-15 02:13:06
128,39.9859383,116.3579666,2010-03-19 09:22:40
25,18.2362583,109.5086699,2009-02-09 13:48:06
128,40.0483199,116.3271433,2009-11-06 06:26:17
41,40.5275533,116.1572683,2009-03-05 05:01:18
3,39.90621,116.294977,2009-03-06 03:47:34
6,39.982062,116.342458,2008-12-11 08:18:30
167,39.991775,116.326426,2008-06-10 00:18:47
128,40.067005,116.1845049,2009-05-29 07:09:45
25,39.9816149,116.2999333,2009-01-03 10:00:29
144,40.042087,116.428701,2009-06-15 08:41:56
25,39.9879233,116.3004333,2009-06-15 13:28:12
167,39.971401,116.421908,2008-05-18 12:06:29
38,39.9938083,116.1992299,2009-07-16 05:39:38
30,40.009681,116.323815,2009-04-12 00:51:22
52,39.985093,116.352705,2008-06-04 21:17:39
163,39.984615082,116.298450711,2011-11-22 10:07:49
52,40.03036,116.40844,2008-08-20 01:58:24
84,39.941556,116.419503,2008-07-26 11:36:09
68,39.975161,116.425782,2009-04-06 08:24:49
25,39.9848416,116.3237233,2009-06-06 12:32:26
25,39.9746249,116.3005616,2009-07-03 05:34:32
30,39.945407,116.788872,2009-07-10 13:31:46
163,25.113065,110.423989,2010-12-24 01:18:14
4,39.97893,116.300133,2009-05-28 11:28:50
115,39.972029,116.233392,2008-05-16 09:49:11
167,39.971241,116.422221,2008-11-20 12:26:40
144,37.9024233,112.1189033,2009-01-27 05:44:33
10,27.993837,102.177065,2007-10-24 13:45:15
179,39.99162,116.329125,2008-09-06 11:53:41
22,39.97353,116.334274,2009-06-08 07:05:26
41,40.23993,116.8040149,2009-05-25 05:33:18
28,39.922549,116.171469,2009-04-01 23:36:28
163,42.400984,117.277765,2010-08-08 05:19:18
68,39.9698,116.419997,2008-11-02 05:32:53
140,39.9934483,116.39702,2009-01-09 13:34:53
10,37.256011,100.236106,2008-09-29 16:03:17
128,47.7004966,-122.2777499,2009-02-27 18:35:53
3,40.010235,116.321923,2009-05-12 04:29:53
62,40.0290933,116.5562949,2008-08-05 09:10:30
40,39.951,116.362148,2009-05-13 15:02:34
35,40.013468,116.29647,2009-04-05 06:52:56
50,39.8652229309082,116.290786743164,2009-08-04 16:18:59
128,39.9793816,116.2745749,2009-01-09 09:19:24
42,39.9754799,116.3289933,2008-10-06 07:23:17
168,39.966535,116.345116,2011-08-17 11:45:12
153,39.708446,116.102231,2011-05-02 12:13:54
153,45.121937,124.823454,2010-03-18 03:06:02
10,39.994681,116.327443,2008-11-07 05:26:21
42,39.905925,116.37146,2009-02-20 02:13:51
68,39.969987,116.419811,2009-08-22 14:05:12
153,39.984796,116.450834,2010-08-10 23:56:08
66,39.872113,116.234147,2009-08-21 15:14:28
135,26.589795,111.699403,2009-01-25 03:10:13
168,39.93375,116.268619,2011-06-20 23:55:50
17,39.9678483,116.4132499,2009-05-28 14:22:18
144,29.636776,91.196247,2009-07-08 00:40:59
1,40.001427,116.331286,2008-10-26 08:34:39
14,39.9593416,116.3406199,2009-04-09 04:55:24
141,39.9809266666667,116.401043333333,2011-09-10 08:31:38
153,40.031594,116.421743,2011-08-10 01:57:40
17,39.9853999,116.3459399,2009-04-02 00:18:48
52,39.984707,116.352506,2008-06-07 22:05:04
144,39.9338516,119.3907249,2008-09-30 19:53:23
68,39.932225,116.481733,2009-09-13 06:55:35
141,40.010155,116.392975,2011-09-10 06:51:10
3,40.008176,116.321109,2009-03-14 11:04:27
140,40.9881083,117.9339366,2009-04-05 04:09:54
168,33.828021,113.908272,2009-09-30 11:32:18
42,40.0407916,116.5029466,2009-04-09 06:56:39
9,39.99943,116.336484,2008-12-14 05:26:38
25,30.5676083,114.3567899,2009-05-13 06:11:32
180,33.243444,115.82757,2009-05-29 02:44:19
128,29.8060133,115.9760149,2010-02-08 09:30:57
41,40.3052366,116.6432866,2009-04-28 02:55:01
144,38.5739816,115.0393799,2008-11-09 05:42:11
16,39.985433,116.306512,2008-12-15 04:45:40
65,39.924445,116.1713,2011-10-05 02:24:47
62,30.9012116,104.20482,2008-09-27 10:34:52
119,39.953907,116.493,2008-09-13 08:12:50
64,40.356042,116.01014,2008-08-24 02:46:46
68,39.979912,116.414193,2008-10-04 04:48:42
41,39.8858899,116.5422016,2009-04-24 10:09:24
41,39.87958,116.2699816,2009-04-03 10:50:26
25,38.119135,116.6698299,2009-07-08 13:48:31
128,40.0719549,116.2369216,2009-05-29 07:15:18
41,40.1323183,117.1013583,2009-04-24 06:41:40
153,39.984886,116.33502,2010-04-11 10:27:22
163,34.086353,-118.382013,2010-11-07 01:57:21
13,39.967009,116.384063,2008-11-09 23:39:36
85,39.990705,116.313536,2009-03-14 05:16:26
153,30.752232185,103.943739965,2011-10-02 08:07:17
126,40.003376,116.321529,2008-08-02 08:40:48
156,39.867026,116.487613,2009-07-11 08:11:38
25,39.9145199,116.4051566,2009-04-29 04:59:22
18,39.9871733,116.3981083,2008-11-12 15:40:01
121,39.153304,117.179989,2009-10-04 10:33:15
153,27.644135212,117.966899393,2011-12-23 10:45:43
167,39.820832,119.479288,2008-06-07 07:43:54
140,39.9871433,116.412225,2009-07-08 23:09:04
41,39.8669149,116.3296599,2009-07-06 06:01:35
163,39.986128668,116.370803347,2012-03-06 20:26:20
29,39.83057,116.483232,2009-01-15 00:00:29
179,40.063688,116.314937,2008-09-04 09:24:11
153,39.98358,116.452577,2010-05-08 03:59:06
10,33.330008,115.815861,2008-06-19 18:45:57
43,40.064682,116.56689,2009-06-23 09:55:34
2,39.905914,116.3612,2009-02-19 11:04:05
163,40.417497,-3.682837,2009-04-20 15:41:04
29,39.868612,116.362888,2009-03-09 09:56:16
153,39.927603,116.472085,2008-10-23 08:12:43
28,39.967801,116.101579,2009-02-04 12:50:09
85,39.950457,116.303162,2008-05-22 05:24:44
62,39.9445883,116.3499916,2008-08-12 11:23:21
55,31.157485,121.800186666667,2011-09-30 16:18:29
82,40.052062,116.400063,2009-05-15 17:18:59
42,39.9057483,116.3489116,2009-02-13 04:05:37
17,39.9475466,116.37605,2008-12-17 01:47:47
16,39.93267,116.346618,2008-12-14 10:46:22
124,40.06154,116.604324,2008-10-03 09:51:13
65,39.96892,116.32804,2011-09-21 00:09:28
153,39.902884,116.451623,2009-11-28 02:17:56
153,30.206685094,120.230297756,2011-11-04 14:50:00
153,40.01434,116.461123,2010-02-09 00:22:36
10,29.855008,113.692158,2007-09-23 18:20:51
179,39.956398,116.364423,2008-08-22 06:38:28
41,40.0382083,116.4728483,2009-07-06 01:30:18
38,39.9706616,116.3032483,2009-03-21 11:15:35
65,39.9673866666667,116.31429,2011-09-26 00:55:11
65,39.903605,116.024686666667,2011-10-05 04:09:52
38,39.96733,116.3018233,2009-02-23 13:57:12
163,25.63313,110.060555,2010-12-25 08:53:15
82,40.063992,116.375395,2009-03-19 00:41:03
35,39.979664,116.3165,2009-02-25 06:07:55
128,39.990955,115.0336066,2008-07-11 22:46:08
17,39.93098,116.2887666,2009-06-01 02:54:42
96,40.009067,116.317131,2008-08-28 11:24:03
128,40.0205966,116.4232999,2010-08-24 02:30:44
41,40.0169349,116.2787099,2009-04-03 23:37:09
148,32.2877883333333,114.070523333333,2011-05-14 20:50:22
10,39.962088,116.339474,2008-10-09 11:19:41
67,39.9426033333333,116.444108333333,2011-06-17 11:06:50
153,43.770955,11.262142,2009-05-03 18:45:38
163,43.697331,7.264993,2009-04-29 14:08:21
163,40.519037,-3.901343,2009-04-21 12:18:24
103,39.9268066,116.2979549,2008-09-17 23:30:16
15,39.945367,116.796244,2009-02-26 11:18:36
62,39.9861083,116.3050549,2008-12-11 04:18:40
168,29.950713,114.360896,2009-09-30 17:37:07
35,40.013473,116.296467,2009-04-05 06:46:51
65,39.963775,116.310191666667,2011-10-05 15:25:51
68,39.987264,116.417611,2008-10-29 00:09:27
153,39.916864,116.471952,2008-11-08 04:32:28
153,24.457847772,118.072334982,2011-12-18 19:38:54
169,39.971386,116.374444,2010-05-27 10:42:02
36,39.977968,116.347154,2009-04-13 06:09:08
68,35.684362,114.224934,2009-08-01 07:53:29
141,39.9918366666667,116.331675,2011-09-11 11:25:00
74,39.9789316666667,116.30441,2012-04-07 01:18:37
7,39.976519,116.338967,2008-10-30 10:19:30
39,40.039064,116.326868,2009-05-09 07:09:11
68,39.945202,116.455291,2009-07-07 07:24:44
74,39.9753133333333,116.336361666667,2012-02-07 14:07:15
68,39.93203,116.392814,2008-10-02 04:21:31
140,39.9855116,116.3525033,2008-09-30 13:58:54
68,39.984829,116.418333,2009-05-08 11:02:10
167,39.895208,116.592765,2008-05-03 05:35:37
11,39.9393416,116.3490866,2008-11-12 00:10:08
126,39.9618749,116.4187999,2008-06-20 11:10:50
153,40.487962,-3.867643,2009-04-21 09:38:17
29,39.870432,116.416376,2009-03-09 09:46:56
52,43.152925,91.060831,2008-08-06 15:58:38
10,39.839066,116.165481,2008-09-28 13:45:46
10,39.163306,117.200478,2008-12-31 18:03:25
153,40.019341,116.452064,2011-09-29 10:28:39
167,39.939738,116.421146,2008-07-19 10:15:35
22,46.595162,125.028042,2009-01-14 02:35:00
41,39.8789216,116.2701716,2009-04-07 11:30:53
26,37.823356,112.567979,2009-02-05 12:22:59
163,39.984883985,116.456555396,2012-03-18 13:44:36
163,39.983121,116.450925,2010-04-10 14:28:00
68,39.990021,116.417906,2009-07-26 01:29:50
17,40.3984199,116.90857,2009-06-14 11:10:50
22,40.056575,116.404916,2009-07-17 18:51:28
65,39.9832866666667,116.329356666667,2011-09-11 13:39:20
41,39.9905766,116.2916466,2009-07-07 01:50:24
68,39.996671,116.301413,2009-07-11 13:42:11
37,39.9586733,116.4498833,2009-04-07 10:20:07
124,33.055891,91.701944,2008-10-01 02:57:24
96,40.070115,116.314725,2008-08-31 12:41:12
144,36.633237,101.787272,2009-07-06 12:37:09
30,40.000806,116.318141,2009-05-26 07:40:56
12,39.988755,116.315644,2008-11-11 01:30:36
153,43.885738,125.311024,2010-03-18 00:05:38
12,37.534443,116.330311,2008-11-14 15:28:41
67,39.908097,116.315651,2011-03-26 03:33:07
62,39.9672699,116.3979816,2008-08-29 00:30:54
17,40.0166966,116.3417933,2009-06-16 20:57:25
167,39.960671,116.662295,2008-05-03 05:17:19
41,39.904185,116.6097033,2009-02-17 09:53:19
128,39.9479933,116.4148649,2009-03-19 07:56:52
30,39.826662,116.283741,2009-04-12 13:26:38
168,40.01375,116.401518,2011-08-13 09:01:12
3,40.001876,116.326329,2009-04-28 05:21:46
17,39.8838049,116.3927366,2009-05-21 05:50:13
4,40.004555,116.32238,2008-10-31 03:56:33
153,39.989339,116.446379,2009-11-12 23:41:45
24,40.377289,115.895441,2009-02-27 00:22:34
38,39.9855883,116.2991549,2009-07-15 04:11:39
126,39.966217,116.351408,2008-09-04 13:42:49
128,40.07542,116.3276566,2010-01-15 01:02:20
165,39.977305,116.32727,2011-11-19 01:05:26
160,13.412635,103.849765,2010-12-26 16:12:09
68,39.980791,116.413805,2008-10-08 10:47:34
50,39.980224609375,116.309814453125,2009-08-02 16:56:16
128,40.0743749,116.3145816,2009-11-27 01:57:37
41,39.74124,116.3346983,2009-02-16 05:54:11
7,39.966212,116.363799,2008-10-31 11:42:41
163,40.431093,-3.716236,2009-04-22 16:54:22
153,34.132119,-118.352998,2010-11-06 05:40:12
25,38.9098566,121.6114166,2009-06-10 03:21:41
24,40.199747,116.187116,2009-02-13 07:56:47
41,39.8668983,116.2757816,2009-03-03 05:48:17
42,39.7430732,116.33335,2009-04-10 09:48:51
68,39.933937,116.303803,2009-06-19 10:48:04
159,39.9791233333333,116.33076,2012-04-08 23:11:50
85,39.887977,116.341737,2009-01-06 00:05:13
128,39.9837216,116.3276583,2009-10-16 11:38:58
4,40.007547,116.32005,2009-04-07 09:41:36
18,39.9214083,116.45774,2008-11-07 09:15:42
15,39.878172,116.201714,2009-02-26 04:28:31
23,24.145059,109.277347,2009-02-12 03:29:01
10,37.811173,113.091397,2007-10-21 22:40:40
78,39.972298,116.324623,2008-08-14 02:35:48
17,39.9826616,116.3474399,2009-02-10 07:11:07
141,39.984265,116.31033,2011-10-10 11:04:07
131,40.0677149,116.47595,2009-04-18 10:42:59
10,39.972646,116.334816,2009-02-09 01:11:05
126,39.985483,116.327122,2008-10-14 10:13:28
122,40.013358,116.449351,2009-09-02 13:35:17
17,39.939755,116.4188083,2009-01-21 02:22:38
10,30.507245,91.209849,2008-10-01 09:55:34
140,34.4549349,115.6753483,2009-01-28 15:08:13
115,39.984563,116.313532,2008-05-16 05:43:33
35,39.981929,116.321081,2009-04-14 08:48:36
124,30.747451,91.573983,2008-10-01 09:22:41
50,40.02000045,116.2766571,2009-08-24 10:20:24
30,39.966245,116.301003,2009-03-14 05:22:47
50,39.9243583666667,116.38142395,2009-08-21 07:45:29
10,20.229495,110.125498,2007-09-21 17:10:29
163,39.987036,116.396166,2011-05-07 04:52:03
17,39.9854583,116.3374883,2009-06-07 04:32:03
126,39.979844,116.327289,2008-11-24 01:59:36
65,39.9779916666667,116.329165,2011-09-02 10:46:23
39,39.990855,116.310082,2009-03-21 05:55:16
10,36.985549,98.240906,2008-09-29 20:08:12
22,39.973528,116.333536,2009-07-17 00:06:37
30,39.987215,116.326945,2009-02-07 05:50:58
41,40.1071466,117.1228083,2009-04-24 00:43:42
17,40.0812083,116.3016416,2008-12-27 13:29:07
25,40.0443599,116.299445,2009-04-15 02:00:24
167,39.975221,116.330915,2008-05-30 12:48:27
10,39.014603,117.704138,2008-12-06 10:08:52
44,40.003196,116.325181,2009-04-09 01:12:39
16,39.974886,116.319234,2008-10-31 03:46:59
14,39.966055,116.3311933,2008-11-11 04:46:49
82,40.052433,116.400322,2009-04-24 13:49:04
128,39.9753833,116.33293,2008-07-29 02:24:08
30,40.009407,116.321519,2009-03-10 10:20:03
144,29.756421,91.935387,2009-07-08 02:14:26
17,39.8678383,116.3588849,2009-04-08 02:11:00
17,39.9718483,116.4115683,2009-05-21 08:46:12
30,39.870774,116.362904,2009-02-07 05:06:27
141,39.9780966666667,116.30922,2011-08-30 00:44:39
128,39.9755516,116.3302733,2009-08-30 03:18:17
30,39.93656,116.329707,2009-07-24 11:01:12
13,39.509166,118.664684,2008-10-02 04:45:48
17,39.9673933,116.4043083,2009-04-14 08:11:41
52,39.975178,116.332883,2008-05-31 03:51:24
2,39.911506,116.324693,2008-11-08 07:00:13
37,39.958445,116.2690916,2009-04-16 23:27:29
5,39.99989,116.327432,2008-11-26 02:35:00
141,40.2040366666667,116.220856666667,2011-10-23 01:42:41
46,40.021412,116.349798,2010-05-11 10:55:15
28,39.960638,116.104298,2009-02-02 22:32:43
153,43.885317,125.304364,2010-03-21 05:05:59
41,39.9312916,116.2687566,2009-06-24 11:07:20
153,39.9389466,116.3039983,2008-05-01 03:37:53
22,46.595668,125.01051,2009-01-14 07:41:12
24,41.124698,117.702324,2009-01-13 04:54:06
52,39.999422,116.375416,2008-07-24 09:42:50
22,40.057301,116.404545,2009-07-11 14:23:31
132,29.872944,121.556878,2010-05-01 00:23:11
65,39.976430325,116.332889319,2011-08-11 01:48:55
9,40.00276,116.343844,2008-11-14 11:39:34
26,39.865001,116.168581,2009-01-19 03:29:36
2,39.926277,116.337654,2008-12-06 04:10:10
68,39.906499,116.276014,2009-07-05 13:00:57
153,39.983488,116.464597,2010-05-21 11:03:43
141,40.357915,115.99768,2011-10-23 02:24:46
35,39.977922,116.300554,2009-02-27 05:42:53
7,40.036049,116.262365,2008-11-11 03:54:06
65,39.9842966666667,116.321331666667,2011-09-18 08:27:26
153,39.985314,116.451812,2011-09-05 09:48:20
41,39.9550416,116.3096249,2009-03-16 02:24:29
153,45.7614,126.629483,2010-03-24 12:12:16
65,39.9648033333333,116.319668333333,2011-10-24 01:23:56
67,39.41936,115.930006666667,2011-05-22 22:17:09
43,39.888077,116.679434,2009-06-23 00:55:41
30,39.999652,116.321172,2009-01-21 01:04:56
52,39.991913,116.327235,2008-07-24 06:17:25
50,39.9393005333333,116.3087616,2009-08-21 10:38:42
13,39.960785,116.416346,2009-01-17 10:00:52
58,39.9751466666667,116.313563333333,2011-08-30 00:36:28
83,39.9441316,116.3456683,2009-02-21 17:10:19
112,39.9868816,116.3907566,2008-05-30 12:37:14
17,40.0428333,116.4055066,2009-04-09 10:43:21
31,40.10182,116.580316,2009-01-23 22:28:22
140,43.4263566,116.6045499,2009-07-03 11:54:21
62,40.0892133,116.2766683,2008-11-16 08:19:45
95,39.975375,116.327936666667,2011-05-20 16:41:05
85,39.966027,116.315882,2008-07-22 11:12:21
92,39.9669266,116.3797383,2008-01-18 13:43:00
10,38.238581,116.84268,2008-12-20 20:36:40
144,32.832883,91.531579,2009-07-07 07:33:50
16,39.966548,116.338548,2008-11-11 02:04:26
163,37.563576,126.981944,2008-05-06 14:03:57
17,39.9127733,116.3598816,2009-06-15 03:46:49
35,39.99035,116.330045,2009-03-07 13:08:26
153,30.683118234,104.013267085,2011-10-07 11:09:25
153,39.990518,116.463181,2010-10-16 04:23:07
96,40.008108,116.319299,2008-10-27 17:32:28
144,7.919625,98.369371,2009-03-25 05:02:48
13,38.894981,121.583098,2009-01-27 03:33:38
22,39.973117,116.332474,2009-07-07 04:56:35
37,39.9582699,116.4189983,2009-07-21 05:34:26
101,39.8080716,116.1301449,2007-12-08 07:46:47
153,39.998593,116.387124,2008-09-06 10:52:46
68,39.995997,116.417272,2008-12-01 11:52:08
4,40.009678,116.320408,2009-03-01 07:57:11
10,39.852318,116.314352,2007-09-10 08:43:44
0,31.201436,121.392695,2009-06-28 03:18:22
153,39.923052,116.472021,2008-08-24 07:08:16
163,39.95935,116.460485,2010-09-04 03:33:28
67,33.3538816666667,114.035266666667,2011-05-22 15:48:37
153,39.946565,116.387655,2010-09-09 13:48:00
128,39.966395,116.36116,2010-05-19 09:37:48
37,39.9122766,116.3504149,2009-04-07 07:08:31
148,30.5440266666667,114.358411666667,2011-05-22 08:47:37
50,39.9058799743652,116.326110839844,2009-08-06 19:21:42
17,40.0325399,116.3501183,2009-05-22 11:06:08
30,40.009488,116.320363,2009-01-21 05:02:24
153,40.910893,117.762601,2010-08-06 10:20:12
68,39.936194,116.420792,2009-01-09 06:26:07
4,39.965966,116.328209,2009-07-05 06:16:47
5,40.000514,116.326985,2009-01-14 05:34:19
10,40.255564,116.211421,2008-11-08 10:02:46
13,39.494453,118.676868,2008-10-01 05:51:51
153,39.867035,116.4884549,2008-06-20 04:06:08
74,39.975165,116.311366666667,2012-02-20 00:15:05
128,39.1339533,117.2011249,2008-11-08 08:07:43
167,39.817958,119.498248,2008-08-10 02:12:47
17,40.0003349,116.3756933,2009-03-27 00:32:04
18,39.93189,116.383365,2008-11-06 09:31:20
144,29.5815649,106.4484916,2008-11-05 09:22:00
30,39.878913,116.201708,2009-04-13 08:27:29
167,39.990696,116.309571,2008-10-19 05:30:30
103,39.9540316,116.3493516,2008-09-09 05:08:34
141,39.9890466666667,116.189765,2011-10-22 04:28:02
144,16.493019,113.290994,2009-03-25 19:44:38
16,39.92567,116.154436,2008-11-04 23:47:24
144,40.041913,116.42812,2009-07-23 00:49:28
50,39.9058952333333,116.638526916667,2009-08-07 06:59:19
128,40.054175,116.3224799,2009-05-01 12:03:08
68,39.987247,116.417559,2009-03-05 23:48:36
30,39.989041,116.326851,2009-04-09 14:19:21
30,39.951764,116.800025,2009-06-07 01:52:55
153,39.975407,116.445001,2011-03-29 23:57:10
153,39.985272,116.457389,2011-09-16 11:27:48
142,39.975598,116.331714,2010-06-03 02:07:02
113,40.052633,116.400642,2010-05-10 21:50:59
24,40.038974,116.325204,2009-05-24 16:31:53
25,31.2269783,121.47205,2009-05-04 06:59:30
126,39.97132,116.419953,2009-01-22 12:25:11
153,39.907522,116.456222,2011-06-17 09:20:37
37,39.92047,116.4415483,2009-01-21 02:14:21
35,40.030597,116.360028,2009-02-22 07:23:39
8,39.97695,116.330895,2008-12-12 09:10:44
128,40.3159316,116.6242083,2009-03-28 02:54:16
153,39.915097,116.471527,2008-10-08 23:59:57
96,39.98145,116.329104,2008-07-23 10:10:51
41,39.8951383,116.2681733,2009-06-30 05:22:02
153,39.987266,116.470253,2010-10-16 04:25:13
153,39.863124,116.454591,2009-07-18 10:41:50
18,39.9449733,116.3380066,2008-11-05 12:04:15
11,39.9848066,116.327185,2008-10-11 04:44:34
67,39.99325,116.331546666667,2011-04-23 15:06:54
167,39.96742,116.401557,2008-05-08 10:01:18
3,40.012207,116.321676,2008-12-02 17:17:21
30,38.970983,116.103071,2009-01-24 07:13:28
7,39.812216,116.137922,2008-10-28 04:58:57
10,39.029603,117.649436,2008-12-06 09:51:04
126,39.946148,116.411047,2009-01-26 07:45:30
12,39.992175,116.326394,2008-11-18 11:26:13
140,47.6712949,-122.1182716,2009-07-27 08:14:04
128,39.9830899,116.4881833,2009-11-20 08:02:40
24,39.937861,116.189478,2009-05-21 05:56:17
24,40.013921,116.311743,2009-05-24 06:30:58
163,33.814255,-118.176224,2011-08-17 20:44:08
17,40.9215299,117.3156716,2009-01-27 23:55:57
52,37.714113,102.798534,2008-08-03 10:37:35
29,39.867228,116.356481,2009-03-11 23:06:47
64,40.35622,116.01055,2008-08-24 03:19:06
62,39.999185,116.3181799,2008-09-20 08:36:26
153,40.501717,117.150718,2010-08-08 10:10:28
10,37.785833,113.694088,2007-10-18 03:16:21
167,39.865823,116.489856,2008-06-20 06:35:09
141,40.3602083333333,116.014061666667,2011-10-23 03:08:46
128,26.2448366,115.1475666,2009-02-01 08:48:15
25,31.5104516,120.2410316,2009-01-17 08:27:47
144,38.1109683,114.4716466,2009-01-20 07:51:16
159,32.312135,114.0603,2012-03-31 20:30:09
144,37.185413,96.427556,2009-07-06 20:26:52
41,39.8591433,116.2563833,2009-06-27 02:16:17
128,40.0751483,116.2471133,2010-10-30 02:59:03
84,39.950323,116.349717,2008-07-23 14:51:36
68,39.969411,116.420025,2009-01-09 05:57:05
67,39.1568583333333,117.135853333333,2011-06-17 01:21:11
41,39.8666683,116.3447616,2009-02-19 00:48:40
30,39.896364,116.265004,2009-02-21 04:20:56
128,40.4153633,116.3354583,2009-10-31 05:31:25
128,26.0828183,116.0686166,2011-02-07 00:56:08
41,39.9055666,116.4554599,2009-06-11 02:58:47
153,39.913746,116.472051,2008-07-16 11:40:45
153,32.97934,114.0365966,2008-05-09 00:59:18
68,39.996685,116.395242,2008-10-04 11:56:45
13,39.956004,116.42087,2008-10-17 10:14:26
153,41.890093,12.473085,2009-05-06 12:39:19
141,39.9986633333333,116.388156666667,2011-09-10 06:03:56
4,40.004788,116.315716,2008-11-06 04:20:18
89,39.9870366,116.4508283,2008-05-17 07:32:46
20,39.9747483333333,116.306296666667,2011-09-12 06:40:15
50,39.9098968505859,116.404960632324,2009-08-22 17:37:45
128,40.4473933,115.875,2009-01-01 07:13:28
41,39.9231333,116.2784699,2009-06-23 11:16:19
62,40.0364466,116.33202,2008-09-13 06:44:42
153,43.889181,125.305016,2010-03-15 03:11:38
140,41.7549466,123.4297649,2009-04-21 15:31:02
30,39.949069,116.802858,2009-02-04 12:29:47
17,39.9844749,116.3230316,2009-05-24 23:48:11
68,39.969246,116.419898,2008-12-08 00:33:11
153,39.981213,116.449789,2011-09-27 06:59:34
128,33.5050599,114.0295999,2008-05-09 02:04:25
125,34.395938,113.772455,2008-09-03 22:23:56
26,40.025068,116.309592,2009-01-15 12:46:53
153,40.223728,116.201596,2009-07-09 02:51:03
153,39.983721,116.450651,2010-05-23 23:50:54
128,40.0197133,116.3788066,2008-07-06 03:14:54
122,39.962526,116.396376,2009-05-24 16:32:57
85,39.980817,116.329161,2008-11-06 00:23:19
37,39.8653533,116.4328633,2009-07-15 03:51:56
41,39.8705183,116.2647266,2009-06-06 13:49:22
10,43.133413,88.839863,2008-04-04 03:55:38
10,36.1832,114.331255,2008-04-06 04:35:52
36,40.029172,116.259246,2009-04-18 00:54:58
7,40.090633,116.115266,2008-11-04 04:20:17
38,39.9670133,116.3913783,2009-07-10 07:39:57
163,40.503533,117.139074,2010-08-06 09:31:58
67,39.5308916666667,116.667493333333,2011-05-20 14:35:06
89,39.9882116,116.452725,2008-04-30 12:51:23
24,39.890267,116.235214,2009-05-16 05:03:33
128,40.0378016,116.3349466,2009-05-03 09:02:55
40,39.951418,116.361868,2009-03-25 15:06:43
179,39.991546,116.333987,2008-08-22 06:06:50
58,39.975395,116.32346,2011-08-29 10:37:33
84,39.991886,116.201294,2009-09-06 06:15:27
4,39.968806,116.313936,2009-02-24 10:37:31
30,40.004678,116.318817,2009-03-05 05:49:47
168,36.038851,114.342812,2009-09-30 07:38:41
62,39.9916466,116.3236999,2008-12-04 06:08:04
10,39.862658,116.374488,2009-02-13 11:22:40
135,33.562666,114.036679,2009-01-24 16:11:55
153,39.996872,116.514848,2009-07-19 03:11:50
20,39.9919716666667,116.326656666667,2011-11-05 05:12:46
66,39.899093,116.258558,2009-08-22 12:59:15
36,39.898539,116.342271,2009-07-07 02:58:38
68,39.941025,116.313372,2009-07-12 09:20:35
128,40.4574933,120.4989683,2009-10-01 07:30:36
140,39.9857183,116.3532716,2009-05-19 18:16:36
25,39.9478149,116.4025999,2009-05-25 00:48:25
153,40.064308,116.337537,2010-02-11 06:30:16
128,40.0731716,116.3067349,2009-10-31 10:03:57
65,39.97672,116.329423333333,2011-09-15 12:34:25
65,39.9649516666667,116.325401666667,2011-09-29 14:18:13
126,41.6704649,117.820305,2008-05-01 15:05:36
26,37.843753,112.56569,2009-02-16 07:08:27
0,40.009741,116.315217,2009-04-03 15:20:08
17,39.8950366,116.2061583,2008-11-17 03:47:18
153,39.915395,116.455172,2010-04-23 02:53:17
153,39.974518,116.477578,2009-07-20 01:55:55
144,35.1558066,117.6098166,2008-12-16 02:24:36
11,39.9852899,116.3530149,2008-12-08 12:21:45
95,39.9757483333333,116.312206666667,2011-05-25 16:20:05
30,39.930545,116.744749,2009-03-14 00:57:27
34,40.0081649,116.3461416,2009-04-06 03:46:03
15,40.031752,116.314117,2008-11-05 04:12:51
67,39.1417583333333,117.176073333333,2011-05-07 04:22:09
84,39.981032,116.327643,2008-12-01 19:55:21
30,39.929446,116.268755,2009-04-13 08:17:53
4,40.009705,116.323422,2009-06-30 14:05:09
26,40.030036,116.314734,2009-02-20 07:07:58
163,38.862112,115.473359,2008-05-04 07:14:30
135,38.188035,114.580061,2009-01-24 10:41:30
37,37.3404033,116.39077,2009-01-22 06:04:15
35,39.981779,116.321198,2009-04-08 09:10:35
128,40.0744916,116.3280133,2008-10-21 01:37:43
153,39.971963,116.441838,2010-11-26 14:55:30
130,39.971711,116.288657,2009-07-12 22:07:56
41,39.8883416,116.2678733,2009-06-24 11:13:40
70,39.972544,116.348299,2008-09-28 00:05:43
153,39.952645,116.487463,2009-07-19 02:35:12
68,39.975464,116.315647,2009-08-17 14:06:35
42,39.7567283,116.3300283,2009-03-26 10:24:50
0,40.005178,116.324101,2009-06-19 11:22:31
119,39.940485,116.427434,2008-09-07 10:24:57
3,39.995383,116.327865,2009-06-19 07:38:00
30,39.948597,116.798203,2009-04-26 06:19:24
84,39.966327,116.331676,2008-07-23 14:59:16
85,39.980915,116.328168,2008-05-30 11:58:19
163,25.105393,110.418303,2010-12-26 02:37:44
122,39.983873,116.327232,2009-09-02 13:21:37
26,40.025422,116.308627,2009-02-18 16:14:03
131,39.9184266,116.3934099,2009-08-02 16:54:35
66,39.871933,116.23674,2009-08-21 13:58:52
39,40.00501,116.410477,2009-06-12 12:49:25
85,39.932077,116.431336,2008-07-22 00:28:31
128,39.9754516,116.3334449,2009-06-04 10:34:23
41,39.8743483,116.4292116,2009-06-15 23:07:16
30,40.007952,116.320224,2009-04-07 09:14:07
95,39.9752716666667,116.326005,2011-05-07 17:02:16
68,30.620212,114.252422,2009-07-29 11:02:44
0,39.994483,116.309274,2009-05-01 07:13:39
35,39.990332,116.330263,2009-03-17 12:49:43
144,37.115344,97.617118,2009-07-06 18:59:29
153,39.987188,116.482263,2010-08-22 03:54:30
167,40.000157,116.324428,2008-06-22 01:30:49
67,32.56103,117.226655,2011-06-16 16:32:20
153,39.98627,116.449131,2010-04-22 02:49:14
43,39.887268,116.679398,2009-06-18 05:08:07
5,39.976286,116.337413,2009-01-16 16:49:42
10,39.138158,117.200218,2008-09-21 22:25:42
141,39.94057,116.347276666667,2011-09-25 11:35:56
10,32.093516,118.723618,2008-12-20 03:06:36
10,33.61116,92.07838,2008-10-02 08:19:17
153,39.895139,116.455301,2010-07-11 05:41:15
126,39.991145,116.331433,2008-10-18 05:21:55
144,40.0226249,116.43089,2009-03-12 09:59:58
128,40.9903283,117.9403066,2009-07-14 10:22:13
128,40.0753183,116.3278949,2008-10-17 01:30:10
52,40.000324,116.37889,2008-07-21 19:06:06
163,41.347656,117.747318,2010-08-08 08:10:39
128,39.9398866,116.4283,2010-04-20 10:13:53
64,39.975163,116.320164,2008-08-25 10:10:55
124,39.892958,116.368504,2008-10-06 00:45:35
68,39.985758,116.368091,2009-08-17 14:19:47
144,40.027272,116.432985,2009-07-20 19:33:42
1,39.978314,116.326662,2008-11-17 04:26:23
22,39.973526,116.33456,2009-06-16 06:05:50
68,39.910696,116.314736,2009-04-12 01:57:09
153,39.979505,116.448502,2011-01-07 12:46:07
153,39.992277,116.416546,2011-06-19 09:45:00
172,34.3705233,109.2126716,2008-05-09 09:08:04
167,40.005751,116.320707,2009-01-16 17:03:29
40,39.967949,116.303382,2009-02-20 08:26:15
19,39.8965533,116.4130133,2008-12-10 05:34:14
23,39.972775,116.300188333333,2009-01-11 06:45:28
144,40.027443,116.432977,2009-07-17 20:47:40
44,39.974434,116.332083,2009-04-12 23:58:04
163,39.905548346,116.45480106,2012-03-02 19:56:21
128,40.0703516,116.3104149,2009-12-16 12:42:37
163,47.637865,-122.137537,2009-02-27 04:40:54
41,40.4083549,116.7820816,2009-04-07 01:10:01
120,42.5408949,117.1548333,2009-09-20 08:21:27
128,39.9102016,116.3882883,2009-10-18 07:32:46
50,39.9269332885742,116.268821716309,2009-08-20 14:04:09
124,36.52634,102.037813,2008-10-03 07:34:01
20,39.974785,116.315668333333,2011-09-09 15:49:48
52,39.985012,116.352654,2008-06-08 06:04:24
62,39.9848466,116.3066416,2008-12-12 08:26:03
128,40.0656933,116.3138583,2009-06-19 11:56:13
68,39.968913,116.419536,2008-09-17 05:55:00
126,40.180528,116.394724,2008-10-12 01:55:36
30,40.001852,116.324388,2009-02-12 04:25:35
163,39.914104476,116.447013948,2012-02-24 21:27:53
94,39.9555833333333,116.369833333333,2007-08-03 13:42:13
144,40.5538932,116.6744316,2008-10-10 23:49:18
11,39.933865,116.366675,2008-10-01 11:20:47
67,39.9862533333333,119.703028333333,2011-06-04 08:56:18
17,39.9225183,116.3432933,2008-12-22 03:03:39
153,39.931958,116.389155,2011-01-10 09:48:43
128,39.9754516,116.3325349,2009-06-04 10:33:27
163,37.572275,126.977243,2008-05-07 01:58:25
33,39.969752,116.333379,2009-01-09 05:27:26
10,31.349598,118.385093,2008-06-19 12:51:06
64,39.9908,116.301279,2008-08-16 23:55:17
41,40.0344766,116.589725,2009-04-28 08:36:36
0,40.000364,116.27631,2009-04-04 10:03:44
163,39.938495,116.455594,2011-05-14 07:30:23
154,39.9751,116.351366666667,2007-05-15 14:33:02
163,25.512794,110.066403,2010-12-25 02:39:54
128,39.9759283,116.3290166,2010-12-17 10:25:37
23,39.9495316666667,116.311983333333,2009-01-11 08:09:28
22,39.972833,116.331021,2009-07-07 05:08:50
68,39.931013,116.497172,2009-05-19 06:33:41
41,40.0126949,116.2811516,2009-03-11 10:35:29
68,39.96336,116.411749,2009-04-28 06:02:28
167,39.850309,119.41558,2008-06-07 04:38:47
128,40.0743816,116.3282599,2010-08-30 13:49:20
17,39.9676466,116.4307383,2008-12-15 05:36:51
135,26.38904,111.620389,2009-01-26 15:28:18
50,39.8706550598145,116.368385314941,2009-08-06 15:22:01
144,40.027576,116.433524,2009-07-15 21:40:08
34,39.9289883,116.3498083,2009-03-12 04:51:45
167,39.981593,116.327101,2008-11-25 01:55:30
39,40.039212,116.320886,2009-06-10 03:56:51
20,39.9747266666667,116.303091666667,2011-09-14 01:52:08
144,40.670534,117.265054,2009-08-09 03:29:54
41,39.9060999,116.2207766,2009-05-15 09:34:40
119,40.060419,116.419382,2008-09-07 08:44:13
144,40.027477,116.43256,2009-06-27 03:04:43
168,39.984491,116.372873,2011-05-30 23:22:28
67,39.9750633333333,116.326398333333,2011-05-03 14:23:45
17,39.9851816,116.3314283,2009-03-20 12:05:51
37,39.9817783,116.3142616,2009-03-27 03:03:01
85,39.863974,116.346588,2008-05-22 06:31:40
4,40.010836,116.321883,2009-04-03 02:31:13
144,40.0313633,116.41231,2008-10-01 03:26:44
0,31.221169,121.416314,2009-05-22 14:05:13
35,39.981824,116.326808,2009-04-24 07:12:46
30,40.000983,116.327096,2009-05-05 01:26:47
128,39.9860116,116.3651983,2008-08-05 12:55:11
153,40.026107,116.343974,2009-07-09 10:43:20
153,41.335339,117.766276,2010-08-06 11:11:58
126,39.991726,116.328615,2008-11-27 14:39:21
68,39.978252,116.418002,2009-03-25 12:17:08
62,40.0079383,116.3022766,2008-08-07 07:03:25
23,39.973606,116.311629,2009-02-14 09:37:04
10,42.789728,86.361152,2008-04-03 21:38:32
41,39.9680616,116.4663866,2009-02-17 00:25:27
13,39.960048,116.418973,2009-01-21 09:20:48
22,40.058255,116.403929,2009-07-19 11:17:08
3,31.196289,121.435521,2009-05-22 12:18:20
67,31.8864566666667,117.29312,2011-05-22 08:59:23
28,39.967778,116.101497,2009-02-05 09:13:20
25,31.5849283,120.3117249,2009-01-19 08:49:46
30,40.00817,116.324057,2009-03-09 04:00:30
167,39.998592,116.326153,2008-08-03 13:16:27
17,39.98524,116.3434649,2009-02-15 08:18:23
25,40.3604066,116.6113799,2009-04-18 01:47:34
52,39.984027,116.300233,2008-06-05 09:25:27
30,39.907335,116.613452,2009-03-06 13:16:45
153,39.91903,116.451205,2008-06-16 11:07:39
13,39.960632,116.405989,2008-10-20 23:28:32
128,40.1516516,116.2915116,2008-05-11 07:18:41
74,39.9858266666667,116.348301666667,2012-01-07 04:37:43
65,39.9606583333333,116.328463333333,2011-09-18 09:22:35
128,39.8879433,116.3514333,2010-09-22 09:08:00
167,39.968274,116.418383,2008-07-19 13:23:59
142,38.0846416,114.4677566,2008-05-23 05:52:16
84,39.934453,116.389957,2009-08-19 12:52:31
13,39.966913,116.384228,2008-11-06 09:35:32
153,39.956988,116.400644,2010-04-10 11:04:42
3,39.820644,116.281899,2008-12-04 01:00:02
33,39.976069,116.334019,2009-01-09 13:33:27
65,39.98534,116.350581666667,2011-08-28 07:27:14
153,39.972287,116.4414,2011-07-21 09:51:03
153,39.931248,116.47233,2009-07-02 07:43:02
17,39.9314483,116.4284266,2009-02-06 06:24:43
68,39.941527,116.419235,2009-08-18 01:55:43
25,39.984635,116.3100266,2009-06-05 04:29:19
66,34.2646,117.168003,2009-10-07 20:48:57
14,39.9066133,116.3043049,2008-12-06 07:31:53
122,39.947466,116.401629,2009-05-16 17:28:17
42,39.7444733,116.3330566,2009-03-20 07:59:03
4,39.999905,116.327296,2008-10-26 14:22:47
163,25.264431,110.269517,2010-12-25 01:01:39
153,40.011352,116.461122,2011-09-05 09:27:11
67,39.98362,116.483267,2011-03-05 01:41:50
65,39.944223624,116.297935093,2011-08-13 18:08:17
15,39.999942,116.326682,2009-02-27 15:20:21
36,39.978858,116.338715,2009-03-05 11:41:48
41,39.9041866,116.3554166,2009-06-23 05:22:40
62,39.9880783,116.3052149,2008-09-21 02:02:50
140,39.98765,116.4071683,2009-07-17 21:18:13
20,39.9805033333333,116.307428333333,2011-08-27 06:59:21
24,40.039181,116.320056,2009-02-16 10:52:51
128,39.9977166,116.3657533,2009-07-25 01:58:43
15,39.991652,116.323759,2008-11-12 03:13:50
125,40.006952,116.321994,2008-05-23 15:02:28
17,39.9476383,116.3887366,2009-07-03 05:20:45
26,37.8509,113.412244,2009-02-18 07:20:03
10,39.985593,116.343435,2008-09-16 23:50:38
14,39.9854816,116.3395816,2009-02-06 01:23:18
68,30.542851,114.299198,2009-07-30 04:26:12
62,39.9873249,116.3031916,2008-09-12 10:41:02
140,39.993955,116.41067,2009-07-04 23:11:20
126,39.972599,116.312514,2008-12-15 09:35:51
52,39.999328,116.379414,2008-10-05 19:20:42
119,39.963331,116.486883,2008-09-02 04:36:15
26,39.886613,116.424143,2009-03-22 02:43:29
68,39.970076,116.418583,2008-10-11 15:11:20
17,39.9848433,116.3299933,2009-01-19 14:28:21
167,39.819834,119.482421,2008-06-08 04:54:37
74,39.9749516666667,116.317731666667,2012-03-15 00:38:24
10,39.723071,116.320416,2008-06-18 02:53:00
128,39.97449,116.3079583,2009-03-26 12:50:05
65,39.983204542,116.303156047,2011-08-20 11:28:37
42,39.911785,116.4525216,2009-03-23 11:16:30
10,39.975545,116.347976,2008-09-19 01:04:59
124,36.647231,101.743303,2008-10-03 01:15:52
142,39.763506,116.031478,2010-06-27 01:33:26
168,39.984486,116.317537,2011-07-10 00:02:13
38,39.860155,116.4090133,2009-03-16 00:24:44
153,47.799925,-122.223182,2010-11-10 20:34:59
3,40.00039,116.326548,2009-06-11 02:52:55
62,39.9813399,116.3521549,2008-08-20 04:52:38
6,39.964059,116.347008,2008-10-24 11:00:18
153,39.868959,116.454853,2011-04-04 05:53:34
12,39.219707,117.161489,2008-11-14 13:34:11
153,39.925068,116.410999,2011-06-01 07:43:14
22,39.975146,116.332445,2009-04-29 00:24:41
14,39.96482,116.3639449,2008-10-27 00:15:55
128,40.3941799,116.5793682,2009-03-28 05:00:40
68,40.034686,116.301594,2009-08-15 09:16:57
23,22.813268,108.333845,2009-02-05 08:13:07
30,39.991567,116.370377,2009-01-17 11:59:59
36,39.80758,116.191204,2009-07-09 11:28:36
41,39.8814633,116.2586483,2009-05-02 09:16:55
30,39.916816,116.630714,2009-01-31 04:45:20
38,39.9685233,116.3021333,2009-03-09 09:17:10
41,39.8111216,116.2566649,2009-05-09 03:08:20
135,28.654857,113.044806,2009-01-24 22:51:20
125,39.906375,116.329048,2008-08-27 08:51:48
10,37.781092,113.674835,2007-10-18 02:50:06
153,43.985215,11.212811,2009-05-03 11:39:20
115,39.9602916,116.5220316,2008-06-11 10:54:28
50,39.9935607910156,116.19921875,2009-08-18 17:04:42
180,33.064216,115.850322,2009-05-29 02:52:08
0,40.009219,116.296861,2008-11-04 02:01:28
42,40.0085516,116.3201616,2008-10-04 10:07:27
73,39.9770466,116.3350333,2008-07-16 11:04:12
128,40.0694999,116.3209133,2009-07-06 22:32:54
17,39.9932716,116.347035,2009-06-29 14:38:51
128,40.1810683,116.3583516,2009-12-19 07:23:23
10,30.09946,118.2064,2007-12-29 13:10:58
62,39.9826383,116.3103099,2008-11-13 01:31:58
75,39.9745933333333,116.33124,2011-09-02 11:42:32
41,39.8699066,116.4161966,2009-07-10 01:05:09
140,40.240635,117.0371983,2009-05-02 06:14:34
41,40.1794283,117.2768633,2009-04-08 02:02:09
65,39.98048,116.327455,2011-08-28 07:22:03
62,39.9806233,116.3619816,2008-09-07 00:17:30
41,39.8644416,116.2491316,2009-06-16 10:17:17
114,39.945753,116.263292,2010-05-10 13:36:28
42,39.8645499,116.5608533,2009-03-10 05:56:13
52,39.986009,116.350348,2008-05-21 03:22:52
7,39.924715,116.173107,2008-11-08 08:33:48
144,39.9757449,116.3274716,2009-02-08 05:46:08
96,39.968414,116.314212,2008-10-27 07:20:16
153,43.73923,7.427795,2009-04-30 13:07:52
103,39.9266866,116.3203499,2008-09-04 08:43:10
128,39.9868666,116.39742,2009-10-23 10:37:51
167,39.987226,116.459012,2008-05-31 05:52:14
126,40.006804,116.320867,2008-08-02 16:10:09
22,40.057173,116.404383,2009-07-18 18:56:08
128,40.005375,116.3279016,2009-01-13 23:49:50
24,40.176302,116.544519,2009-05-19 09:12:27
43,39.799328,116.510776,2009-06-15 02:07:14
167,39.99177,116.326581,2008-09-29 12:27:28
141,40.01267,116.38959,2011-09-10 07:01:24
25,40.0327033,116.3050583,2009-04-27 13:11:52
30,40.007102,116.324202,2009-02-15 09:37:07
163,39.988366852,116.431055224,2012-07-26 08:05:59
128,40.1191,116.261875,2008-06-06 23:22:44
10,29.648726,91.095648,2008-10-01 12:43:58
25,39.9877449,116.3041433,2009-03-15 11:51:15
180,29.198118,115.761311,2009-05-29 08:11:10
163,39.619408,116.291732,2011-04-04 03:57:01
44,39.972337,116.33387,2009-02-19 08:12:34
163,39.925776,116.349928,2011-02-08 09:07:01
141,39.975295,116.333388333333,2011-10-09 00:53:00
41,39.7849732,117.16313,2009-07-12 08:07:28
52,39.984383,116.321077,2008-07-27 09:26:27
14,39.9615416,116.3572633,2008-10-20 10:15:38
31,40.14533,117.049803,2009-01-23 08:34:43
10,39.309451,115.834199,2008-09-28 14:14:59
140,39.9856383,116.3441283,2008-09-24 02:19:03
41,39.89215,116.4910683,2009-03-30 00:57:49
18,39.9229449,116.3991666,2008-11-07 00:26:09
23,22.813575,108.334414,2009-02-01 21:56:23
36,23.434704,116.137586,2009-02-01 06:59:33
35,39.981601,116.321251,2009-03-09 23:52:56
30,40.0099,116.315399,2009-06-04 04:40:38
4,39.938713,116.343811,2009-03-21 12:58:24
32,39.973921,116.33367,2008-12-18 11:52:29
126,39.986871,116.382422,2008-11-03 10:38:57
3,39.989472,116.34733,2008-11-15 10:13:53
144,36.207008,120.602447,2009-05-28 03:05:34
128,47.4100833,-121.4139833,2009-03-01 01:00:21
38,39.9957166,116.1974199,2009-07-15 01:26:38
128,40.0769333,116.3266733,2009-02-20 14:35:48
15,39.86622,116.453691,2009-03-01 07:18:59
10,36.051171,114.337178,2008-09-28 17:39:01
128,39.9670416,116.3328983,2009-03-09 09:24:46
65,39.9540983333333,116.35522,2011-10-16 01:14:17
15,39.832369,116.286216,2009-02-26 08:09:41
20,39.9770783333333,116.330791666667,2011-08-28 22:35:00
153,39.907258103,116.456071903,2012-04-03 20:05:05
153,44.956751,-93.193755,2011-08-27 23:01:27
167,39.967297,116.391655,2008-05-22 15:46:49
68,39.976048,116.419199,2009-07-22 15:32:15
64,39.97517,116.331288,2008-08-29 01:05:09
1,40.070918,116.299309,2008-11-01 04:16:33
42,39.6905516,116.3236616,2009-04-03 05:45:42
62,31.5905816,120.3201266,2008-07-22 07:48:43
165,39.9916583333333,116.327726666667,2011-11-19 02:15:51
74,39.6383733333333,115.624776666667,2012-04-14 02:24:27
153,32.9794116,114.0370866,2008-05-04 00:57:17
153,39.967486,116.344282,2008-10-01 12:19:17
41,39.8641933,116.2748199,2009-05-02 04:25:32
128,39.966405,116.33101,2009-03-14 09:19:13
127,42.030477,126.570757,2008-10-01 09:55:13
52,39.984247,116.325687,2008-06-02 06:35:26
10,25.031885,102.644373,2007-10-27 06:24:18
30,39.947665,116.786232,2009-03-14 10:12:19
179,39.992403,116.3237,2008-09-04 10:11:17
84,34.212871,108.946342,2008-09-30 03:10:03
155,40.065974,116.404982,2009-08-01 03:44:05
67,23.013101,113.722622,2011-01-31 17:53:27
62,33.7498016,106.27088,2008-10-03 00:07:39
34,39.9851733,116.3306299,2009-03-10 01:13:40
3,39.992542,116.326453,2008-12-28 10:35:13
41,39.7192283,116.0934233,2009-05-05 13:27:41
28,39.926198,116.304431,2009-04-21 23:24:46
144,40.0267633,116.4516966,2008-05-20 12:09:56
115,39.985125,116.3302566,2008-04-25 12:16:45
111,34.51055,106.3996,2009-07-29 03:30:26
38,39.9676516,116.3091566,2009-04-15 08:47:45
142,60.168905,24.944387,2010-05-17 11:40:48
68,39.99029,116.417985,2009-05-29 05:35:00
85,39.898496,116.342061,2008-11-05 04:15:48
128,39.9225966,116.3032016,2009-06-24 10:26:32
128,39.8955266,116.3182949,2010-08-05 08:11:22
68,39.99707,116.416376,2008-12-05 18:53:12
68,39.958118,116.412215,2009-05-20 10:22:53
25,39.977395,116.3104766,2009-01-09 00:33:43
29,39.878109,116.414858,2009-03-06 01:04:22
29,39.974788,116.344344,2009-01-13 09:28:29
167,39.985524,116.349228,2008-05-30 07:06:38
13,39.966751,116.386913,2008-10-23 10:43:34
10,39.13666,117.199969,2008-10-08 12:52:01
168,40.004474,116.248192,2011-08-13 02:52:57
22,39.973209,116.333754,2009-07-09 09:34:25
10,38.381518,116.893253,2008-12-19 16:30:45
85,39.899122,116.340484,2008-11-17 12:53:04
8,39.963462,116.365309,2008-12-05 12:01:50
30,40.003473,116.32487,2009-06-26 04:03:10
9,39.997332,116.330889,2008-11-12 11:20:25
163,40.517056,-3.898911,2009-04-21 09:52:21
4,40.002194,116.328692,2009-07-13 07:12:48
140,39.9615783,116.4309133,2009-06-23 16:32:13
37,39.9740633,116.2548516,2009-01-21 23:27:01
140,39.9753133,116.3283666,2009-02-20 16:45:26
153,38.875258,114.077208,2011-05-02 08:22:55
11,39.9850733,116.3543399,2008-10-09 11:38:27
163,42.374565893,-71.116631078,2012-04-07 23:11:43
17,40.0067116,116.3515649,2009-07-03 07:00:12
153,39.892359,116.427982,2009-10-02 05:28:53
9,39.999307,116.333981,2008-12-12 00:26:45
64,39.936878,116.328284,2008-08-21 11:25:08
44,39.9783,116.328744,2009-02-15 10:14:19
165,39.97769,116.302415,2011-11-19 05:55:11
128,40.0759116,116.3275033,2010-05-09 13:57:38
58,40.0332733333333,116.313523333333,2011-03-10 01:39:08
41,39.8646966,116.2620766,2009-05-13 10:57:00
96,40.007854,116.319256,2008-10-28 13:35:53
17,40.0067549,116.3462166,2009-03-21 06:04:58
39,39.982135,116.363291,2009-04-14 13:07:11
35,39.974552,116.343249,2009-03-13 00:52:23
65,39.9720266666667,116.312693333333,2011-10-19 00:56:56
163,25.003689474,121.423655606,2012-05-14 15:47:54
163,39.965126,116.434565,2010-12-11 07:49:38
180,29.024615,115.80754,2009-05-29 18:45:26
30,39.932904,116.268815,2009-04-13 13:38:52
167,39.939627,116.304776,2008-11-04 13:25:00
41,39.9025083,116.259515,2009-06-10 22:37:38
167,39.993823,116.326948,2008-10-14 10:21:48
10,36.612636,101.804086,2008-10-03 04:10:29
84,39.934717,116.43007,2008-10-14 01:46:14
85,39.980913,116.329211,2008-11-09 15:03:52
168,34.261662,108.953319,2011-08-01 04:05:25
159,30.5575733333333,114.338238333333,2012-04-01 05:06:54
10,39.03127,117.67403,2008-06-16 03:23:35
28,39.966906,116.314452,2009-04-16 09:29:06
13,39.966699,116.383303,2009-02-19 09:37:09
34,39.9853849,116.3340966,2009-03-10 01:10:48
179,40.083996,116.313597,2008-09-07 07:45:44
17,39.9829066,116.4513749,2009-06-05 04:52:24
7,39.518644,116.704331,2008-12-06 08:37:20
163,24.447159555,118.066603791,2011-12-18 14:34:11
141,39.9752716666667,116.339553333333,2011-10-22 09:28:39
3,39.9859,116.310392,2009-01-01 09:20:55
96,40.008056,116.319445,2008-12-02 03:29:09
167,39.820167,119.481978,2008-06-08 05:43:32
24,40.160103,116.624131,2009-03-25 04:16:20
52,39.975151,116.353212,2008-08-21 23:54:15
41,39.7095683,116.3324033,2009-05-04 07:44:34
52,39.954111,116.348876,2008-05-31 09:40:20
68,39.997268,116.416217,2008-12-06 05:04:21
34,39.9991916,116.3586749,2009-03-18 09:35:45
85,39.950943,116.326745,2009-03-06 08:46:02
62,39.9723616,116.3124099,2008-07-31 12:38:23
81,39.985155,116.327192,2008-05-30 14:30:42
30,40.005556,116.317692,2009-02-07 07:37:53
92,40.0077899,116.4097349,2008-07-18 08:35:47
179,40.089443,116.303467,2008-10-01 04:05:37
70,39.96677,116.362682,2008-09-27 23:59:56
4,39.923772,116.303162,2009-07-23 06:19:44
153,39.999693191,116.457932026,2011-11-21 17:59:48
104,39.9808466,116.3075516,2008-05-28 19:12:52
141,39.9774866666667,116.332191666667,2011-09-09 12:28:28
3,40.010267,116.323523,2009-03-09 17:47:46
35,39.990794,116.329986,2009-03-12 11:20:55
10,37.351246,97.37596,2008-09-30 02:46:02
62,39.9862849,116.3098716,2008-08-02 12:38:37
126,39.821204,119.475682,2008-06-08 06:09:40
67,39.9428933333333,116.44413,2011-06-17 11:06:20
85,39.9006716,116.3387549,2008-09-02 22:21:03
84,39.941225,116.427598,2009-09-08 00:09:38
153,39.974082,116.466537,2008-11-27 04:23:03
128,29.7599099,115.9926966,2010-02-20 07:21:04
84,39.976411,116.330804,2008-09-13 11:44:13
14,39.9661083,116.3357999,2009-03-11 11:20:58
0,40.007582,116.319941,2009-06-09 17:40:21
179,39.960033,116.437607,2008-11-29 03:05:55
41,39.9067583,116.5143949,2009-02-17 09:45:50
19,39.8971516,116.3940666,2008-11-23 11:17:22
44,39.983814,116.314009,2009-07-09 08:28:11
167,40.002853,116.321546,2008-06-05 13:08:27
2,40.000806,116.367972,2008-11-09 05:32:48
74,39.9749033333333,116.320123333333,2012-02-16 00:52:19
41,39.8536316,116.2770633,2009-04-26 02:16:19
13,39.954718,116.422999,2008-10-16 17:48:29
153,39.966914,116.37922,2008-10-18 02:27:41
153,39.829265,116.310371,2011-05-21 03:46:44
30,39.948861,116.7929,2009-07-11 13:01:39
68,39.965825,116.418736,2009-05-31 02:53:37
0,40.010499,116.29695,2008-11-04 00:08:28
10,35.575633,115.869873,2008-06-19 21:56:09
28,39.950691,116.31818,2009-02-16 09:02:11
14,40.0220266,116.4519716,2008-10-21 02:06:44
23,39.973445,116.333497,2009-02-15 06:54:15
167,39.97524,116.331186,2008-06-01 13:12:56
144,40.0378733,116.3356616,2008-11-16 08:07:23
7,39.9748,116.338878,2008-10-29 11:54:03
167,40.39394,117.313683,2008-05-03 02:37:38
25,39.980225,116.3505983,2009-06-11 09:38:31
20,39.9754266666667,116.329063333333,2011-09-01 14:59:17
125,39.997415,116.3312716,2008-07-19 11:20:24
84,39.812792,119.465209,2009-05-02 10:08:47
41,39.8662899,116.2577633,2009-03-12 22:04:35
82,40.053061,116.399538,2009-03-27 15:36:48
35,39.981821,116.321114,2009-04-17 07:28:16
179,40.08822,116.305791,2008-09-06 14:37:37
24,40.059325,116.294486,2009-03-17 09:25:00
144,36.063794,120.327613,2009-05-29 02:58:20
10,37.197278,114.50089,2008-09-28 16:33:23
102,39.9847583333333,116.334573333333,2011-10-23 16:44:59
16,39.9225,116.362106,2008-10-25 10:03:02
34,39.8865499,116.2680733,2009-04-17 08:27:37
50,39.9589042666667,116.297866816667,2009-08-19 06:27:31
169,39.985591,116.352506,2010-05-21 10:33:30
24,40.038985,116.325189,2009-05-24 13:44:18
65,39.967685,116.40546,2011-08-30 12:57:02
128,39.9973699,116.4036283,2009-06-27 10:36:39
84,39.578215,116.02048,2008-09-25 09:54:36
153,40.014079,116.28217,2011-04-24 07:06:08
41,39.9218133,116.26926,2009-05-06 06:37:19
30,40.009149,116.323997,2009-05-04 02:52:33
163,39.910775,116.47173,2009-04-10 12:46:49
68,39.975938,116.311036,2008-10-11 13:32:32
85,39.923217,116.271911,2008-05-17 06:52:38
0,39.990121,116.326497,2009-06-23 09:24:38
50,39.93325805,116.303771966667,2009-08-04 04:00:33
153,39.965681,116.467035,2009-10-08 04:05:21
119,39.953495,116.494474,2008-08-01 23:16:47
12,39.979595,116.311989,2008-11-24 11:22:32
128,50.3129366,120.258645,2008-10-02 07:08:47
153,40.031028006,116.430247864,2011-10-18 17:16:11
128,33.5305283,116.9525066,2010-02-21 02:18:18
68,39.969156,116.419559,2008-09-16 05:03:58
17,39.9269416,116.3474416,2009-03-18 02:27:33
128,40.3618483,115.9692033,2008-05-18 06:28:34
30,39.908808,116.579761,2009-02-05 11:04:22
16,39.97378,116.327282,2008-11-12 06:34:40
62,39.9324199,116.3969066,2008-09-04 04:09:33
128,39.94275,116.4602616,2009-08-23 12:37:50
81,40.001254,116.324613,2008-05-23 14:07:53
30,39.956107,116.282592,2009-02-14 09:30:00
30,40.008934,116.324173,2009-04-22 10:20:51
65,39.9757733333333,116.333741666667,2011-08-28 14:10:29
126,39.9952,116.326546,2008-10-26 11:42:27
10,34.140951,117.16966,2008-06-19 02:48:27
30,40.007195,116.321039,2009-04-24 03:55:52
153,39.925594,116.441717,2011-03-11 13:57:40
4,40.004843,116.324497,2009-06-05 10:04:36
41,39.6872499,116.3093233,2009-05-30 06:25:58
153,40.003946,116.461417,2011-09-19 09:51:49
17,39.94247,116.3498433,2009-05-31 02:22:45
50,39.8874893166667,116.309364316667,2009-08-20 06:43:37
84,40.081347,116.589166,2008-08-26 02:25:45
128,40.068755,115.7150683,2008-06-28 03:33:37
39,39.901575,116.455482,2009-05-20 04:21:58
153,43.785893,11.240624,2009-05-03 07:42:12
10,39.51464,116.693647,2007-08-28 17:46:19
120,42.3562749,117.3894549,2009-09-19 14:43:45
128,26.2840599,116.3361233,2010-10-04 06:09:37
65,39.979618342,116.304324775,2011-08-20 12:05:07
131,39.98548,116.3409283,2009-07-02 08:27:37
128,39.1323683,117.2008249,2011-01-02 04:24:31
41,39.8647766,116.2838766,2009-06-30 03:44:51
153,39.967977,116.418632,2009-05-16 07:27:39
4,39.297168,117.103985,2009-01-20 11:19:06
153,39.926934,116.471147,2009-06-21 09:03:45
10,37.14105,116.458904,2008-12-20 19:37:53
85,39.984267,116.332199,2009-09-17 14:18:26
153,39.9086866,116.4721583,2008-05-27 11:28:08
35,39.974903,116.34329,2009-03-02 02:08:00
85,39.980793,116.329525,2008-11-05 12:42:25
25,39.9914983,116.3062683,2009-07-07 07:31:07
153,39.967410202,116.447348775,2012-01-02 13:19:38
153,30.704605305,104.054645286,2011-10-06 12:54:41
68,39.995056,116.42013,2008-10-30 02:37:06
153,39.959081,116.444431,2010-05-14 10:09:31
52,39.984814,116.352553,2008-05-30 11:37:45
153,39.944194,116.455359,2008-09-16 10:20:51
26,39.969306,116.30683,2009-04-11 02:28:30
153,39.981946,116.467407,2009-07-13 09:33:34
167,40.010145,116.31996,2009-01-25 03:04:24
15,39.762643,116.297104,2009-02-26 05:29:38
128,50.8169066,119.9334649,2008-10-02 09:32:41
41,39.8696166,116.873215,2009-05-09 07:42:39
41,39.8502533,116.261325,2009-07-08 05:38:50
67,39.9264016666667,119.573276666667,2011-06-04 09:45:00
30,40.009626,116.314685,2009-02-16 00:31:35
36,39.96627,116.364878,2009-02-20 02:23:55
44,40.007851,116.324216,2009-04-02 01:18:10
41,39.92239,116.2930799,2009-02-17 01:15:39
30,40.00871,116.317682,2009-03-11 05:25:53
38,39.9680383,116.3112533,2009-04-07 14:39:25
163,25.348971,110.1076,2010-12-25 09:34:48
50,39.8707962,116.297676083333,2009-08-04 08:05:05
4,39.958795,116.298223,2009-03-03 11:02:25
96,40.007342,116.320479,2008-10-28 11:42:48
71,39.8224966666667,118.201388333333,2011-12-31 14:45:19
88,39.8636949,116.3993483,2008-10-04 22:55:50
10,39.138461,117.216959,2009-01-03 14:20:38
167,39.918533,116.636188,2008-05-03 05:23:07
74,25.3006616666667,116.451908333333,2012-01-19 07:29:23
17,39.9857966,116.3450633,2009-04-12 01:54:42
168,40.016522,116.307342,2011-07-05 11:08:59
65,39.96448,116.31735,2011-10-24 01:24:54
39,39.890249,116.453723,2009-06-03 11:16:45
82,40.052666,116.399636,2009-04-01 14:49:40
36,39.927016,116.347102,2009-07-09 05:04:31
126,39.9676616,116.3473066,2008-05-21 13:40:51
135,38.702643,115.151421,2009-01-24 09:58:32
4,40.219644,116.251762,2009-01-17 04:24:53
17,39.9752549,116.3390283,2009-02-03 00:23:01
144,40.0273616,116.43471,2009-02-12 11:05:33
43,39.952162,116.311167,2009-02-19 10:09:13
69,39.918054,116.300459,2008-05-27 12:05:05
68,39.931553,116.483352,2009-08-29 10:15:18
25,40.0505283,116.29239,2009-04-07 06:32:43
34,39.93464,116.3269533,2009-07-18 02:44:19
147,39.982232,116.34774,2011-03-01 21:51:55
17,39.9007016,116.1814616,2009-02-25 07:36:01
179,40.072133,116.30925,2008-10-14 12:09:32
115,39.98667,116.5042983,2008-06-20 10:50:53
62,32.0245883,105.1189866,2008-09-27 07:57:02
140,40.3678349,116.8335483,2008-08-31 03:23:42
25,39.9864516,116.3042016,2009-04-10 11:50:40
12,39.98711,116.3211,2008-12-15 01:41:39
39,40.072962,116.41038,2009-06-01 11:51:01
25,18.2668583,109.4968499,2009-02-14 10:27:02
14,39.9667499,116.3778116,2008-12-24 09:55:02
13,39.968,116.410208,2008-11-16 23:35:55
15,39.975528,116.337406,2008-11-13 12:32:59
167,39.990347,116.331882,2008-06-01 05:09:11
163,42.354017605,-71.109890684,2012-04-06 03:15:43
46,39.985174,116.345358,2010-06-01 11:15:42
179,40.007815,116.319423,2008-11-29 08:12:46
85,39.864725,116.346717,2008-12-04 23:52:08
36,39.975172,116.375375,2009-02-20 07:39:54
36,39.959592,116.43243,2009-07-09 06:43:48
144,40.8870783,120.9610266,2008-09-29 02:00:27
22,46.635374,124.900314,2009-01-18 06:10:47
67,39.8653185367584,116.487693786621,2010-12-24 21:10:24
67,34.2651833333333,117.201343333333,2011-06-16 19:09:31
22,39.971699,116.305812,2009-04-27 13:44:33
153,39.980141,116.449378,2010-04-28 11:13:28
129,39.918329,116.301267,2008-05-27 13:50:41
153,25.101327,110.427579,2010-12-24 04:35:12
14,40.1457866,116.5390883,2009-03-05 23:14:38
3,40.079427,116.586253,2009-04-29 14:48:10
140,39.8855699,116.4138666,2008-09-15 06:27:27
168,39.906289,116.287736,2011-07-13 01:55:39
113,40.052705,116.400717,2010-05-10 20:01:14
140,39.9200416,116.3501733,2009-07-08 21:53:02
84,39.916411,116.308553,2009-04-05 07:30:09
29,39.847608,116.465082,2009-03-12 23:57:21
179,40.002548,116.33346,2008-10-19 03:23:21
68,39.983931,116.298738,2009-08-14 18:13:30
16,39.978812,116.315093,2008-11-24 06:25:08
156,39.867219,116.491842,2009-07-11 08:40:13
179,40.085817,116.31292,2008-08-21 09:06:48
46,40.014201,116.345847,2010-05-26 01:26:47
20,39.97692,116.330855,2011-10-25 14:33:38
17,39.9551866,116.4122999,2009-04-13 13:13:10
153,40.019053,116.52435,2009-04-19 01:49:41
168,40.008728,116.401536,2011-08-05 22:44:43
140,42.5794683,117.1371433,2009-07-03 16:59:40
84,39.979671,116.327323,2009-07-24 12:32:01
124,34.593691,92.753419,2008-10-02 09:52:11
30,39.891064,116.268139,2009-06-28 14:09:14
128,39.9886166,116.1980249,2008-05-16 06:15:55
71,39.979165,116.330783333333,2011-12-28 11:15:39
26,38.065109,114.284232,2009-01-19 06:36:37
41,39.8294999,116.3320933,2009-04-09 10:10:51
163,22.246833213,114.176226541,2012-05-07 11:57:33
153,39.975339,116.332371,2008-07-23 13:14:04
14,40.0380716,116.4725283,2008-12-16 02:17:21
34,39.8964883,116.3425366,2009-03-02 04:07:11
128,40.0738133,116.3130366,2008-11-14 01:43:38
153,39.975126,116.330073,2008-11-27 13:02:50
2,39.926393,116.333054,2008-10-27 11:27:18
128,39.9007599,116.2345433,2009-07-05 12:50:35
36,39.977967,116.339832,2009-04-19 07:36:13
42,39.6902199,116.3257866,2009-02-17 08:14:49
54,39.935221,116.450815,2009-06-20 13:32:23
13,39.975071,116.343717,2008-10-14 08:59:31
73,39.8667066,116.4862466,2008-05-31 09:54:10
110,40.3359133,116.8322316,2008-01-18 17:10:25
179,40.084762,116.313245,2008-08-28 02:20:42
65,39.9752833333333,116.320665,2011-08-29 01:11:39
163,40.226696,116.512156,2010-08-06 08:56:08
20,39.9751416666667,116.32712,2011-09-05 14:40:48
112,39.9788833,116.3271966,2008-07-13 10:28:40
33,39.974202,116.333653,2009-01-09 08:06:41
153,39.917787,116.471943,2009-06-22 09:16:06
11,39.98371,116.3515933,2008-09-26 11:01:31
124,39.878961,116.368276,2008-10-06 00:14:17
26,37.825152,113.119086,2009-02-18 06:39:17
163,40.024121,116.538639,2009-04-19 01:50:48
153,39.9750316,116.3291966,2008-05-24 06:59:07
13,39.961622,116.381178,2008-10-20 23:38:26
85,40.069543,116.307338,2009-09-23 14:32:33
28,39.924985,116.304206,2009-02-10 09:57:50
68,40.034893,116.301648,2009-08-08 10:12:32
4,39.798666,116.283013,2009-04-11 13:18:30
96,40.008312,116.31934,2008-07-11 00:24:11
119,39.9155,116.444205,2008-09-02 13:34:21
51,39.9888066,116.3002866,2008-01-19 19:10:48
128,39.947195,116.4524899,2010-05-18 14:37:53
153,40.019422,116.449053,2011-09-13 09:26:54
126,39.945409,116.40213,2008-04-26 13:52:39
163,23.513178932,120.810549458,2012-05-14 06:22:54
50,40.3002319333333,116.056564333333,2009-08-24 05:09:08
62,39.981905,116.3102616,2008-08-04 06:59:41
128,39.9369816,116.3209133,2010-01-08 10:03:53
9,39.97809,116.348674,2008-11-16 02:28:53
144,40.0272883,116.4317666,2008-12-10 13:09:50
3,34.381084,118.261503,2009-01-20 19:12:23
30,39.928027,116.642491,2009-04-03 12:47:12
30,39.896061,116.330424,2009-06-16 22:43:45
18,40.2928783,116.2226166,2008-11-08 02:16:31
4,39.983583,116.310549,2009-03-07 10:39:00
24,40.039237,116.324433,2009-02-03 10:12:36
68,39.962251,116.475571,2009-07-04 21:35:53
30,40.002576,116.324423,2009-01-14 10:26:17
65,39.981491,116.306619,2009-09-26 11:29:21
74,39.9769516666667,116.30471,2012-02-19 03:41:24
119,39.970867,116.483714,2008-09-08 05:49:45
35,40.013679,116.298054,2009-04-14 13:40:16
14,39.9828499,116.3474049,2009-03-03 05:32:23
144,7.745163,98.373578,2009-03-24 05:25:05
42,39.795275,116.2838316,2009-02-27 07:13:10
50,40.2793006833333,116.077674866667,2009-08-24 05:06:31
30,39.9995,116.317643,2009-01-13 12:21:34
75,39.9743133333333,116.331323333333,2011-09-03 06:36:39
124,35.277058,93.221051,2008-10-02 11:02:27
7,39.984964,116.338108,2008-11-10 11:13:45
65,39.9677216666667,116.409775,2011-08-30 12:57:56
73,39.9860516,116.4372033,2008-05-30 12:30:15
163,38.921713,115.539903,2008-05-04 07:21:06
14,39.9661499,116.3386033,2009-01-22 10:22:37
62,39.9494633,116.372645,2008-08-02 11:30:03
13,38.920689,121.62859,2009-01-28 06:56:59
163,27.640821677,117.920029884,2011-12-23 11:26:36
25,39.9847616,116.3102633,2009-05-07 04:33:18
167,39.895521,116.391667,2008-10-18 10:07:47
128,26.321055,116.3405099,2010-10-01 02:43:36
126,39.979454,116.327385,2009-02-16 17:28:46
153,39.959602,116.449885,2008-11-27 04:31:09
163,39.987411295,116.449015299,2012-02-24 22:36:43
9,39.996399,116.329639,2008-12-05 04:41:32
41,39.8636266,116.2489133,2009-03-06 05:58:08
10,40.038206,116.436178,2008-08-01 03:20:49
44,39.964446,116.317666,2009-02-15 07:41:29
36,39.930663,116.410897,2009-02-17 07:00:49
144,40.128389,116.414216,2009-06-20 11:13:30
128,49.4014799,119.6935299,2008-10-05 03:08:17
153,30.248806554,120.16794948,2011-12-06 17:28:35
153,39.932333,116.446494,2008-10-14 11:12:54
15,40.008389,116.323897,2009-03-04 10:17:57
153,39.919768,116.40444,2009-07-31 10:20:38
126,39.970333,116.419125,2008-09-29 13:15:15
36,40.038825,116.334125,2009-04-26 10:25:56
144,29.821583,121.463048,2009-08-27 12:33:15
157,39.9806833333333,116.338,2007-08-03 06:19:33
24,40.355411,116.6509,2009-05-14 03:49:03
4,39.999838,116.323352,2009-04-11 06:23:49
13,39.72049,117.405105,2008-09-28 08:27:14
30,39.94827,116.799765,2009-04-05 01:25:47
34,39.980925,116.3025366,2009-04-13 05:56:13
165,39.99144,116.331571666667,2011-11-20 07:16:09
35,39.97486,116.310903,2009-03-02 03:02:10
10,35.879864,94.376183,2008-09-30 21:40:09
167,39.820922,119.479282,2008-06-07 06:48:47
14,39.9850949,116.3355233,2009-01-20 10:41:45
52,39.98505,116.352711,2008-06-09 12:52:33
153,25.716869,110.060689,2010-12-25 08:31:09
44,39.976158,116.333295,2009-04-13 01:27:17
68,39.89886,116.455233,2009-09-13 12:02:17
128,26.3233966,116.3393833,2010-09-29 12:03:58
39,39.939443,116.407408,2009-06-18 01:04:02
44,40.006705,116.330828,2009-02-28 08:06:27
84,39.932442,116.429918,2008-10-15 00:31:53
37,39.9417833,116.4553199,2009-07-10 08:58:20
34,39.9836466,116.30903,2009-04-17 02:44:30
163,25.110858,110.424193,2010-12-24 04:36:57
71,39.9792183333333,116.333131666667,2012-04-07 19:41:25
153,39.960716,116.451547,2008-11-27 04:28:35
30,39.973826,116.311907,2009-05-21 13:07:57
85,39.938511,116.319324,2008-12-17 01:04:19
41,39.7207233,117.4626283,2009-07-12 07:50:53
163,41.877713088,-87.639310217,2011-11-06 00:01:47
46,39.97526,116.342778,2010-05-18 01:18:41
144,33.123734,91.839694,2009-07-07 06:48:32
10,34.581283,110.985676,2008-08-01 12:36:14
17,39.9334249,116.3432149,2009-02-10 08:30:54
68,39.967676,116.418202,2008-10-11 13:56:38
3,40.002811,116.324412,2009-06-16 10:17:46
41,40.4990466,116.8158683,2009-06-07 00:42:47
153,44.155605,125.158745,2010-03-19 04:24:58
35,39.990741,116.329906,2009-03-09 11:47:51
23,22.8136116666667,108.333841666667,2009-02-02 10:51:34
67,39.97705,116.331488333333,2011-04-18 12:01:57
163,24.501485145,117.904940628,2011-12-19 08:33:58
153,39.978744,116.449551,2011-04-03 04:27:44
85,39.916648,116.338932,2008-12-16 11:49:21
62,39.9012066,116.4263233,2008-09-02 09:52:30
104,39.9470433,116.3182866,2008-05-09 15:07:43
85,40.96751,117.930943,2009-09-03 22:53:48
153,23.471278504,120.704422739,2012-05-14 11:49:43
41,39.7240399,115.9987283,2009-03-02 06:25:18
17,39.9283266,116.4556199,2009-05-28 14:16:19
167,39.826483,119.499604,2008-08-09 11:35:11
13,40.029877,116.411919,2009-02-22 06:18:38
10,39.894168,116.434748,2007-09-05 17:15:44
153,39.99715471,116.263802719,2012-04-08 16:13:42
52,39.985548,116.353291,2008-06-09 17:43:13
38,39.9843633,116.3100366,2009-02-28 12:18:58
28,39.950633,116.31813,2009-04-20 23:43:56
115,39.985055,116.3384483,2008-06-26 10:31:43
52,39.984861,116.352508,2008-05-30 11:54:25
167,39.987329,116.418589,2008-07-06 12:22:13
140,43.3829583,116.7174949,2009-06-30 13:59:40
168,39.984369,116.318032,2011-06-21 10:50:25
41,39.8466683,116.4783433,2009-05-24 02:45:01
153,39.978174,116.447756,2011-08-11 09:59:17
84,40.011597,116.35503,2009-09-08 12:13:49
68,39.978964,116.41823,2009-06-07 05:06:40
128,40.1030883,116.0913816,2008-11-16 03:04:58
153,44.945176,-93.236105,2011-08-25 03:12:41
17,40.017635,116.3407983,2009-01-16 08:27:09
1,39.99861,116.325555,2008-11-17 13:04:36
128,40.0568449,116.3203449,2010-03-21 09:10:35
7,39.964632,116.157052,2008-11-08 07:37:15
8,40.003355,116.330824,2008-12-06 12:02:37
68,39.951209,116.419126,2009-08-24 01:52:55
20,39.9750916666667,116.333476666667,2011-09-04 03:53:05
163,39.971836,116.44163,2010-07-29 12:17:34
163,39.984186318,116.450956671,2012-02-19 12:23:58
10,39.871439,116.368213,2009-02-09 00:23:57
41,39.9906316,116.2916783,2009-04-22 22:37:08
30,39.94597,116.783219,2009-04-19 04:57:33
4,39.992056,116.326259,2009-04-10 13:56:20
179,40.037411,116.334454,2008-08-23 02:02:59
68,39.981239,116.418429,2009-07-26 01:33:46
153,40.482703,-3.857735,2009-04-21 13:22:47
17,39.9674383,116.4057566,2008-12-09 09:16:41
38,39.9684316,116.3089116,2009-04-10 13:06:58
52,39.985039,116.352615,2008-06-05 04:40:45
10,37.081761,98.873788,2008-10-02 20:34:38
128,40.0707599,116.3288316,2009-09-29 23:17:33
10,40.289518,116.524845,2009-02-14 03:55:54
85,39.909013,116.346701,2008-11-10 02:24:51
128,40.2718566,116.0915866,2010-08-08 01:33:58
30,39.996302,116.326667,2009-05-16 09:16:08
41,39.95532,116.4823666,2009-02-17 00:23:16
85,39.975221,116.336061,2008-07-24 13:54:20
70,39.413923,118.646556,2008-10-02 00:53:49
125,28.194392,113.00824,2008-08-27 23:54:53
66,39.78162,116.490275,2009-08-20 17:14:52
144,29.644634,91.228699,2009-07-08 00:44:09
130,40.005609,116.342311,2009-09-12 00:29:20
128,39.9920449,116.3313099,2010-07-15 01:49:32
41,39.8595199,116.2585616,2009-06-05 10:05:03
3,40.001528,116.326637,2008-12-03 01:03:59
22,39.973497,116.334033,2009-04-13 05:02:17
43,39.887433,116.67935,2009-06-18 06:37:26
17,39.8627433,116.4501583,2008-12-15 07:03:19
26,38.810668,115.361353,2009-01-19 04:54:56
92,39.95636,116.3246566,2008-04-05 00:43:43
168,39.859985,116.358491,2011-07-12 12:20:53
67,39.9750766666667,116.324266666667,2011-05-06 03:43:31
65,40.000065,116.326661666667,2011-09-21 00:33:37
17,39.9198783,116.3585499,2008-11-08 10:47:10
153,39.971115,116.374588,2009-07-09 10:50:51
25,39.99586,116.2982949,2009-07-02 03:49:30
71,39.98099,116.331306666667,2012-04-30 16:59:50
68,39.9692,116.419829,2008-09-18 05:35:45
17,39.9476783,116.39435,2009-03-23 02:29:07
67,30.317594,120.351231,2010-10-24 12:43:51
30,40.006363,116.32087,2009-05-14 10:35:46
141,39.9754733333333,116.364723333333,2011-09-10 08:47:15
153,39.948116,116.417377,2009-10-04 08:50:41
1,39.980808,116.327407,2008-11-12 12:47:32
135,38.225086,114.622061,2009-01-24 10:38:54
25,40.0482416,116.2930783,2009-04-14 07:58:42
17,39.9855533,116.3403616,2009-06-12 13:15:58
30,39.998068,116.319306,2009-02-07 07:18:07
128,39.97452,116.3306499,2010-05-01 08:18:59
35,39.982198,116.327063,2009-04-11 02:06:00
62,39.9934566,116.3945099,2008-08-22 23:51:22
36,39.914946,116.347157,2009-07-09 04:01:08
42,39.8652516,116.5624433,2009-04-13 04:24:15
41,39.8651433,116.2607116,2009-02-16 23:16:15
168,30.028327,114.357271,2009-09-30 17:32:39
42,39.8686866,116.34492,2009-04-03 06:43:22
82,46.742101,-121.92077,2008-08-16 16:45:38
85,40.087641,116.104237,2009-04-11 05:16:28
55,39.9745016666667,116.331105,2011-08-28 22:26:16
10,39.86875,116.365659,2008-09-27 00:42:28
19,40.4341116,116.5635616,2008-11-14 03:28:25
22,40.06932,116.350638,2009-07-15 00:02:19
144,40.168666,116.321825,2009-06-13 04:18:53
163,35.520113,114.108234,2008-05-01 08:42:18
30,39.991755,116.329357,2009-02-06 11:36:12
153,23.443518054,120.540451328,2012-05-13 10:21:41
14,39.9623599,116.3548966,2008-11-13 00:20:09
25,31.1964683,121.4476633,2009-05-04 09:04:01
30,39.959651,116.316676,2009-07-23 09:11:23
42,39.9018183,116.3375483,2009-04-08 08:41:29
25,40.0894533,116.0976683,2009-06-19 10:14:32
34,39.9217582,116.3287616,2009-07-18 03:27:55
30,40.008943,116.32265,2009-02-11 04:21:49
12,31.926599,119.708091,2008-11-16 14:21:23
50,38.2784652666667,114.644927983333,2009-08-25 09:27:07
22,39.973449,116.334339,2009-07-16 21:14:52
68,39.952762,116.417781,2009-06-27 03:31:57
10,34.687301,112.432886,2008-08-01 15:19:48
38,39.9245233,116.304455,2009-02-10 13:05:32
68,40.00753,116.312747,2009-08-14 08:39:29
128,39.9854083,116.3380649,2010-04-15 01:54:29
163,39.507862,116.889484,2009-02-21 04:28:55
82,47.627936,-122.141577,2008-08-03 02:31:20
153,39.96743,116.3918133,2008-06-01 05:59:26
30,39.992735,116.298445,2009-04-10 08:02:48
167,39.995059,116.32673,2008-05-15 10:54:31
125,32.644838,114.033431,2008-08-27 17:49:45
41,40.07937,117.0413666,2009-05-09 06:13:20
17,39.9861149,116.3714733,2009-06-08 23:56:42
13,39.966956,116.369905,2008-10-19 23:50:08
46,40.029789,116.340904,2010-05-27 00:53:38
119,40.000094,116.385511,2008-07-31 05:59:07
68,39.935912,116.41939,2009-08-26 00:49:44
65,39.975075,116.31651,2011-09-09 14:12:42
168,39.986004,116.357436,2011-05-30 23:28:28
14,39.9600866,116.3549366,2008-12-25 10:38:59
85,40.087162,116.105036,2009-04-11 07:19:25
84,39.984984,116.346236,2008-09-08 22:35:08
66,39.906055,116.344828,2009-05-08 11:18:17
25,18.2236933,109.5226366,2009-02-13 06:39:37
36,39.97985,116.337906,2009-03-14 04:41:16
42,39.9071116,116.4886816,2009-01-31 05:19:38
32,39.973407,116.333747,2008-12-18 06:28:09
153,40.020999,116.397776,2011-03-13 09:56:40
71,39.9316916666667,116.371173333333,2012-04-08 08:50:03
22,39.973047,116.335465,2009-04-25 08:13:53
25,39.9678449,116.3985949,2009-05-26 05:35:09
3,39.986128,116.368064,2009-04-03 08:12:55
163,39.987859706,116.427280045,2012-06-19 07:53:10
85,39.9508183,116.3187233,2008-09-11 23:09:35
128,39.9048783,116.470905,2009-09-05 09:53:05
153,39.937359,116.410518,2008-09-12 05:11:42
10,32.089095,118.791761,2008-12-20 04:08:20
17,39.9848383,116.3217116,2009-03-16 12:20:27
41,40.0473583,116.8100933,2009-04-08 07:21:58
17,40.0571416,116.3201166,2008-12-05 09:18:21
37,39.9837616,116.310165,2009-04-05 00:46:33
167,40.00458,116.322752,2008-06-05 13:06:06
39,40.053236,116.406616,2009-05-15 12:32:56
42,39.7110283,116.2965049,2009-03-26 05:30:57
17,39.9757733,116.3874983,2009-06-29 00:42:43
25,40.0397,116.3019683,2009-03-17 01:42:42
169,39.988318,116.381238,2010-06-03 10:47:40
113,40.032267,116.404416,2010-05-18 11:04:39
10,35.722035,94.063853,2008-09-30 22:15:14
62,39.9874066,116.3035916,2008-11-04 07:46:02
167,39.99708,116.326248,2008-07-21 01:21:06
10,36.67456,101.34938,2008-09-29 14:01:10
20,39.9748233333333,116.312996666667,2011-09-04 14:34:27
42,39.7561083,116.3259849,2009-04-14 03:00:45
30,39.923692,116.716177,2009-01-24 01:20:08
166,39.977115,116.3276433,2008-06-01 10:08:03
8,39.956761,116.360408,2008-12-05 13:44:55
153,40.031075,116.414471,2010-05-08 12:20:21
140,40.1897949,116.6783882,2009-05-03 11:40:05
30,39.968205,116.337095,2009-03-22 08:27:53
119,39.864867,116.49235,2008-09-16 00:32:47
10,34.288018,108.89925,2008-08-01 07:47:27
119,39.953619,116.493273,2008-08-01 14:11:32
142,1.2891916,103.8458583,2008-07-24 03:01:20
153,39.956088,116.448554,2011-07-09 10:12:43
30,40.001523,116.316172,2009-01-21 02:14:05
68,40.000271,116.363563,2008-11-30 07:48:03
4,39.959517,116.351126,2009-03-04 09:05:53
167,39.970838,116.422268,2008-06-01 06:58:50
30,39.120066,116.245566,2009-01-24 05:17:44
167,39.901314,116.478856,2008-05-03 05:54:25
96,40.008036,116.319394,2008-12-05 15:10:17
10,25.106825,101.418313,2007-10-27 00:39:10
40,39.951111,116.361787,2009-05-13 19:38:36
85,40.013134,116.324402,2009-08-24 00:22:04
167,40.005945,116.321189,2009-02-04 04:19:14
13,39.971297,116.37519,2009-01-13 23:39:36
156,40.358155,115.996148,2009-07-09 03:21:15
82,40.069676,116.308454,2009-03-24 00:56:20
168,40.011967,116.280557,2011-08-13 07:01:27
41,40.18862,116.4849433,2009-07-04 09:12:58
141,39.9771983333333,116.331545,2011-10-22 08:53:18
128,39.9886583,116.3320466,2010-07-28 02:07:52
52,39.979268,116.35547,2008-05-27 12:57:45
153,39.892684,116.468825,2009-01-12 14:06:44
167,40.001585,116.322221,2008-09-30 09:17:08
153,39.92791,116.4719899,2008-07-07 10:00:16
84,39.968977,116.258935,2008-11-02 04:53:34
1,39.983683,116.328188,2008-11-07 04:05:16
68,37.816835,112.580376,2009-07-16 13:21:14
17,39.9428666,116.3644466,2008-11-14 06:23:02
65,39.9786916666667,116.308801666667,2011-09-23 09:53:04
172,60.9113549,-149.0916983,2008-06-27 17:27:05
20,39.9797866666667,116.313946666667,2011-12-09 02:09:22
3,39.884867,116.436422,2009-01-12 08:11:31
22,39.971362,116.304041,2009-06-20 01:43:17
163,40.168538,116.329937,2010-06-15 08:39:00
20,39.9436416666667,116.346665,2011-09-11 02:54:28
68,39.995327,116.418205,2009-04-17 05:21:42
62,39.975755,116.3108066,2008-11-05 04:48:34
153,39.906978,116.446921,2011-07-19 02:38:30
2,39.93659,116.329468,2008-12-06 12:54:38
13,39.955665,116.418601,2008-10-20 10:02:38
10,39.889378,116.368333,2009-02-09 00:37:26
128,22.1866266,113.7629033,2008-11-22 08:57:53
78,39.970874,116.324862,2008-08-24 15:52:53
163,39.986258429,116.367213178,2012-06-21 08:26:51
17,39.982665,116.3871499,2008-12-26 01:42:11
62,39.9752716,116.3448133,2008-08-01 10:21:48
68,40.034524,116.301142,2009-08-15 07:57:51
3,40.080363,116.236303,2009-07-05 05:52:41
30,40.009476,116.315221,2009-07-21 20:18:27
34,39.9602416,116.2690349,2009-04-02 05:15:18
112,39.9973949,116.4064866,2008-06-29 01:37:19
25,39.9505016,116.4018449,2009-06-18 06:44:37
36,39.981948,116.341834,2009-04-11 10:57:38
128,40.0721983,116.3285399,2009-08-24 14:32:58
45,39.96648,116.329214,2010-06-26 06:55:59
153,39.975503,116.330075,2010-04-24 08:50:44
163,39.988542034,116.476413604,2012-06-02 17:49:07
3,39.995158,116.326509,2009-03-26 10:52:03
84,34.730336,111.639542,2008-09-25 18:59:26
20,39.9751266666667,116.327615,2011-09-14 16:00:12
140,39.9719733,116.4192899,2009-02-20 01:53:02
67,23.039825,113.722041,2011-01-30 13:16:07
68,39.987306,116.416986,2009-08-31 08:26:30
5,39.990003,116.334167,2008-11-17 11:59:28
25,18.251275,109.5004583,2009-02-12 13:08:46
153,24.451283819,118.070423745,2011-12-18 10:55:30
71,39.9231116666667,116.382958333333,2012-04-08 02:25:57
153,39.991851,116.446838,2009-12-30 11:10:51
0,39.947026,116.79452,2009-04-25 18:01:16
144,36.735835,115.129964,2009-03-25 22:17:36
135,26.844725,112.376221,2009-01-25 02:00:26
142,1.29294,103.83292,2008-07-25 08:58:31
71,39.98144,116.329318333333,2012-03-21 01:32:05
30,39.99993,116.327002,2009-02-01 02:36:12
52,39.906968,116.245179,2008-06-17 05:13:38
153,39.966161,116.32092,2008-08-31 11:10:52
163,39.973278,116.441928,2010-10-26 09:45:36
153,23.436090926,120.616121558,2012-05-14 12:28:40
17,39.9853533,116.3441083,2008-12-22 00:42:11
168,39.976809,116.304938,2011-06-29 11:44:01
141,39.9878366666667,116.309936666667,2011-10-22 08:25:15
34,39.8523383,116.3943666,2009-03-13 05:15:29
168,40.021152,116.402446,2011-06-26 11:48:20
74,28.418115,115.961796666667,2012-01-28 13:43:48
163,40.267994,116.101571,2011-04-30 00:15:33
19,40.0267416,116.4570299,2008-11-14 01:30:39
153,39.836457,116.20511,2011-05-02 13:09:49
168,39.984809,116.299799,2011-08-18 10:26:53
167,39.986287,116.417862,2008-05-17 02:55:03
17,39.9117299,116.3602283,2008-12-19 06:36:07
68,40.145971,116.97018,2009-04-18 01:59:28
23,22.815424,108.359768,2009-01-22 21:58:15
153,39.915652,116.428531,2010-08-15 06:48:46
2,39.929186,116.338193,2009-03-07 06:23:36
168,40.023802,116.402774,2011-06-21 22:55:31
10,32.004058,119.58712,2008-12-20 09:11:27
65,39.9729683333333,116.3123,2011-09-26 00:57:49
30,39.908129,116.528033,2009-03-13 12:05:43
141,40.0009033333333,116.363348333333,2011-10-23 01:03:37
128,40.06912,116.3137162,2010-06-24 12:08:00
168,29.761623,118.246638,2011-07-28 13:16:50
12,38.040028,116.575338,2008-11-14 15:01:39
16,39.971562,116.321493,2008-12-10 11:33:27
68,39.996641,116.417405,2008-11-08 19:25:49
68,39.977366,116.418121,2009-07-10 00:02:36
3,39.998973,116.338235,2009-02-14 11:19:15
17,39.9753799,116.3871633,2009-04-08 10:22:46
24,39.98155,116.346137,2008-12-18 12:18:01
10,39.135958,117.210103,2009-01-24 09:08:20
35,39.981942,116.32116,2009-04-01 00:17:59
165,39.96875,116.3277,2011-11-19 06:28:01
126,39.635682,119.306521,2008-08-09 05:29:33
65,39.978715,116.328596666667,2011-09-01 13:32:10
68,39.908764,116.350355,2009-06-14 06:30:37
153,39.956169,116.44844,2011-07-09 10:12:41
163,40.126432,116.319367,2010-04-04 05:41:31
23,22.813778,108.334197,2009-02-02 17:31:04
85,39.980507,116.310886,2008-05-22 08:41:16
85,39.980205,116.328681,2008-05-30 14:48:25
153,39.895581,116.311115,2010-02-19 07:12:45
73,39.8682566,116.48852,2008-06-20 06:41:12
153,38.808809,114.520108,2011-05-02 09:18:07
43,39.874497,116.653113,2009-06-18 09:33:31
4,39.937078,116.329996,2009-05-10 09:06:10
26,39.990138,116.309953,2009-03-13 10:05:01
68,39.984431,116.418051,2008-11-08 09:20:57
103,39.9280749,116.2973033,2008-09-03 06:26:02
179,39.982312,116.306454,2008-08-28 07:34:24
11,39.9854466,116.3531166,2008-09-29 10:07:17
25,39.9851933,116.30524,2009-04-18 08:27:45
42,39.9087666,116.4520183,2009-04-14 10:07:40
2,39.900562,116.367982,2008-11-18 11:44:07
167,39.975306,116.330707,2008-12-24 09:47:43
163,40.052984401,116.427333873,2012-03-03 16:41:43
153,39.979575,116.448778,2010-07-29 00:17:33
25,39.9752949,116.3674966,2009-04-30 12:11:22
20,39.97523,116.326191666667,2011-08-29 01:43:18
104,39.9696416,116.3136666,2008-10-08 16:43:02
50,40.0417556833333,116.514465333333,2009-08-17 08:05:32
26,38.624586,115.030936,2009-01-19 05:13:42
64,39.984806,116.372298,2008-08-18 00:20:23
153,33.825887,-118.23409,2011-08-24 16:20:28
179,40.031638,116.314146,2008-08-24 12:15:01
17,39.9111049,116.3507649,2008-12-09 03:33:12
84,39.987139,116.417166,2008-09-10 23:50:36
126,39.991387,116.327036,2008-11-25 04:20:11
3,39.945532,116.795232,2009-04-26 04:03:54
35,39.981514,116.321055,2009-04-08 10:13:15
25,39.9928599,116.3015033,2009-04-09 06:03:37
128,39.999075,116.1790033,2009-09-20 02:49:43
153,39.984346,116.440825,2011-01-13 13:50:36
153,43.73786,7.428875,2009-04-30 13:37:45
15,40.049007,116.303879,2008-11-06 11:54:02
89,39.9855849,116.3517549,2008-05-09 11:39:00
153,39.968214,116.466349,2009-10-11 08:02:37
39,40.072961,116.412777,2009-05-25 12:06:30
128,40.070195,116.3098033,2008-11-27 01:30:45
0,39.993035,116.327025,2009-05-31 10:12:42
4,39.987658,116.410327,2009-05-23 12:54:52
153,48.862196,2.289058,2009-04-26 18:48:42
35,39.981606,116.32133,2009-02-23 00:27:14
36,39.980921,116.340581,2009-03-24 06:02:30
92,39.9601383,116.4394199,2008-03-22 00:28:12
30,40.009888,116.314685,2009-06-01 04:33:48
10,34.466455,92.726015,2008-10-02 09:42:52
4,39.96766,116.307671,2009-03-22 03:37:37
10,39.931423,116.349148,2009-01-24 07:32:56
85,39.89941,116.340523,2008-11-14 08:24:03
65,39.992030635,116.326941369,2011-08-08 20:12:58
17,39.9469583,116.4271799,2009-06-18 02:10:37
153,39.9363549,116.4686916,2008-05-15 01:10:57
10,35.92807,94.794716,2008-10-02 13:05:45
153,38.921129,113.787033,2011-05-02 07:06:07
68,39.931771,116.497292,2009-07-06 08:02:49
153,30.998863553,103.612334466,2011-10-02 09:47:08
2,39.922292,116.341408,2009-03-06 15:11:22
17,39.9894133,116.3469516,2009-06-23 00:17:09
30,39.921645,116.652594,2009-02-01 01:08:12
168,28.192288,113.008265,2009-09-30 20:39:00
39,40.047655,116.30089,2009-06-11 00:26:48
153,39.9075166666667,116.445366666667,2008-04-05 03:29:01
153,39.85667,116.474855,2008-10-02 07:28:59
22,39.973493,116.333891,2009-07-07 04:13:00
67,38.85359,115.466051666667,2011-05-22 21:38:39
26,39.82166,116.282028,2009-04-15 06:24:55
126,39.984352,116.33272,2008-10-16 08:32:30
126,40.385915,117.0749266,2008-05-03 11:16:19
3,39.820145,116.276661,2008-12-04 02:33:04
41,39.7738166,116.7797649,2009-04-29 01:52:23
4,40.004299,116.32494,2009-07-04 10:51:44
4,39.991638,116.326445,2009-05-10 13:24:07
50,39.9937782333333,116.1993103,2009-07-31 14:13:16
41,39.8478783,116.3229816,2009-02-18 08:21:11
67,31.2989833333333,121.500603333333,2011-05-14 11:34:41
68,39.996363,116.419869,2009-03-03 23:44:42
25,31.5942782,120.3455216,2009-01-25 07:08:07
25,40.0170383,116.3098683,2009-04-15 11:22:19
14,39.9963316,116.3662716,2009-04-14 07:21:56
10,32.086993,118.79542,2008-12-20 04:10:06
4,39.984638,116.312065,2009-02-17 10:52:14
96,39.991095,116.333836,2008-09-07 13:37:12
22,39.96864,116.314686,2009-02-07 01:25:06
128,22.1968016,113.5425866,2008-11-22 04:44:53
131,40.0100549,116.3271283,2009-04-21 09:46:29
10,40.198208,116.177273,2008-12-27 09:56:12
34,39.9315816,116.3390633,2009-07-13 03:40:41
153,39.966955,116.319422,2008-08-31 10:23:08
167,39.991693,116.328388,2008-04-23 15:06:39
85,39.983311,116.332369,2009-09-07 13:33:25
68,39.969105,116.418751,2009-06-18 13:42:38
167,39.969837,116.420972,2008-09-30 02:44:52
74,39.9756533333333,116.304771666667,2012-02-11 08:53:06
41,39.936725,116.3297049,2009-04-21 04:31:29
128,40.0114549,116.3558216,2009-04-06 01:23:09
22,40.057964,116.403811,2009-07-18 04:11:08
85,40.055439,116.298051,2009-09-16 14:30:36
92,40.0302466,116.408435,2008-08-12 08:51:01
153,25.116515,110.439611,2010-12-24 04:40:53
35,39.990468,116.330484,2009-03-16 13:12:18
85,40.005296,116.199002,2008-05-24 07:28:24
25,31.2285533,121.4924366,2009-01-15 10:55:29
163,41.338068,117.753776,2010-08-06 11:12:42
126,39.98144,116.309585,2008-05-21 12:45:18
42,39.9099666,116.4579133,2009-02-18 09:40:38
52,39.985044,116.352802,2008-06-05 02:29:41
28,39.934242,116.147668,2009-03-13 10:49:58
42,39.6964299,116.3315949,2009-03-18 05:52:56
16,40.081732,116.315211,2008-11-01 07:51:22
131,39.9841666,116.3180116,2009-07-15 17:06:41
17,39.9850983,116.3297033,2009-06-01 10:33:45
71,39.97983,116.325971666667,2012-04-04 13:02:37
18,39.956135,116.3282116,2008-11-05 12:08:56
92,40.0302466,116.4086416,2008-08-17 14:56:20
38,39.9947899,116.1973599,2009-07-09 13:46:25
168,35.608165,114.180068,2009-09-30 08:15:06
41,39.7414866,117.6737482,2009-07-11 00:48:14
25,39.96631,116.3594383,2009-05-30 00:25:27
41,39.866295,116.3084483,2009-06-16 10:03:22
144,39.929726,116.468245,2009-09-03 03:23:19
64,39.904191,116.38352,2008-08-29 13:44:22
10,34.272205,117.200894,2008-12-19 21:13:36
179,40.088111,116.306022,2008-08-20 13:53:37
122,22.53524,113.999398,2009-07-21 14:48:58
84,40.153351,116.245412,2009-04-11 09:17:29
122,40.966026,117.936722,2009-09-02 16:53:01
63,36.578793,116.249913,2011-02-03 08:55:00
163,39.975394,116.329405,2009-07-29 10:17:09
22,39.950033,116.312085,2009-06-17 11:06:04
14,40.2709749,116.68929,2009-02-15 02:22:37
144,40.203004,116.396804,2009-06-20 10:35:45
141,39.974595,116.310945,2011-10-11 11:47:47
41,39.8495483,116.2776299,2009-05-22 03:27:44
65,39.998789,116.264314,2009-09-26 05:04:31
144,40.258576,116.569458,2009-08-09 07:41:51
68,39.972856,116.458644,2009-07-24 03:08:05
104,39.9821366,116.3885666,2008-09-15 09:51:47
37,39.985745,116.3573049,2009-04-18 04:24:58
26,39.991158,116.316183,2009-02-23 10:32:39
168,39.985248,116.338581,2011-07-21 13:35:10
22,39.974073,116.334347,2009-03-26 06:14:24
52,40.000366,116.37933,2008-07-21 18:38:51
141,39.99852,116.2643,2011-10-22 06:19:42
26,37.832409,112.562606,2009-02-01 06:56:42
167,39.9781583,116.327165,2008-03-20 10:24:43
126,39.9751766,116.3426666,2008-05-12 15:19:23
84,39.947746,116.368167,2009-04-06 05:23:20
4,39.986895,116.400879,2009-02-16 07:38:19
167,39.975681,116.331606,2009-01-01 15:09:32
141,39.9947516666667,116.304703333333,2011-10-08 10:18:39
62,39.9865399,116.3040383,2008-07-31 14:28:35
153,34.017302,-118.355503,2010-11-06 02:54:24
128,40.06958,116.3295233,2008-11-06 13:22:05
81,40.007258,116.322235,2008-06-07 15:40:13
5,40.000545,116.326887,2009-01-14 11:25:44
35,39.977865,116.300533,2009-03-05 03:41:42
144,36.726159,101.18863,2009-07-06 13:43:46
179,40.001767,116.331251,2008-09-08 12:03:37
13,38.885295,121.542664,2009-01-28 06:04:10
69,39.924014,116.304476,2008-05-27 14:15:52
40,39.951158,116.361713,2009-05-16 09:52:56
153,39.785949,116.445785,2011-02-02 03:38:50
142,40.035882,116.210327,2010-09-22 12:42:59
73,39.9723783,116.3250116,2008-08-22 02:29:13
114,39.968872,116.201615,2010-05-25 13:27:26
3,40.007653,116.319723,2008-11-02 10:53:48
153,39.98466,116.450891,2011-01-23 12:33:26
115,40.0652166666667,116.314416666667,2007-05-19 02:01:47
42,39.9075549,116.5978149,2009-01-31 06:13:00
9,40.002363,116.344235,2008-11-16 12:46:14
41,39.9423349,116.3036883,2009-03-16 04:57:28
4,40.007518,116.324203,2008-12-18 00:56:08
96,40.007738,116.319379,2008-10-06 17:06:19
140,43.23683,116.7133283,2009-06-30 14:55:04
84,39.947203,116.41902,2008-09-18 10:59:24
163,39.983810888,116.450887523,2012-03-19 08:11:57
17,40.0178533,116.3414716,2008-11-08 12:32:15
153,30.699946334,104.052063276,2011-10-01 10:55:31
153,39.861974,116.456741,2009-07-18 07:21:31
37,39.9269766,116.334375,2009-03-02 03:01:09
25,39.9790283,116.2946866,2009-02-16 04:08:49
28,39.930182,116.151808,2009-02-02 10:40:26
25,37.45683,116.2815383,2009-01-12 03:17:22
14,40.0365149,116.3359533,2009-03-17 13:10:58
168,27.637709,111.782571,2009-10-02 11:27:17
128,40.99721,117.9723099,2009-09-03 22:29:24
10,39.45793,116.797063,2009-01-09 21:17:39
41,39.9399633,116.5546866,2009-05-24 02:28:39
84,34.698344,112.35148,2008-09-25 18:13:14
17,39.9037199,116.4240366,2009-01-22 12:15:08
68,39.969991,116.419749,2009-02-27 09:08:42
141,39.9753183333333,116.351583333333,2011-09-10 08:53:29
67,34.244045,117.204771666667,2011-05-20 20:39:57
14,39.9816616,116.3736116,2008-12-25 11:02:25
85,39.98181,116.329213,2008-11-09 21:10:52
20,40.358015,116.016496666667,2011-09-11 07:04:22
174,39.96655,116.300633333333,2007-12-23 06:01:54
153,39.907564,116.304238,2011-05-11 13:10:22
25,39.9818083,116.3103016,2009-06-17 11:32:05
14,39.97952,116.3477783,2008-10-24 16:27:52
89,39.9861816,116.3607716,2008-05-06 03:24:05
46,39.975252,116.366996,2010-05-28 01:24:58
14,39.9895483,116.3715033,2009-03-06 11:13:14
122,39.968065,116.399636,2009-06-14 03:32:16
9,39.999798,116.342492,2008-11-02 11:14:37
4,40.003413,116.316699,2009-05-03 05:22:22
42,39.9785733,116.41809,2008-11-16 12:14:31
163,39.986030328,116.363280274,2011-11-30 10:46:55
17,39.8493283,116.3665383,2008-11-20 06:25:23
163,39.974204746,116.456626661,2012-07-14 18:25:57
39,39.991724,116.330888,2009-04-30 06:41:09
42,39.7962933,116.3406016,2009-03-25 03:44:39
153,39.967032,116.345398,2008-08-07 17:25:29
128,40.3894899,116.3601616,2010-05-30 05:42:03
4,39.997408,116.32615,2009-02-26 03:36:58
25,39.9511233,116.4018033,2009-06-18 06:44:52
153,39.986681,116.487562,2008-11-22 04:24:12
4,39.905424,116.301586,2009-07-26 06:08:00
141,40.35661,116.000766666667,2011-10-23 04:09:50
126,39.9464266,116.4371583,2008-05-10 04:44:56
153,39.986634,116.48496,2010-02-16 09:12:37
144,39.8655566,116.453565,2008-09-15 11:59:41
153,22.34891894,114.087344244,2012-05-06 13:19:59
85,40.053997,116.398538,2009-06-26 00:22:06
50,39.99393845,116.198715216667,2009-08-24 16:48:55
10,39.346948,117.072026,2008-09-23 13:39:29
65,39.9719733333333,116.320468333333,2011-10-15 02:06:58
3,39.912382,116.26829,2008-12-05 06:29:50
44,39.999342,116.364812,2009-07-06 05:15:55
62,39.9984599,116.3105216,2008-09-05 02:33:27
25,40.3059983,116.3284983,2009-04-05 03:15:28
144,36.171616,94.768987,2009-07-06 23:48:34
71,39.8509533333333,117.86857,2011-12-31 13:59:05
142,39.947812,116.26946,2010-05-11 01:28:32
126,39.9023983,116.4720266,2008-05-03 14:08:17
163,33.907212,-118.370532,2011-08-17 20:32:04
41,39.9924733,116.4408233,2009-06-05 05:46:34
7,39.981919,116.342606,2008-12-09 04:38:49
41,39.8294233,116.3223233,2009-04-17 10:35:35
142,47.631873,-122.139503,2008-04-28 20:24:35
65,39.97848,116.330956666667,2011-08-30 15:25:46
34,40.06029,116.3480216,2009-04-08 11:46:13
128,40.0744349,116.3281316,2008-09-25 02:11:09
10,36.953805,98.467513,2008-09-30 05:25:02
26,39.989877,116.306124,2009-03-13 09:29:03
126,39.944619,116.417309,2009-01-26 06:42:20
30,39.994953,116.318256,2009-05-17 07:07:53
82,47.631443,-122.137551,2008-08-04 01:25:19
128,39.9959783,116.3861233,2009-12-31 12:40:38
141,39.9798216666667,116.313843333333,2011-09-26 00:34:18
168,39.958308,116.401607,2011-06-27 23:13:48
85,39.863592,116.346772,2008-11-11 05:16:47
81,39.985669,116.321091,2008-05-30 14:40:36
25,30.5152933,114.3336649,2009-05-12 14:08:16
140,39.9871983,116.4093499,2009-08-11 23:33:29
153,39.986804,116.397704,2010-07-30 12:50:18
10,39.86875,116.438923,2009-03-21 04:38:14
38,39.9681466,116.31369,2009-03-06 05:03:06
71,39.9748616666667,116.316348333333,2012-04-19 01:33:07
126,39.991483,116.326323,2008-11-27 02:21:56
68,39.980456,116.418272,2009-07-09 15:25:20
43,39.807171,116.540587,2009-06-24 03:08:55
10,42.894402,86.62954,2008-04-03 22:18:57
115,39.9841566,116.3273016,2008-06-19 10:02:12
85,39.981066,116.329328,2008-11-16 11:57:44
23,39.974141,116.33341,2009-02-15 08:29:11
142,40.074643,116.59398,2008-05-07 20:16:57
179,39.993389,116.326437,2008-09-12 02:34:01
25,18.2939833,109.5352566,2009-02-14 10:20:51
179,39.982864,116.307966,2008-11-06 06:49:36
35,39.990583,116.329934,2009-03-08 11:20:10
153,39.771409172,116.440532605,2012-01-23 16:29:32
163,39.991732445,116.463359394,2012-03-17 18:57:00
37,39.8555833,116.3866183,2009-07-14 01:50:34
17,40.0122299,116.3460766,2009-02-03 09:18:13
167,40.008713,116.322278,2008-10-19 02:20:24
160,13.367101,103.85024,2010-12-28 09:27:08
67,39.9792733333333,116.332631666667,2011-05-12 22:39:54
96,40.007857,116.319423,2008-10-27 23:59:55
17,40.0083749,116.3668933,2009-07-03 07:01:21
115,39.9115116,116.6003066,2008-06-24 11:16:26
10,39.334099,117.077008,2008-06-17 11:59:31
17,39.9436366,116.3500666,2009-05-16 07:04:43
141,39.9739866666667,116.34065,2011-10-22 09:16:00
17,40.0777383,116.3043566,2009-03-06 09:14:25
153,39.932036,116.407576,2008-10-31 17:20:46
0,39.99991,116.327195,2009-06-02 04:51:38
15,40.001902,116.321545,2009-02-28 17:51:39
128,39.9859483,116.3678049,2009-03-30 12:39:55
167,40.110772,116.089344,2008-09-29 08:49:10
36,39.978898,116.342166,2009-03-03 13:11:43
17,39.9479166,116.4277699,2009-02-25 01:04:20
30,40.003368,116.321562,2009-03-22 17:41:44
25,33.3847516,117.2463366,2009-07-08 18:49:47
135,39.968028,116.399308,2009-01-09 17:30:23
167,40.005551,116.321367,2008-10-13 09:43:09
17,39.9234133,116.18614,2009-04-11 09:40:01
128,42.4964733,117.1278783,2010-06-14 09:38:34
128,40.0760683,116.3240183,2010-07-18 14:41:49
13,39.966683,116.361314,2008-12-01 23:52:30
2,37.41467,110.773025,2009-01-24 07:44:27
163,40.0039766,116.3996233,2008-06-22 01:31:55
35,39.97298,116.312565,2009-02-14 03:01:12
167,39.978642,116.450767,2008-12-23 12:38:49
1,40.013227,116.309956,2008-12-08 15:00:49
71,40.5601516666667,116.788006666667,2012-05-05 01:27:15
17,39.8670033,116.3528483,2009-04-17 06:03:24
168,34.273706,108.494151,2011-07-31 01:51:17
10,34.286886,117.208478,2008-06-19 02:06:43
30,40.009916,116.322788,2009-04-20 04:29:18
122,39.914414,116.405354,2009-05-16 22:00:24
153,39.98335,116.327432,2011-01-07 12:34:55
82,40.052497,116.400204,2009-03-30 17:54:07
0,39.947216,116.799892,2009-04-26 04:48:19
3,40.005421,116.320333,2009-03-25 05:06:47
10,39.870573,116.342556,2008-09-27 12:21:55
144,36.056651,120.362887,2009-05-30 06:32:20
24,40.179102,116.233131,2009-01-23 05:43:57
35,39.98155,116.321,2009-03-02 00:29:35
25,39.9901883,116.3041133,2009-03-13 03:33:15
163,24.469189846,118.069785017,2011-12-19 18:19:52
17,39.96674,116.3786416,2009-06-26 08:02:24
30,39.94658,116.786406,2009-04-25 17:56:59
7,39.977616,116.339635,2008-11-21 10:43:31
4,39.999843,116.327178,2008-12-11 07:59:23
17,39.9671399,116.3904516,2008-12-23 00:31:35
67,39.97482,116.319441666667,2011-05-01 13:57:05
62,39.98517,116.3481883,2008-11-11 10:08:45
52,39.996492,116.379078,2008-07-22 12:43:09
37,39.9478383,116.4050099,2009-01-21 05:59:57
82,39.943405,116.478684,2009-04-04 06:27:14
11,39.9735383,116.3465049,2008-10-06 23:40:40
140,39.977155,116.3353383,2009-01-07 02:45:28
68,39.969174,116.419821,2009-01-08 03:27:55
4,39.924948,116.235603,2009-04-10 08:28:49
41,39.8805233,116.2695316,2009-03-04 08:48:40
50,39.8696746833333,116.2726059,2009-08-06 05:25:18
153,39.931589,116.33786,2010-07-25 10:19:40
34,39.8557033,116.4040116,2009-04-09 07:32:45
2,39.898466,116.371372,2009-01-21 11:35:19
28,39.993485,116.441376,2009-04-08 00:11:27
19,39.8724916,116.3937449,2008-11-20 07:10:29
163,39.903594,116.40043,2010-02-19 08:23:16
96,39.961867,116.439394,2008-11-29 02:57:29
168,39.994614,116.394493,2011-06-26 03:08:09
26,39.991936,116.34778,2009-04-18 04:04:41
153,39.928011,116.47245,2008-09-30 05:25:28
141,39.983615,116.300101666667,2011-09-03 05:44:54
126,40.007337,116.317648,2008-10-17 10:29:41
163,36.129939,114.331686,2008-05-04 04:40:04
68,39.978172,116.416489,2008-09-17 05:36:55
2,39.926558,116.337582,2008-10-23 15:39:31
17,40.0660416,116.2808216,2009-04-06 09:42:26
24,40.06406,116.565857,2009-02-25 05:24:06
96,40.007927,116.319403,2008-12-01 18:53:50
68,40.318666,116.777438,2009-01-16 02:03:57
128,40.0437616,116.3307199,2009-01-04 13:11:54
68,39.969176,116.419842,2008-11-12 01:24:05
163,27.681310642,117.984926308,2011-12-22 08:23:08
17,40.0092399,116.3460883,2009-06-21 23:43:29
179,40.08902,116.305815,2008-08-24 15:45:51
17,40.0065383,116.3482966,2009-05-23 05:11:48
17,40.0096333,116.3462016,2008-11-20 13:21:23
25,39.9825233,116.3102199,2009-05-20 23:58:10
43,39.974189,116.33209,2009-03-27 01:04:24
24,40.160822,116.241701,2009-03-07 08:51:44
85,40.069446,116.313222,2009-09-11 00:55:51
62,39.9937949,116.2743849,2008-06-24 06:42:38
52,39.985304,116.350493,2008-06-07 13:04:49
119,39.95458,116.493723,2008-09-12 04:13:43
36,39.971746,116.346668,2009-02-06 04:42:17
85,39.965789,116.328125,2008-11-29 04:22:15
14,39.9843733,116.3200899,2009-04-07 12:20:18
84,39.931609,116.380592,2009-05-05 15:16:48
22,39.973343,116.333625,2009-03-07 03:13:38
41,39.8656666,116.3034016,2009-05-03 02:37:07
153,24.594374302,117.075915297,2011-12-19 12:14:43
144,40.102407,116.406479,2009-06-27 08:33:36
52,39.986779,116.326962,2008-05-22 09:25:44
10,34.634728,105.733953,2008-09-29 04:01:23
73,39.975375,116.3348099,2008-06-29 09:52:54
17,39.96736,116.3973316,2009-03-18 04:07:53
167,41.061525,117.527001,2008-05-01 05:14:52
20,40.3589533333333,115.994815,2011-09-11 04:19:23
41,39.8816066,118.7600233,2009-07-12 06:45:32
68,39.914527,116.367399,2008-09-20 09:12:31
163,39.943844,116.325484,2010-02-17 03:18:42
32,39.982985,116.318568,2008-12-17 01:54:19
22,39.975624,116.325864,2009-03-08 10:29:31
103,40.4609766,115.9778383,2008-08-31 04:04:30
66,34.507837,119.09901,2009-10-01 08:32:38
126,40.0012699,116.397405,2008-05-23 07:27:53
74,36.7596266666667,115.782926666667,2012-01-29 01:23:30
68,40.007826,116.312726,2009-07-22 14:11:01
153,39.978291,116.447834,2010-07-01 09:48:11
10,25.226642,101.237995,2007-10-27 00:13:43
50,39.9033432006836,116.30387878418,2009-08-04 12:36:42
119,39.961117,116.489985,2008-08-01 00:52:08
35,39.990387,116.330388,2009-02-26 12:48:46
128,39.9985783,116.3648183,2009-07-30 01:24:01
69,39.982573,116.310406,2008-05-27 06:33:10
96,39.991499,116.33071,2008-10-18 13:38:44
128,40.0762216,116.3238216,2010-03-09 13:24:06
42,39.7566083,116.3303616,2009-03-25 03:54:23
115,39.8292516,119.5047466,2008-05-01 04:38:32
34,39.7584399,116.3370233,2009-07-10 10:46:29
3,39.881978,116.405354,2009-01-01 06:34:30
50,39.9276580810547,116.385917663574,2009-08-21 16:05:30
153,39.96743,116.3443616,2008-05-01 03:03:12
35,40.013317,116.297102,2009-04-05 14:02:11
167,39.970741,116.41856,2008-12-08 10:50:22
125,39.99154,116.331446,2008-06-21 14:11:31
85,39.980718,116.329253,2009-01-04 08:49:08
4,39.965948,116.301341,2009-07-19 04:46:17
39,40.164979,116.238356,2009-04-29 04:53:18
153,39.92843,116.472046,2009-01-16 11:56:14
144,36.063453,120.315007,2009-05-28 13:12:24
17,39.99145,116.2909466,2008-11-22 07:18:38
73,39.9759949,116.3274716,2008-05-31 03:24:20
9,40.002962,116.343843,2008-11-11 13:54:10
25,30.5344933,114.3201733,2009-05-15 02:09:25
14,40.0178616,116.439475,2008-11-13 10:18:46
2,39.897634,116.383829,2008-11-20 10:58:23
153,40.277864,116.079368,2011-04-30 00:17:53
153,39.971196,116.440775,2011-07-18 09:56:20
96,39.976122,116.329423,2008-07-23 10:01:27
85,39.95143,116.329243,2008-05-17 04:03:14
52,40.000428,116.379248,2008-07-21 22:52:26
128,32.9718499,114.0141466,2008-05-05 13:35:27
10,37.975063,113.90404,2007-10-22 00:48:49
163,24.607685074,117.20335264,2011-12-19 15:28:06
13,39.959324,116.418884,2008-12-11 12:37:08
163,25.274445,110.299573,2010-12-26 00:26:09
42,39.89198,116.342305,2009-02-13 04:10:29
112,39.9754616,116.3305649,2008-07-18 01:47:07
23,26.6542516666667,111.74418,2009-01-17 03:10:44
112,39.9300766,116.4839666,2008-06-20 10:29:59
163,39.97061088,116.464346284,2012-03-12 09:01:06
10,42.883202,86.544903,2008-04-03 22:09:47
52,39.984851,116.352615,2008-05-26 05:49:43
140,39.9877849,116.4109866,2009-03-26 15:15:53
62,39.9903599,116.2999483,2008-10-19 08:33:59
65,39.978243599,116.304949968,2011-08-11 09:09:04
153,39.987134,116.449407,2009-12-01 14:59:46
167,40.006737,116.320628,2008-11-18 01:00:21
10,37.153633,96.544795,2008-09-30 11:08:44
163,39.808363,116.17089,2008-05-04 07:57:26
8,39.962903,116.348642,2008-12-06 10:37:14
67,39.9784066666667,116.332896666667,2011-04-22 21:31:12
153,30.276038,120.156996,2011-03-09 01:35:34
59,39.9750983333333,116.31853,2011-08-30 00:30:58
3,40.007543,116.31966,2008-12-06 01:03:57
38,39.9459966,116.3183999,2009-04-15 04:41:30
35,39.977918,116.300419,2009-03-17 04:33:58
9,40.002671,116.344153,2008-11-16 12:44:08
85,39.981,116.326861,2008-05-30 15:43:03
153,40.002674,116.386971,2008-09-15 05:16:53
179,39.99134,116.328653,2008-09-05 12:12:01
34,40.0345599,116.3444,2009-02-25 03:16:13
131,39.9961349,116.3732066,2009-04-21 20:14:54
153,39.929446,116.47188,2009-07-29 00:27:55
163,39.975317,116.330517,2008-05-15 01:20:56
125,37.663022,114.585085,2008-08-27 13:02:11
17,39.9852383,116.3329516,2009-06-19 13:16:18
85,39.904465,116.332159,2008-12-11 01:47:57
68,39.996309,116.4174,2009-05-17 14:58:19
0,39.878871,116.436482,2009-05-28 03:23:33
39,40.071683,116.416201,2009-05-25 14:27:50
68,39.957996,116.293083,2009-08-20 09:28:07
17,40.9386666,117.34321,2009-01-31 01:58:18
65,39.97956,116.30984,2011-08-25 00:53:18
24,40.076874,116.283845,2009-05-22 01:49:19
85,39.931158,116.345371,2008-11-10 02:38:59
10,30.29383,118.175463,2007-12-29 12:24:20
141,39.9970366666667,116.308858333333,2011-10-22 08:20:30
2,39.918243,116.338661,2008-11-13 11:00:58
41,39.9564216,116.2850416,2009-05-06 06:44:36
30,40.001491,116.317427,2009-04-18 17:28:40
153,39.994495,116.446838,2011-04-09 10:58:01
96,40.007324,116.319409,2008-11-29 07:48:30
25,40.0484516,116.2582266,2009-04-28 01:08:19
144,40.384894,116.885334,2009-08-09 07:19:16
13,39.975206,116.337952,2008-11-12 00:02:08
85,39.980891,116.329399,2009-03-06 23:17:53
153,25.235337,110.052664,2010-12-23 05:08:43
62,39.9874416,116.3021383,2008-09-23 09:44:33
128,40.0735333,116.3065416,2009-10-25 03:21:36
59,39.975235,116.325685,2011-08-29 10:40:04
36,39.979422,116.338871,2009-02-24 00:30:50
62,39.9932749,116.2985933,2008-10-19 08:52:54
25,36.2829616,116.96327,2009-07-08 15:44:31
17,39.9857233,116.3478483,2008-12-02 10:20:49
14,39.9062516,116.2667866,2008-12-18 08:33:36
10,39.870283,116.405683,2007-08-28 17:19:00
10,31.381214,120.850558,2008-12-20 11:48:31
25,31.5748716,120.2995449,2009-01-25 07:22:52
17,40.0161649,116.36828,2008-12-27 13:38:41
65,39.973325,116.311443333333,2011-10-24 12:12:31
140,40.5546482,116.79204,2008-08-31 08:04:58
17,39.8721599,116.4820999,2009-01-05 05:54:17
25,39.9860283,116.3103499,2009-07-02 09:27:23
153,39.929145,116.471843,2008-10-27 00:09:57
30,40.002533,116.321898,2009-02-19 05:39:16
142,38.095235,114.5683583,2008-05-23 11:36:54
84,39.964686,116.534799,2008-08-24 04:33:14
13,39.969832,116.444259,2009-02-22 05:16:36
43,39.835809,116.59077,2009-06-24 03:32:35
23,22.8028516666667,108.328516666667,2009-01-25 10:32:50
135,38.606228,115.016969,2009-01-24 10:08:57
17,40.8132933,117.3707733,2009-01-28 02:29:34
3,40.00686,116.320996,2009-05-04 05:11:58
124,32.673019,91.494643,2008-10-01 03:29:28
179,39.999851,116.328116,2008-09-15 13:09:48
43,39.990781,116.309946,2009-03-13 15:23:19
40,39.95133,116.3619,2009-03-25 19:15:08
22,46.640249,124.90024,2009-01-19 02:33:54
71,41.4933066666667,122.556506666667,2011-12-31 18:29:10
3,39.995215,116.327764,2009-06-02 19:30:17
163,39.975387,116.455413,2010-08-29 12:31:28
126,39.969442,116.421749,2008-10-12 06:45:01
153,39.985835,116.359432,2011-03-25 13:25:13
62,39.9334649,116.48356,2008-09-08 06:10:33
115,39.9867133,116.38874,2008-06-25 10:29:25
167,40.117087,116.459285,2008-12-13 08:02:24
41,39.9861549,116.3677466,2009-02-17 00:46:58
42,39.7651016,116.33579,2009-03-20 02:56:51
37,35.8058666,116.7747416,2009-02-03 12:04:06
71,39.9799566666667,116.32597,2012-02-23 14:57:37
17,40.0061049,116.380225,2009-05-30 10:51:55
41,40.1163766,116.6354366,2009-07-08 00:19:54
167,39.967588,116.424182,2008-10-01 09:20:51
68,39.984939,116.418119,2009-05-12 00:48:57
83,39.8797116,116.3982233,2009-01-26 15:54:38
50,39.9940986666667,116.199195866667,2009-08-06 13:52:18
144,40.0647233,116.4066983,2008-10-25 05:09:38
153,39.985662,116.451404,2009-11-09 10:18:03
19,39.9427433,116.3273733,2008-12-11 04:10:03
52,40.000274,116.373063,2008-10-06 14:11:02
127,41.934805,125.699721,2008-09-30 02:46:15
128,40.0747516,116.3277749,2010-07-08 14:08:09
14,40.0620449,116.5831216,2009-02-05 14:37:57
67,39.93422,116.377355,2011-06-18 08:30:11
34,39.9827499,116.3108149,2009-04-10 11:11:18
179,40.089546,116.300398,2008-09-13 12:21:15
17,39.9750133,116.3419333,2008-12-24 00:34:03
67,39.956373,116.428385,2011-01-16 13:37:26
4,40.000564,116.324722,2009-06-11 22:27:52
24,40.215954,116.636262,2009-05-18 08:03:29
88,39.9420716,116.3501999,2008-10-10 08:39:49
41,40.0090649,116.5065399,2009-03-30 01:30:30
26,39.184676,115.741319,2009-02-18 12:15:35
119,40.007314,116.383899,2008-08-23 10:38:58
14,40.3061583,116.7571499,2009-02-15 09:33:08
66,39.90645,116.289295,2009-08-23 19:48:49
115,39.9072799,116.51612,2008-06-26 23:00:18
68,39.996563,116.416989,2009-03-26 18:20:26
22,39.973479,116.334103,2009-04-25 11:28:35
50,39.9969062805176,116.285621643066,2009-08-20 11:37:00
128,40.1029333,116.4045999,2010-06-13 01:13:46
122,22.542031,113.972251,2009-07-21 22:58:55
17,39.9947799,116.4414,2009-01-31 09:54:29
144,40.0893833,116.40751,2008-11-02 11:21:11
5,39.978685,116.341903,2008-11-13 13:13:14
140,39.9811066,116.3475216,2009-02-02 02:58:15
24,39.985964,116.215089,2009-05-25 12:30:38
140,39.908572,116.45564,2009-09-18 07:14:42
22,39.969533,116.333163,2009-04-27 12:58:21
68,34.662611,113.733039,2009-07-29 06:54:18
67,34.44782,117.306443333333,2011-06-16 19:44:55
3,40.003901,116.317706,2008-12-19 08:14:50
128,39.8358933,115.5764983,2009-07-05 06:14:44
52,39.946222,116.352172,2008-10-17 07:24:17
3,40.121002,116.264054,2009-06-13 02:20:44
68,39.970355,116.419811,2009-03-21 06:53:34
27,33.31237,116.2984,2009-01-24 03:45:43
41,39.905965,116.2623133,2009-05-11 09:34:35
129,39.986102,116.364434,2008-06-27 05:43:35
74,31.4248933333333,114.872508333333,2012-01-28 18:32:03
163,39.949351,116.409723,2010-02-14 05:31:53
167,39.9894949,116.3265683,2008-04-17 09:28:39
68,39.969617,116.423093,2008-11-14 14:48:40
68,39.96222,116.411708,2009-05-19 03:36:56
35,40.013956,116.29919,2009-03-22 13:53:29
128,40.0614416,116.3168133,2010-05-30 09:26:27
83,39.9760883,116.4035833,2009-01-09 02:15:19
37,39.9571116,116.4466666,2009-07-10 08:51:29
10,40.000205,116.331394,2009-02-14 02:45:22
172,34.3628566,109.2104049,2008-05-09 10:27:52
62,30.7558866,104.0902083,2008-09-27 10:52:29
17,40.0177533,116.3422333,2009-01-16 10:52:36
62,39.9424866,116.4517133,2008-11-06 02:33:29
126,39.9843899,116.3248616,2008-05-28 14:31:49
15,39.985149,116.32176,2008-11-07 00:27:06
84,39.979917,116.328273,2008-08-24 08:01:53
68,40.087664,116.358998,2008-10-21 02:10:06
84,39.934681,116.42999,2008-10-14 03:11:50
153,39.981701,116.445681,2011-04-10 03:15:38
11,39.9747833,116.2990383,2008-10-11 07:05:33
1,39.998397,116.325109,2008-11-17 11:11:57
133,24.736308,118.140401,2011-01-30 18:12:48
167,39.968784,116.421775,2008-05-30 05:18:40
153,39.988434,116.383737,2009-07-09 12:54:00
88,39.9337049,116.3667749,2008-09-29 11:21:21
30,39.947272,116.345689,2009-05-28 06:14:14
168,31.147467,113.931761,2009-09-30 15:34:07
88,39.9858199,116.3539383,2008-09-29 10:07:56
167,40.550505,116.838695,2008-05-01 03:09:18
62,40.1081949,116.5555133,2008-09-07 06:13:59
34,40.0331049,116.3478099,2009-02-12 08:16:05
3,32.241515,120.757009,2009-01-30 03:38:35
22,39.973502,116.333965,2009-04-23 01:44:03
104,39.9836199,116.3020016,2007-12-24 22:18:30
84,39.985703,116.364556,2008-09-01 23:37:57
165,39.9777066666667,116.309648333333,2011-11-12 08:50:38
119,39.109722,117.214956,2008-08-29 15:54:59
153,39.882465,116.411531,2009-04-04 06:12:10
67,39.9683533333333,116.338426666667,2011-06-17 03:41:07
68,39.993761,116.418013,2009-08-16 14:03:20
119,40.066612,116.407248,2008-09-07 09:36:22
153,39.932403,116.440928,2010-08-13 12:48:39
68,39.958925,116.434664,2008-10-25 11:20:41
22,39.904286,116.322596,2009-02-06 10:42:09
17,39.8932266,116.205415,2009-06-30 03:20:42
168,34.740531,113.657237,2009-09-30 10:22:49
36,39.902346,116.346553,2009-07-09 10:20:15
144,39.9521716,115.8878383,2008-05-18 02:05:42
163,39.947532241,116.395940894,2012-01-17 11:36:51
39,39.896729,116.454919,2009-03-11 10:26:21
22,40.016205,116.355761,2009-05-28 13:37:59
111,40.4615666666667,116.654933333333,2007-06-16 00:53:38
50,39.8914108276367,116.344093322754,2009-08-06 18:47:09
101,32.50561,120.1423616,2008-02-02 04:34:45
29,39.870486,116.416309,2009-03-16 09:32:07
62,39.9875866,116.3033666,2008-11-09 06:29:21
153,39.92818,116.472594,2008-09-16 10:42:01
153,39.995151,116.456489,2009-08-16 06:58:13
153,30.65541,104.057345,2011-04-14 10:01:54
55,39.9741066666667,116.33136,2011-08-29 02:54:12
25,40.0527599,116.59012,2009-02-07 23:57:29
153,39.926772,116.472582,2009-07-19 02:13:06
84,39.93812,116.429925,2008-09-19 03:35:16
163,39.977261,116.446809,2011-02-01 09:15:21
24,39.987706,116.3268,2009-05-14 08:31:13
17,39.94169,116.4280649,2009-05-25 08:00:28
62,39.99181,116.3008966,2008-12-14 01:42:05
153,39.927039,116.472236,2008-08-25 10:27:15
65,39.90478,116.023436666667,2011-10-05 06:02:07
125,40.0001649,116.3245566,2008-07-04 00:05:19
14,39.9661299,116.3350383,2008-12-22 09:18:47
126,39.9751966,116.4182416,2008-06-14 03:24:57
50,40.3600235,116.013854983333,2009-08-24 06:46:02
5,39.976752,116.336152,2008-10-25 15:10:54
128,39.9644083,116.4644883,2010-08-19 08:37:40
28,39.974835,116.312464,2009-02-20 09:54:49
124,35.582368,94.019946,2008-09-30 22:31:55
167,39.973339,116.41823,2008-04-27 07:50:42
128,39.83188,115.5812683,2009-07-05 02:24:22
4,39.966024,116.315201,2009-03-08 05:18:53
153,39.932547,116.456426,2009-08-06 05:18:42
30,39.931624,116.74902,2009-01-18 10:15:34
167,40.102304,116.083133,2008-09-29 03:51:56
163,39.981833983,116.450409378,2012-02-02 21:07:18
153,39.986958,116.447665,2008-09-29 04:13:48
153,39.957873,116.492487,2008-10-23 00:30:53
85,39.981226,116.32718,2008-05-21 12:53:23
153,48.857775,2.337362,2009-04-28 16:19:21
153,39.948177,116.424751,2011-01-29 15:48:44
30,40.001343,116.326775,2009-05-08 06:00:44
153,39.648492,116.317542,2011-05-21 08:20:16
34,40.1028716,116.4087799,2009-04-11 07:45:04
65,39.979194,116.309599,2009-09-26 09:27:16
10,40.145635,116.642131,2009-02-14 07:22:25
163,33.532494,-117.6745,2011-08-24 15:43:29
112,39.9710666,116.3305383,2008-04-12 15:16:37
84,39.675928,115.941124,2009-05-16 00:10:18
153,33.93034,-118.369369,2011-08-24 16:35:46
128,39.9474766,116.24184,2009-08-30 03:38:02
24,39.892476,116.343893,2009-02-07 04:47:44
41,39.8632849,116.2584166,2009-06-04 23:20:39
66,39.74885,116.328058,2009-05-08 12:19:34
85,40.634109,117.185235,2009-09-04 10:28:12
17,40.0135766,116.47474,2008-12-19 03:48:08
67,31.88631,117.240671666667,2011-05-22 09:50:04
41,39.930895,116.2949133,2009-04-20 09:48:56
82,40.051433,116.401659,2009-03-30 18:53:57
22,39.934015,116.303924,2009-01-10 04:45:10
35,39.981832,116.326793,2009-04-08 06:17:20
10,32.345328,117.206383,2008-06-19 15:36:54
14,39.9844116,116.3174083,2008-12-21 03:25:11
68,39.98283,116.417859,2009-07-02 07:56:33
69,39.92351,116.29979,2008-05-27 12:41:57
167,39.816579,119.483053,2008-06-07 07:55:59
5,40.011601,116.321131,2008-10-30 11:00:45
17,39.887635,116.1962916,2009-04-21 03:57:30
37,39.9476933,116.2428649,2009-04-17 07:19:48
68,39.969602,116.420003,2009-02-16 03:19:19
22,39.973423,116.333836,2009-03-05 04:44:32
26,37.867465,112.558041,2009-02-16 08:36:10
24,40.039217,116.318138,2009-05-25 23:06:51
38,39.9675616,116.3080466,2009-04-15 11:12:54
153,39.97825,116.330391,2011-01-07 12:33:26
24,39.890522,116.395565,2009-01-10 02:31:40
5,40.010462,116.320989,2008-11-11 16:06:58
14,39.9820683,116.3475133,2008-12-19 09:25:28
4,39.997815,116.331469,2009-07-16 03:01:16
167,39.977965,116.362471,2008-06-14 09:53:34
3,39.985918,116.326927,2008-12-10 01:44:51
17,39.8969483,116.3474399,2009-01-14 07:39:56
14,39.986835,116.3722566,2008-12-16 11:42:48
11,39.9785783,116.3597233,2008-10-25 03:49:40
179,40.088983,116.299266,2008-09-13 12:19:37
17,40.0040166,116.3463966,2009-01-10 12:15:29
10,29.859488,121.521165,2008-05-19 05:59:05
128,40.378655,115.8360316,2010-08-08 02:32:27
52,39.895953,116.335823,2008-10-01 23:54:15
153,39.987478777,116.447193018,2012-01-01 14:59:42
68,40.267866,116.673937,2009-01-16 02:10:21
4,40.004284,116.324338,2008-11-06 19:43:57
163,24.456367609,118.072440386,2011-12-19 18:51:10
153,39.980898537,116.449189527,2012-01-02 11:30:15
29,39.867549,116.358657,2009-01-13 23:08:11
3,40.122067,116.187043,2009-06-13 12:22:21
41,39.7656599,116.3357366,2009-06-06 06:04:21
41,39.8655749,116.3029266,2009-06-25 00:41:04
10,39.125065,117.228741,2008-12-06 08:31:02
10,40.230216,116.296656,2009-02-14 03:25:56
68,39.97887,116.418025,2009-01-05 12:50:03
68,39.988866,116.42093,2009-05-18 02:45:41
13,39.475807,118.666435,2008-10-02 03:15:11
52,39.98528,116.352781,2008-06-04 17:39:29
125,30.646406,114.333368,2008-09-03 18:06:33
128,40.0780499,116.0330599,2008-10-12 04:39:40
41,40.2537466,116.5552466,2009-06-07 05:38:37
128,40.0074566,116.33036,2009-04-29 01:01:26
122,39.992449,116.206247,2009-05-28 10:25:16
67,39.1029483333333,117.173156666667,2011-05-07 08:56:19
23,33.654004,113.991898,2009-02-12 20:47:02
153,39.905492,116.367849,2008-11-24 08:50:16
4,40.005854,116.343152,2008-12-15 09:37:42
58,39.979795,116.328756666667,2011-08-29 11:46:44
41,40.0059249,116.2823183,2009-03-12 22:24:23
70,39.975396,116.33286,2008-09-28 00:12:10
24,40.064243,116.566215,2009-03-10 05:02:28
28,40.574546,116.95194,2009-01-23 08:16:43
30,40.003471,116.324377,2009-05-11 04:18:42
30,40.003508,116.323932,2009-06-15 06:43:59
17,39.3846099,116.6379933,2009-05-28 08:59:35
22,39.968324,116.313771,2009-02-16 08:59:38
64,39.97782,116.318896,2008-08-15 08:04:05
167,39.975895,116.311497,2008-09-04 09:39:37
17,39.9811399,116.3826533,2009-04-03 08:54:49
22,39.973449,116.334083,2009-07-07 15:18:36
153,39.957685,116.483588,2008-11-22 09:24:56
71,39.976535,116.32735,2012-01-03 10:13:03
153,39.9196666,116.4719883,2008-06-20 00:21:24
10,39.137726,117.21268,2008-10-05 22:51:34
4,39.975021,116.336242,2009-05-17 09:53:22
20,39.9746233333333,116.312415,2011-09-02 15:45:01
62,39.9840133,116.3105683,2007-12-09 07:20:05
115,39.9972466,116.3805616,2008-06-10 23:45:39
163,39.98266488,116.453540148,2012-02-19 14:40:46
2,40.002394,116.202325,2009-03-22 04:01:25
0,40.000046,116.327355,2009-06-16 10:54:01
115,39.9854516,116.3395916,2008-07-07 00:05:39
153,39.947487,116.455682,2011-01-29 05:50:03
62,31.5925832,120.3040999,2008-07-22 11:52:45
68,39.981065,116.418101,2009-09-11 06:48:43
30,39.99441,116.331452,2009-04-09 06:00:00
168,40.036119,116.405093,2011-07-11 13:38:04
10,31.624945,120.258829,2008-12-20 09:56:03
16,39.949401,116.124928,2008-11-08 08:42:35
163,43.772592,11.256985,2009-05-03 15:51:02
50,39.8959884666667,116.321380616667,2009-08-06 10:57:13
167,39.976835,116.328227,2008-05-05 15:44:43
38,39.969955,116.3089633,2009-02-28 03:35:48
17,40.0158599,116.37359,2009-07-04 08:59:46
22,46.637475,124.901226,2009-01-21 03:53:54
38,39.968735,116.3094399,2009-03-08 01:39:26
21,29.47055,117.990416666667,2007-05-04 00:18:20
153,39.927024,116.472483,2009-09-07 00:47:22
11,39.9528716,116.3486983,2008-11-21 04:37:58
41,39.8734183,116.2583249,2009-07-09 22:39:42
50,37.3000602722168,114.528533935547,2009-08-25 18:41:00
50,39.9011344833333,116.304534916667,2009-08-19 08:20:09
85,40.042105,116.407609,2009-08-31 12:10:26
25,31.2211,121.4209766,2009-05-04 04:16:18
20,39.9796616666667,116.320873333333,2011-10-12 01:31:35
25,39.9876033,116.3021033,2009-04-02 13:37:29
163,39.967712,116.412691,2008-05-15 14:18:36
36,23.405485,114.461841,2009-02-04 08:31:08
25,39.9822916,116.310305,2009-06-21 01:05:07
25,39.9666183,116.3149133,2008-12-24 09:02:50
163,39.979772,116.30363166,2011-12-27 08:29:38
65,39.9664533333333,116.315073333333,2011-09-29 01:51:15
15,40.047006,116.320798,2008-11-08 13:45:27
34,39.9377216,116.3202816,2009-02-18 06:41:57
13,39.967601,116.417609,2008-12-04 09:58:02
32,39.885804,116.640686,2009-01-22 06:08:44
153,39.93226,116.454436,2010-02-07 09:44:24
4,40.009274,116.324377,2009-03-24 05:34:42
39,39.973373,116.488203,2009-04-27 01:30:39
10,39.140133,117.198271,2009-03-21 05:03:35
68,39.852176,116.214819,2009-08-06 03:56:41
126,39.81237,119.4872,2008-06-08 07:31:00
41,39.8756233,116.2587133,2009-05-24 03:35:25
163,40.923256,117.766218,2010-08-06 10:20:56
85,40.005862,116.331189,2009-09-14 00:07:43
153,39.968278,116.461562,2011-04-08 10:13:09
20,39.9750366666667,116.325301666667,2011-08-28 14:48:51
82,40.051775,116.400099,2009-05-15 18:37:09
67,39.9749366666667,116.333395,2011-05-12 01:28:57
10,39.529352,116.670283,2007-08-28 17:45:22
41,40.6311066,117.28794,2009-04-07 04:48:16
35,40.013416,116.296516,2009-02-28 08:46:37
163,39.948268318,116.469291435,2012-07-14 19:20:03
65,39.998365,116.268452,2009-09-26 07:13:36
74,39.977105,116.329643333333,2012-03-11 14:38:26
3,36.607322,116.892514,2009-01-20 15:00:03
37,39.9111849,116.4563149,2009-02-17 09:44:23
71,39.9256366666667,116.384496666667,2012-04-08 07:21:58
34,40.0000999,116.3609333,2009-03-03 12:38:56
24,40.002102,116.30902,2009-03-15 06:41:07
25,39.9458983,116.4017116,2009-05-28 07:46:17
41,39.8241199,118.3370783,2009-07-12 07:07:27
10,39.8627,116.374019,2008-09-18 11:57:18
25,39.9557216,116.3647033,2009-04-30 12:03:25
125,40.100448,116.183032,2008-05-23 06:42:42
62,39.932875,116.4551733,2008-12-05 02:16:31
163,39.933626,116.396954,2009-08-30 01:58:30
41,40.0317883,116.46441,2009-07-04 09:28:18
155,39.908862,116.410168,2009-08-04 10:16:42
17,39.9756066,116.3928866,2009-06-18 09:59:19
167,40.001598,116.321584,2008-05-22 01:38:16
84,39.814976,119.471632,2009-05-02 09:56:02
115,39.9872633,116.4065183,2008-07-04 14:03:40
37,39.8750316,116.3943116,2009-07-25 11:51:13
68,39.968386,116.418572,2009-08-24 01:41:41
42,39.8321049,116.2861583,2009-02-18 07:08:34
17,39.9850249,116.3284016,2009-06-05 10:54:45
71,40.8383033333333,120.88073,2011-12-31 17:10:56
96,39.976951,116.327668,2008-07-18 03:49:25
13,39.955957,116.421305,2009-01-20 10:04:00
41,39.8614566,116.2587466,2009-05-08 04:53:48
144,35.729639,94.29853,2009-07-07 01:40:15
17,39.9097299,116.3288199,2008-11-09 11:53:45
68,39.985893,116.401189,2009-04-25 05:29:01
96,40.00793,116.319227,2008-07-10 23:58:55
7,39.816059,116.395738,2008-12-12 06:01:07
124,35.867903,94.341241,2008-09-30 21:42:38
168,39.86838,116.35148,2011-07-12 22:54:17
52,39.975346,116.37312,2008-08-24 23:54:59
37,39.96639,116.3326249,2009-01-21 06:22:11
179,40.088274,116.305956,2008-09-06 13:40:43
41,39.937775,116.3144199,2009-04-27 07:16:16
10,37.201961,99.182321,2008-09-29 17:23:53
141,39.9759433333333,116.332871666667,2011-09-25 11:50:11
163,42.256885,117.488458,2010-08-07 00:54:14
67,39.9781016666667,116.333031666667,2011-06-25 04:04:13
126,39.975806,116.330636,2008-12-14 07:19:53
128,40.0730066,116.3110649,2009-08-02 04:28:03
126,40.006019,116.320443,2008-12-26 16:42:50
37,39.9308599,116.3497116,2009-03-20 06:51:30
52,39.984885,116.352626,2008-06-08 06:12:38
167,39.971009,116.421893,2008-05-12 11:27:54
39,40.072244,116.416555,2009-06-20 00:33:35
17,39.990665,116.3279583,2009-06-19 13:50:42
38,39.9206066,116.3672133,2009-04-12 03:10:34
67,39.9036216666667,116.247076666667,2011-06-26 05:51:05
13,39.966251,116.373111,2008-12-03 09:18:01
73,39.9752366,116.3357366,2008-07-16 10:26:10
13,39.967837,116.406514,2008-10-12 23:41:21
29,39.803548,116.5142,2009-01-19 00:08:39
128,40.0836766,116.3243833,2010-02-25 01:35:43
85,39.981307,116.329643,2008-11-02 10:12:15
17,39.9856133,116.3428216,2009-02-06 08:40:04
13,39.967679,116.41756,2008-11-14 12:05:38
9,39.997593,116.331093,2008-12-12 00:28:48
52,39.985383,116.351886,2008-06-10 10:56:32
16,39.97401,116.337771,2008-10-25 13:24:57
41,39.8956333,116.2202633,2009-03-04 08:43:03
41,39.9896866,116.0533433,2009-04-27 06:00:49
17,39.9863316,116.3821966,2008-12-17 00:20:47
128,40.2571916,116.2677283,2010-05-08 09:58:39
2,39.89902,116.212608,2008-11-23 08:27:51
71,40.6262366666667,116.774411666667,2012-05-05 04:53:57
25,31.5614466,120.3190899,2009-02-01 07:02:41
96,39.999566,116.328101,2008-11-05 14:38:59
84,39.934728,116.430094,2008-10-14 02:16:10
33,39.974079,116.333423,2009-01-09 04:00:03
144,8.053302,98.338714,2009-03-21 10:48:40
163,39.992533,116.46222,2011-09-11 05:24:51
35,39.982026,116.326478,2009-02-24 07:18:48
52,39.967634,116.30196,2008-10-12 12:28:40
82,40.056514,116.297557,2009-05-16 05:11:48
140,40.4052066,116.9756083,2009-04-04 06:07:32
38,39.9718766,116.3123149,2009-04-12 06:54:03
84,39.935139,116.432514,2009-04-09 00:19:35
128,22.5782299,113.8809166,2008-11-24 08:15:38
142,47.6318119,-122.139317,2008-04-27 18:46:51
68,39.998179,116.443889,2009-07-22 15:14:09
68,39.937067,116.421984,2009-07-28 05:04:26
153,40.170916,116.317273,2010-06-15 08:37:07
95,39.9747633333333,116.310683333333,2011-05-02 01:45:45
83,39.8793883,116.3930449,2009-01-26 16:01:41
13,39.802181,116.828692,2008-09-28 07:56:56
41,39.9116599,116.2679966,2009-03-09 11:40:38
141,39.98598,116.186933333333,2011-10-22 04:07:40
28,39.929075,116.304466,2009-03-05 23:29:58
85,39.975274,116.313264,2008-05-28 10:05:18
147,39.977034,116.302783,2011-05-19 09:21:28
62,40.0088333,116.3019483,2008-08-07 07:06:01
153,39.923465,116.472344,2009-07-05 06:47:10
22,39.97364,116.334767,2009-04-29 12:25:16
81,40.007078,116.322031,2008-05-23 14:47:35
2,39.957453,116.33022,2009-03-15 09:53:53
38,39.9682566,116.3065866,2009-03-01 10:47:04
168,28.971771,113.114043,2009-09-30 19:31:59
10,36.134971,117.115658,2008-06-18 23:00:13
14,40.0135499,116.4506233,2008-12-06 08:24:02
166,39.9777616,116.3313449,2008-06-01 12:22:13
17,39.9224766,116.3538833,2009-02-06 03:37:35
11,39.9580216,116.3473616,2008-10-21 23:37:02
85,39.9315,116.337657,2008-07-31 23:56:17
4,39.995031,116.326366,2009-01-01 10:44:12
1,39.997232,116.196578,2008-10-25 02:14:44
96,39.976948,116.328147,2008-09-19 14:57:27
153,30.167547631,120.269908503,2011-11-03 16:00:27
24,40.049201,116.300022,2009-05-19 09:57:27
167,41.720556,117.856704,2008-05-01 07:12:39
85,40.037328,116.310892,2009-09-27 11:43:53
68,39.974782,116.418515,2008-11-28 12:42:21
74,32.4216516666667,115.314033333333,2012-01-28 19:45:32
30,39.99455,116.328439,2009-05-19 10:44:21
17,39.9670733,116.3900616,2008-12-05 06:28:40
126,39.986294,116.3272,2008-11-03 17:44:24
67,23.009735,113.735528,2011-02-03 16:49:08
84,39.954666,116.418977,2008-09-25 00:32:51
39,39.978984,116.341451,2009-05-09 11:12:34
9,40.002959,116.34404,2008-11-14 15:50:18
104,39.9304483,116.2952666,2008-10-10 17:49:31
66,39.904955,116.37152,2009-08-20 12:29:11
42,39.6926766,116.3329333,2009-03-12 04:49:22
65,39.7979433333333,116.485215,2011-08-30 11:57:54
34,39.9804016,116.2994516,2009-02-16 07:23:07
153,24.442687006,118.092355161,2011-12-20 11:51:19
52,39.974754,116.30801,2008-05-28 11:15:20
36,39.981443,116.346353,2009-04-06 05:28:50
25,39.9854049,116.3431633,2009-06-14 12:59:20
128,32.9804166,114.0265916,2008-05-06 02:13:20
163,39.974924964,116.305058589,2012-03-30 17:22:00
128,39.8912633,116.4387616,2010-05-22 14:06:32
35,39.981426,116.321181,2009-03-22 23:28:19
38,39.9690816,116.3051566,2009-04-07 22:48:12
85,39.94254,116.304503,2008-05-17 08:46:42
30,40.005733,116.324286,2009-06-10 10:01:33
132,29.861337,121.577809,2010-02-17 18:32:32
3,39.998718,116.307827,2009-04-04 07:04:44
17,39.8932166,116.1715316,2009-04-16 08:36:02
24,40.053408,116.322329,2009-02-04 10:24:36
126,39.817925,119.412493,2008-08-08 02:23:04
17,39.9806416,116.3476616,2009-05-24 13:11:50
30,39.947168,116.783074,2009-02-05 05:38:11
153,30.2675,120.159029,2011-03-08 09:59:18
3,39.714894,116.34948,2008-12-14 08:17:38
128,32.9722633,114.0141249,2008-05-06 02:55:07
126,39.82644,119.499448,2008-08-10 03:20:51
28,39.92368,116.179653,2009-03-11 10:58:42
85,40.017727,116.319692,2009-09-28 01:27:01
140,47.5093766,-121.8777683,2009-02-28 17:29:15
15,39.991655,116.33125,2008-11-18 00:05:22
10,39.989523,116.326901,2008-09-17 00:03:10
67,39.977375,116.31006,2011-04-14 11:05:19
14,39.9625049,116.3548816,2009-02-26 00:14:22
163,39.986550967,116.377833522,2012-04-25 08:28:10
115,39.985185,116.3301749,2008-09-27 02:52:56
30,40.006975,116.318049,2009-02-06 06:00:51
153,41.892417,12.48555,2009-05-04 16:57:29
142,39.922963,116.282176,2010-06-19 05:17:27
17,39.9845983,116.3870583,2009-01-07 08:04:55
62,40.1952133,116.2248499,2008-08-01 11:47:38
24,39.938044,116.189202,2009-05-20 05:56:08
92,39.9744699,116.3193833,2008-08-07 00:29:36
3,39.999828,116.326164,2009-06-12 07:28:02
141,39.9746633333333,116.31056,2011-10-12 11:55:27
128,39.9466466,116.3660883,2009-08-01 08:58:38
153,40.241932,116.135877,2009-07-09 06:06:15
144,7.965722,98.375248,2009-03-22 08:25:20
4,40.002386,116.325803,2009-04-23 04:22:42
14,39.9669533,116.3683449,2008-12-17 00:03:28
17,40.0211783,116.3854166,2009-06-07 02:40:43
153,39.987219,116.44936,2009-10-07 03:28:26
128,41.795765,123.2889533,2009-10-01 10:23:59
163,37.570868,126.983365,2008-05-05 10:23:31
68,39.99227,116.417953,2009-04-22 14:15:48
25,30.5516066,114.2881716,2009-05-12 13:05:48
128,40.0696899,116.3287166,2009-02-19 01:21:33
22,40.06964,116.329921,2009-06-06 03:17:40
85,39.866811,116.352375,2008-12-17 09:58:32
153,30.544183,104.054336,2011-04-15 00:07:12
39,39.9981,116.358873,2009-02-18 23:52:18
65,39.9804983333333,116.413421666667,2011-08-30 13:47:49
41,39.8309483,116.3402366,2009-05-02 04:16:44
116,39.975149286,116.322197514,2011-08-05 09:28:39
124,34.65386,92.895973,2008-10-02 10:04:38
153,39.987375,116.403857,2011-07-08 13:21:39
41,39.8924083,116.2681499,2009-06-11 05:43:40
68,39.933438,116.495913,2009-04-03 03:10:51
4,39.953357,116.222511,2009-02-24 00:14:18
35,39.981659,116.321301,2009-04-15 10:28:08
67,35.758445,114.266486666667,2011-05-22 18:33:42
163,34.140634,-118.369006,2010-11-06 04:53:49
67,33.30116,117.312923333333,2011-05-20 21:33:18
128,40.0002383,116.3314366,2010-04-23 01:23:09
70,39.746154,117.360187,2008-09-28 08:24:34
10,29.89077,118.574702,2007-12-31 06:54:46
179,40.003606,116.321494,2008-09-05 11:57:53
41,39.8648749,116.2883999,2009-05-19 00:34:17
153,39.986751,116.459151,2010-04-17 09:06:29
142,39.9758449,116.3307933,2008-05-25 04:52:39
46,40.025673,116.343357,2010-05-12 00:39:54
74,33.7318133333333,115.795013333333,2012-01-28 21:39:54
22,39.903658,116.461517,2009-04-10 12:27:27
126,39.9706,116.422532,2008-09-15 08:22:15
68,40.056562,116.4092,2008-11-05 02:40:15
3,40.009664,116.315094,2009-04-03 14:50:05
126,40.0013999,116.4027899,2008-05-23 07:34:08
17,39.9675233,116.4316249,2009-03-13 07:22:31
41,40.2908566,116.5796466,2009-05-16 01:26:38
41,39.8779849,116.2702466,2009-05-21 10:37:56
22,39.921783,116.461309,2009-02-22 08:19:13
169,39.9754,116.363295,2010-06-02 01:49:36
112,39.8664033,116.4886683,2008-06-20 09:40:59
65,40.0006533333333,116.326415,2011-09-19 04:28:40
119,39.953621,116.493286,2008-09-20 20:56:41
3,31.113522,121.050163,2009-06-28 04:07:42
165,39.9786966666667,116.310318333333,2011-11-19 07:56:51
62,40.0213316,116.3075583,2008-09-16 07:01:47
153,25.517627,110.066398,2010-12-25 02:40:31
67,39.8140283333333,119.473766666667,2011-06-04 13:24:43
167,39.9918466,116.3269299,2008-04-13 14:25:36
122,22.53571,113.983983,2009-07-22 20:10:31
170,40.002235,116.33127,2008-05-12 01:47:06
122,39.950069,116.401698,2009-08-23 09:33:19
4,39.962255,116.301522,2009-04-03 11:44:29
163,48.867507,2.308026,2009-04-28 13:25:33
24,40.168782,116.225117,2009-05-13 12:10:06
68,39.967701,116.418446,2009-03-07 07:16:54
37,39.9775849,116.3065516,2009-04-15 09:59:39
153,30.25509393,120.157462347,2011-12-01 14:08:49
50,39.99502,116.197257,2009-07-07 19:13:44
81,39.936614,116.328619,2008-07-24 10:26:32
67,40.0021166666667,116.33127,2011-04-23 15:05:41
153,40.039408,116.333007,2009-07-09 10:33:46
160,13.58964,103.9581,2010-12-28 16:14:45
62,39.9874199,116.3033333,2008-10-19 03:19:02
24,40.402729,115.876122,2009-01-29 02:51:04
112,39.972505,116.3278099,2008-06-09 15:17:09
52,43.847221,125.289113,2008-10-10 15:58:34
141,39.97562,116.334005,2011-09-25 07:13:03
68,30.551906,114.310142,2009-07-31 08:53:52
167,40.002679,116.410953,2008-06-01 10:13:34
14,39.9759816,116.38164,2008-11-09 23:53:28
167,39.975297,116.331858,2008-05-29 11:17:01
85,40.971102,117.93031,2009-09-03 14:49:38
167,39.971324,116.419542,2008-12-13 08:57:43
10,39.986163,116.368139,2008-10-21 00:52:23
9,39.996206,116.327182,2008-12-05 07:36:15
62,39.98877,116.3050033,2008-11-09 07:52:21
167,40.006196,116.320439,2008-04-29 15:03:57
153,39.920861,116.47183,2008-08-15 00:55:15
167,39.975277,116.359123,2008-08-31 03:59:51
10,34.695211,112.267093,2008-09-28 20:40:05
167,39.997834,116.326289,2008-08-11 03:38:47
125,39.9923799,116.3269199,2008-07-03 14:41:22
3,39.939341,116.34779,2008-10-27 09:52:57
30,39.940327,116.346821,2009-03-14 04:43:17
126,39.974557,116.418191,2008-09-18 12:09:58
153,39.912553,116.470778,2008-12-01 13:28:35
153,39.988424948,116.450936728,2011-10-17 17:45:17
15,40.032122,116.31404,2008-11-11 09:26:48
128,39.97532,116.3336516,2010-06-10 13:22:26
41,40.3722633,116.552085,2009-07-06 02:16:20
37,39.98429,116.2947099,2009-03-28 08:36:30
83,39.9809966,116.3058916,2009-01-30 10:11:22
17,39.9659816,116.3257316,2009-06-04 08:02:52
40,39.970195,116.30411,2009-02-24 12:20:00
44,39.991656,116.326948,2009-07-13 02:57:44
153,39.971496,116.441904,2011-01-06 09:52:10
179,40.088264,116.305817,2008-09-06 17:05:49
128,39.996355,116.3770466,2008-08-23 09:47:40
10,28.04093,102.17099,2007-10-24 13:51:01
68,39.95356,116.269488,2009-08-10 19:22:30
5,39.976055,116.335797,2009-01-16 14:27:10
153,40.219087,116.224231,2009-07-09 06:42:58
1,40.013165,116.308955,2008-11-14 14:26:27
153,39.97422,116.331895,2009-03-19 13:03:46
65,39.942525,116.094638333333,2011-10-05 07:40:28
37,39.9667216,116.26823,2009-02-14 09:54:46
24,40.088049,116.272785,2009-02-16 09:37:46
62,40.0283233,116.5547583,2008-08-05 09:47:13
167,39.977846,116.327623,2008-11-25 04:57:13
2,39.922244,116.343469,2009-02-15 12:39:14
41,39.8261583,116.663915,2009-05-09 01:27:10
126,39.850111,119.416659,2008-06-07 05:51:54
144,40.034725,116.316983,2009-07-19 13:18:16
71,39.9810883333333,116.330976666667,2012-05-11 19:25:46
13,39.955427,116.422668,2008-11-13 10:23:57
163,39.941951832,116.470947766,2011-10-22 12:43:08
167,39.970756,116.422279,2008-05-04 12:46:47
67,39.906965,116.449076666667,2011-04-23 13:27:33
74,39.976475,116.331523333333,2012-01-12 13:27:14
17,39.985085,116.3361316,2009-06-12 00:04:20
10,39.394038,116.948583,2008-12-19 15:14:50
4,39.952496,116.801762,2009-01-17 14:00:54
179,40.088804,116.298313,2008-10-02 10:59:16
153,39.984806,116.437662,2010-01-08 14:12:26
163,39.830887,116.339575,2011-04-03 04:54:19
42,39.9027733,116.2626966,2009-03-20 10:44:24
39,39.978984,116.341628,2009-05-09 12:26:34
3,39.990561,116.327009,2008-12-11 02:40:20
141,39.9966616666667,116.276728333333,2011-10-22 08:03:42
144,39.973425,116.3749416,2008-10-03 09:10:50
14,39.9999749,116.3604883,2009-01-31 07:36:39
163,42.348676902,-71.106807061,2012-04-08 00:16:37
22,39.973492,116.331924,2009-02-06 05:41:36
17,39.9994383,116.3807899,2009-03-08 07:32:27
65,39.9663983333333,116.320491666667,2011-09-07 10:56:02
41,39.8899683,116.2584183,2009-06-22 15:15:47
22,39.97346,116.30053,2009-05-06 14:26:39
17,39.9665933,116.3769116,2009-01-12 09:06:31
14,40.1505999,116.5363866,2008-11-16 01:49:54
128,39.9757599,116.3311283,2008-10-17 03:18:40
68,39.969821,116.423255,2009-03-02 00:03:31
24,39.924107,116.310702,2009-01-22 05:44:04
163,40.004624,116.321354,2009-07-29 10:03:43
15,39.907252,116.47104,2009-02-27 00:06:56
82,47.629308,-122.136824,2008-08-17 06:42:26
62,39.9839733,116.3111816,2008-08-22 23:42:59
155,39.889907,116.41259,2009-07-22 12:54:54
165,39.9776916666667,116.302415,2011-11-19 05:55:52
52,39.984992,116.352616,2008-06-10 17:08:18
141,39.97583,116.400648333333,2011-09-10 08:32:55
4,39.972887,116.299724,2009-06-17 05:47:23
88,39.9857583,116.3477316,2008-10-11 04:40:35
52,39.982565,116.330487,2008-07-23 11:32:12
167,40.967686,117.935474,2008-05-02 05:11:43
39,40.073593,116.406214,2009-06-30 00:22:25
62,39.96681,116.3781216,2008-12-05 09:14:07
85,39.950865,116.3220049,2008-08-30 11:17:43
41,40.3521366,116.4697116,2009-07-07 00:47:41
10,39.930721,116.349233,2008-10-17 11:54:04
3,40.000769,116.327086,2009-06-16 07:09:07
50,39.9217872666667,116.383430483333,2009-08-21 07:19:09
153,33.95025,-118.389742,2010-11-06 01:31:58
65,39.9709833333333,116.296801666667,2011-09-08 02:54:41
128,40.0750816,116.3277316,2010-02-05 13:25:05
144,39.9075266,116.3855349,2008-10-03 11:01:30
115,39.9066583,116.5108483,2008-07-14 07:14:27
153,39.985685,116.350134,2011-04-23 10:01:59
24,40.371872,115.902527,2009-01-27 08:02:30
14,39.9941299,116.3687599,2008-10-23 20:59:31
67,39.907062,116.315642,2011-03-26 03:31:29
41,39.8508133,116.2308416,2009-02-20 06:12:17
41,39.9026266,116.2600899,2009-06-04 11:43:54
95,40.017617,116.315052,2011-03-07 09:34:00
128,36.1123899,114.3338649,2008-05-09 04:33:20
84,39.987134,116.394762,2008-09-16 10:21:50
4,39.965295,116.314286,2009-05-10 04:53:49
144,36.423044,101.056553,2009-07-05 08:24:35
68,39.995837,116.41809,2009-06-23 04:05:36
14,39.9963916,116.3777833,2008-11-27 12:32:50
16,39.934837,116.345914,2008-12-14 12:16:06
142,39.952322,116.269492,2008-12-22 06:26:31
85,39.874747,116.452165,2008-09-25 05:12:45
30,40.000174,116.327294,2009-06-10 10:30:30
128,39.9366066,116.3392933,2010-03-27 10:10:16
2,39.898975,116.379024,2008-10-28 00:42:41
3,39.863765,116.277323,2008-11-17 06:21:49
10,31.384901,118.388324,2008-06-19 12:58:44
25,38.8808183,121.5506233,2009-06-09 14:00:29
128,40.3437633,116.2354899,2009-01-10 03:44:24
62,39.9867466,116.3035899,2008-09-11 06:09:55
85,39.978255,116.333034,2009-06-25 23:49:14
52,38.981994,100.502483,2008-08-07 02:49:53
153,40.357039,115.999735,2009-07-09 03:23:47
104,39.986095,116.3284733,2008-09-20 17:58:34
46,40.019411,116.345602,2010-06-01 11:32:52
8,39.966863,116.368374,2008-10-30 07:13:28
0,39.938368,116.31397,2009-04-30 07:29:57
153,39.901663,116.455572,2009-07-18 10:57:45
41,39.8303616,116.3804733,2009-04-23 23:20:12
44,39.966288,116.3285,2009-02-15 06:50:04
23,22.804901,108.327005,2009-02-03 14:09:25
140,39.9754283,116.3306549,2009-04-10 03:11:02
153,32.9727533,114.0193449,2008-05-06 02:52:20
36,39.985359,116.309784,2009-02-15 11:59:19
1,40.013832,116.306421,2008-11-14 14:32:36
126,39.948061,116.43298,2009-01-26 08:37:44
15,39.972292,116.33274,2008-11-02 11:51:10
140,47.65189,-122.1340049,2009-07-28 03:42:52
28,39.960593,116.104525,2009-04-16 22:25:08
68,40.034554,116.301354,2009-08-15 05:16:11
39,40.344426,116.639163,2009-06-07 06:10:57
2,39.926159,116.337022,2008-11-03 13:18:26
163,39.979422557,116.303586755,2012-01-09 09:12:14
68,39.949575,116.419126,2009-06-13 11:11:25
167,40.009025,116.32182,2008-09-17 05:35:43
8,40.011823,116.326072,2008-12-12 08:58:42
10,37.25913,97.496135,2008-09-29 20:49:24
10,39.898043,116.368524,2008-09-18 00:14:41
30,39.955913,116.322612,2009-05-29 05:30:03
38,39.93761,116.3147633,2009-02-06 12:52:09
22,39.819841,116.281863,2009-05-03 01:26:43
40,39.96739,116.302838,2009-02-20 13:44:08
19,39.8664149,116.3816133,2008-11-08 10:21:47
67,35.9964816666667,117.112686666667,2011-05-20 18:39:04
128,39.9860749,116.3632999,2008-12-27 06:55:17
4,40.001456,116.324517,2009-03-12 09:39:18
128,25.9115533,115.0491383,2009-02-01 10:06:54
153,39.986991,116.448726,2011-01-24 10:08:52
35,39.977853,116.30069,2009-02-13 02:49:07
10,31.717214,91.637088,2008-10-01 04:50:02
17,39.9838849,116.3085033,2009-02-15 05:54:41
141,39.9914316666667,116.196686666667,2011-10-22 03:21:41
153,39.782007,116.455102,2010-04-03 08:35:30
22,39.97351,116.333876,2009-06-10 06:13:37
14,39.9982399,116.3741816,2008-12-18 14:07:38
22,46.621124,124.916619,2009-01-13 15:15:34
144,40.126306,116.415337,2009-06-20 11:56:25
37,39.886935,116.2679699,2009-02-27 02:24:58
13,39.967294,116.397315,2008-11-14 11:58:55
36,39.807072,116.140724,2009-07-06 13:16:57
140,43.95424,117.5197549,2009-06-29 12:17:26
39,40.072303,116.416583,2009-05-21 11:42:03
41,39.8854116,116.2680316,2009-05-17 14:31:30
4,39.949349,116.437184,2009-02-23 04:18:28
17,39.937075,116.3664883,2008-12-12 01:58:23
84,39.992478,116.40107,2008-08-03 10:09:39
30,39.999904,116.327215,2009-02-15 09:31:44
45,39.889244,116.267539,2010-06-26 16:00:09
68,39.967252,116.418423,2009-03-15 06:49:23
153,39.986676,116.388645,2011-02-25 14:12:15
153,39.971281,116.461381,2010-04-03 09:26:50
122,39.968466,116.399958,2009-06-14 01:35:56
4,39.945047,116.269291,2009-04-26 11:36:45
9,39.992413,116.326074,2008-12-14 08:48:01
68,39.955007,116.419071,2008-10-18 09:32:36
67,31.8411316666667,117.2614,2011-06-11 00:25:08
78,39.971985,116.32536,2008-07-23 16:10:01
24,40.393105,115.87535,2009-01-29 02:34:19
59,39.975985,116.327725,2011-08-29 10:44:11
124,30.520074,91.256596,2008-10-01 09:52:32
144,33.010208,91.662428,2009-07-07 07:04:39
144,41.047752,114.719651,2009-08-01 07:03:51
179,40.088447,116.305358,2008-08-31 09:11:28
50,39.9940414428711,116.190582275391,2009-08-18 16:22:31
84,39.977605,115.709325,2008-09-14 02:47:31
36,38.30221,115.725975,2009-02-05 04:26:22
22,39.973337,116.334014,2009-04-22 04:06:30
4,39.991616,116.327762,2009-01-09 11:11:04
163,39.986753865,116.387310241,2012-02-22 08:38:37
128,25.89808,115.0357466,2009-02-01 10:09:59
153,39.910691,116.353751,2009-07-31 06:40:56
25,39.9868149,116.3028099,2009-06-10 14:20:02
0,40.005857,116.324242,2009-04-22 02:42:14
74,39.974985,116.31812,2012-01-31 00:38:05
167,39.972137,116.418898,2008-06-20 12:30:17
3,39.906233,116.187598,2008-10-27 12:12:27
62,39.8190866,119.47469,2008-08-31 06:19:12
38,39.9680799,116.3144716,2009-07-17 10:41:11
153,39.985833654,116.361281417,2012-05-25 17:52:06
153,39.917537,116.455481,2009-10-20 09:44:34
140,40.4076516,116.930575,2009-07-04 20:59:43
84,39.975253,116.334958,2008-10-31 13:33:59
153,30.925317937,103.71538833,2011-10-02 08:43:09
30,39.991329,116.331634,2009-06-21 12:18:40
36,39.909965,116.346256,2009-07-08 04:04:57
25,39.9235299,116.4958099,2009-06-23 10:13:56
84,34.24404,108.924885,2008-09-26 09:32:07
17,39.9916066,116.3270283,2008-12-08 09:16:03
14,40.0000466,116.4448866,2008-10-30 09:39:22
126,39.947626,116.411953,2009-01-26 08:15:04
10,36.739604,114.482545,2008-09-28 16:57:48
62,39.9850733,116.3424333,2008-09-10 04:08:26
144,7.971983,98.369032,2009-03-25 10:23:01
5,40.003663,116.322317,2008-11-11 14:21:33
35,40.013343,116.297139,2009-04-21 14:03:20
10,19.766757,109.930642,2007-09-22 03:06:13
17,40.0089766,116.3462716,2009-05-24 13:17:59
30,39.534483,116.318148,2009-01-24 04:17:12
68,39.984969,116.33545,2009-08-06 04:52:45
68,39.993598,116.418394,2008-12-05 13:50:28
38,39.9838149,116.2742783,2009-02-20 10:09:04
34,40.0282799,116.3439116,2009-04-06 09:37:05
153,39.932853,116.448714,2008-10-05 11:03:31
122,39.967434,116.393164,2009-06-13 16:17:45
153,39.932325,116.463111,2008-08-14 13:54:24
163,40.0072433,116.461494227,2011-12-24 18:52:38
10,39.86941,116.404571,2008-09-21 22:51:56
34,40.0200516,116.2758849,2009-04-04 03:53:14
26,40.02518,116.308391,2009-01-15 12:58:58
5,39.957619,116.356605,2008-10-24 10:48:25
81,40.007402,116.32313,2008-05-30 15:04:06
20,39.97904,116.33268,2011-09-21 16:28:54
50,39.957145690918,116.275360107422,2009-08-01 11:52:44
128,40.0735233,116.328005,2008-10-12 14:23:59
179,39.97496,116.320283,2008-10-15 12:25:39
128,32.9740316,114.0230783,2008-05-06 02:49:50
167,39.999778,116.32405,2008-05-14 02:31:13
168,30.627732,114.275139,2009-09-30 16:22:35
65,39.977805036,116.304059078,2011-08-07 18:49:20
142,39.955884,116.277591,2010-06-24 01:21:41
128,31.101145,121.2043216,2010-09-10 00:05:42
153,39.919992,116.367381,2009-08-15 13:33:06
22,39.973406,116.333717,2009-07-16 20:40:32
128,39.9663666,116.4594233,2010-03-05 09:01:16
17,40.0036133,116.3461633,2009-02-25 00:06:08
42,39.901695,116.3398033,2009-02-17 09:25:41
85,39.939312,116.300691,2008-05-21 00:23:00
153,39.981615,116.450582,2010-04-13 09:50:22
84,39.907924,116.351442,2008-11-27 08:37:18
85,39.899944,116.340663,2008-12-26 08:44:54
68,39.99974,116.406806,2009-09-02 06:30:48
168,39.986229,116.364089,2011-07-10 23:17:04
9,39.999183,116.333584,2008-11-07 10:16:32
7,39.988973,116.305094,2008-12-11 10:22:46
163,38.889003452,-77.037600484,2012-04-04 00:15:56
163,39.972892991,116.439239022,2012-06-07 08:27:00
17,40.0057116,116.3441116,2009-01-17 09:27:56
81,39.99213,116.327735,2008-06-07 13:29:13
17,39.9392249,116.3598966,2009-01-13 03:02:28
144,40.018614,116.437618,2009-08-27 16:41:40
84,39.932676,116.435151,2008-11-05 04:06:23
153,39.916045,116.471798,2008-08-21 00:11:35
41,39.8692866,116.258575,2009-04-02 22:50:42
17,39.9872966,116.4128999,2009-02-11 21:31:08
68,39.962259,116.439893,2009-05-17 04:40:15
67,39.975475,116.331461666667,2011-04-09 14:26:35
124,33.140923,91.854539,2008-10-01 02:44:49
172,50.1149883,8.657465,2008-06-22 06:36:43
24,39.937425,116.189136,2009-05-21 08:27:52
84,39.980838,116.418093,2008-09-25 00:17:39
41,39.8689249,116.258355,2009-05-31 23:07:02
153,39.894502,116.453995,2009-09-08 10:32:19
66,39.912418,116.456095,2009-05-13 15:58:50
42,39.9017883,116.25969,2009-03-02 16:14:36
41,39.8836533,116.2586833,2009-05-19 09:31:53
38,39.9701116,116.3029416,2009-02-20 09:47:49
22,46.620948,124.917326,2009-01-18 22:15:11
17,40.8487433,117.4043916,2009-01-26 04:47:09
31,40.1163,116.634445,2009-01-23 23:58:50
122,39.975033,116.325662,2009-09-17 20:08:17
67,39.9784733333333,116.332755,2011-05-12 17:12:38
41,39.9310083,116.1270333,2009-04-27 06:49:14
37,39.985365,116.4428116,2009-03-17 05:40:01
68,40.001955,116.308795,2009-08-10 10:10:36
10,40.35656,115.999708,2009-03-07 06:53:29
68,40.178894,116.387223,2008-11-05 01:23:41
34,39.9737316,116.3466866,2009-03-13 03:12:26
95,39.975287,116.329869,2010-12-14 10:12:14
52,39.906538,116.24457,2008-06-03 10:34:03
52,40.030521,116.408264,2008-08-20 01:38:28
153,39.908991,116.437346,2011-01-10 07:20:35
17,39.9843483,116.3122616,2009-04-02 08:59:15
9,39.958327,116.357429,2008-11-01 05:08:21
153,33.684784,-118.037095,2010-11-07 14:04:29
167,39.816261,119.482908,2008-06-08 09:46:24
17,40.5256266,117.10262,2009-03-23 22:39:40
17,39.9579133,116.4190983,2009-05-25 05:59:19
3,40.00649,116.31586,2009-07-02 10:29:37
7,39.9819,116.345272,2008-11-10 10:46:10
39,40.000065,116.355858,2009-03-21 05:15:01
22,39.973435,116.333744,2009-07-09 05:35:00
22,39.963431,116.315766,2009-02-03 09:06:54
89,39.979985,115.9653916,2008-05-17 11:44:24
153,39.916532,116.46335,2009-10-26 00:19:41
179,40.003489,116.32441,2008-10-02 04:06:42
34,40.0384749,116.3622733,2009-04-11 01:58:23
22,40.057957,116.403825,2009-07-18 23:52:53
41,39.8641533,116.262705,2009-07-02 00:25:27
124,36.526851,102.045498,2008-10-03 15:40:48
140,41.0061849,117.9395483,2009-07-04 13:36:09
10,18.524135,108.828335,2007-09-22 05:09:44
58,39.9883033333333,116.309656666667,2011-03-12 09:10:12
135,38.813258,115.368655,2009-01-24 09:39:01
4,39.957873,116.293552,2009-02-24 10:10:26
38,40.5729149,116.7918166,2009-03-22 01:41:51
25,31.2341616,121.4550166,2009-05-04 03:41:21
12,41.996252,128.028086,2008-10-02 03:28:04
68,39.989334,116.418006,2009-04-02 14:24:39
16,39.973985,116.33782,2008-12-10 13:55:42
22,46.621145,124.917065,2009-01-18 02:11:16
12,39.988656,116.316511,2008-12-10 09:33:24
96,39.975371,116.32834,2008-09-19 03:56:36
119,39.970257,116.483834,2008-08-02 03:23:48
153,39.987648,116.425204,2010-04-11 10:35:32
167,39.99975,116.323854,2008-11-28 12:41:18
96,40.008104,116.319379,2008-08-16 15:46:35
59,39.9897283333333,116.190163333333,2011-03-12 07:30:02
22,46.595356,125.028549,2009-01-16 02:01:42
141,39.9986183333333,116.231421666667,2011-10-22 05:33:10
26,38.201634,114.595332,2009-01-19 05:48:33
163,42.358475194,-71.093570021,2012-04-13 20:30:48
93,39.9753833,116.3269866,2008-08-22 00:50:31
67,39.940546,116.347477,2010-12-05 15:36:25
5,40.009363,116.319851,2008-10-28 11:14:28
68,39.967582,116.410504,2009-03-28 06:15:53
17,39.9920699,116.3501366,2008-12-05 10:11:11
78,40.021127,116.546794,2008-05-30 07:43:17
168,39.992053,116.401338,2011-06-21 23:04:27
41,39.8902749,116.5417533,2009-05-25 06:35:36
41,39.9014899,116.2680849,2009-03-12 22:11:47
41,39.72057,116.0361333,2009-03-02 05:39:52
144,40.027575,116.43347,2009-05-31 13:47:54
67,39.8342316666667,119.522783333333,2011-06-05 12:16:46
0,31.293974,121.485955,2009-06-29 01:59:30
92,39.9763683,116.3312649,2008-06-26 11:20:44
41,40.7296666,116.6216266,2009-03-04 06:08:51
128,40.0741616,116.3225733,2008-08-28 13:14:45
42,39.9098399,116.4549966,2009-03-26 11:42:40
163,40.134103,116.261389,2011-04-30 00:00:44
153,40.000164,116.460184,2010-02-11 08:15:11
68,39.980612,116.413842,2008-09-29 14:35:13
83,39.9750133,116.3182333,2009-02-03 22:21:45
128,40.1033733,116.0850183,2009-04-06 04:45:30
163,25.276027,110.28614,2010-12-23 06:16:55
140,39.9858499,116.3526983,2009-05-12 02:45:26
13,39.954745,116.422986,2009-01-19 18:40:43
128,40.0711316,116.3287466,2010-05-11 00:59:34
36,39.920382,116.346828,2009-07-02 04:38:36
10,39.875706,116.381103,2008-09-19 11:37:34
4,39.98881,116.326624,2009-07-05 06:32:07
128,39.9177849,116.471865,2008-05-29 13:12:35
140,33.5771366,115.8025666,2009-01-28 13:54:11
11,39.9571766,116.3489716,2008-11-13 06:28:02
50,39.96952,116.258644,2009-07-21 01:59:19
180,29.017273,115.806809,2009-05-29 21:01:24
3,39.991932,116.338587,2008-12-26 09:08:40
142,39.782816,115.628117,2010-06-27 03:20:22
13,40.041207,116.419702,2008-10-18 06:15:04
41,39.8746983,116.0357233,2009-04-27 02:00:00
73,39.8653583,116.4867299,2008-06-20 08:00:17
68,39.970567,116.41852,2008-10-12 04:29:54
163,26.896207,112.608177,2009-01-20 07:53:09
168,27.092704,112.114279,2009-10-02 07:11:11
153,39.932381,116.472218,2008-10-31 17:36:32
42,40.0876499,116.5445799,2009-05-07 08:22:23
24,40.372005,115.902246,2009-01-27 11:06:15
10,37.653848,116.386814,2008-06-20 08:18:51
113,40.023983,116.40268,2010-05-19 00:49:09
10,37.085041,116.522314,2008-12-19 17:48:12
3,39.989586,116.447183,2009-02-14 07:02:55
10,38.33075,114.67591,2007-10-22 02:54:07
68,39.995985,116.417796,2009-07-26 04:54:21
37,39.8528933,116.34866,2009-07-22 09:35:15
17,39.9272633,116.2691866,2008-12-23 06:33:20
163,24.791912611,121.0360711,2012-05-14 15:24:37
52,39.984958,116.352393,2008-06-11 02:57:20
140,41.7312433,117.8523333,2009-07-04 10:35:05
41,39.8557266,116.4055649,2009-05-12 05:48:41
68,39.935759,116.419691,2009-08-20 04:02:28
17,39.9856099,116.3410483,2009-06-21 01:40:37
84,39.935022,116.432376,2008-12-07 02:18:21
41,39.9775866,116.2833583,2009-07-04 00:06:14
140,39.9752216,116.3330866,2009-05-26 02:38:42
153,24.526470127,117.372222375,2011-12-19 16:26:21
84,34.503353,110.316281,2008-09-25 20:59:56
10,41.759558,83.279013,2008-04-03 15:56:34
10,32.006191,119.58711,2008-12-20 05:56:11
41,39.8727133,116.2586833,2009-05-16 09:19:24
140,39.9868833,116.3908016,2009-05-18 02:26:39
122,39.980254,116.328268,2009-10-05 12:06:52
85,39.905817,116.337572,2008-11-06 05:42:34
20,39.9763033333333,116.305438333333,2011-09-12 08:55:22
14,39.9737783,116.3320649,2008-12-16 03:07:21
25,33.5653933,117.0495583,2009-07-08 18:39:17
115,39.9757183,116.3317233,2008-09-02 02:13:57
153,36.031464,-112.12306,2011-08-16 00:11:40
153,33.948743,-118.38614,2010-11-06 01:39:13
50,39.9945678666667,116.199020383333,2009-08-24 22:33:27
153,25.264417,110.260191,2010-12-25 10:01:35
22,39.965696,116.37499,2009-02-07 13:36:44
153,40.012135341,116.460891023,2011-10-18 17:31:34
37,39.9337933,116.4278283,2009-03-31 08:17:50
10,31.795107,117.306573,2007-12-28 10:56:18
17,40.0093366,116.3368966,2009-04-19 13:54:27
25,18.2400216,109.5042033,2009-02-10 09:16:55
140,39.9892299,116.411075,2009-04-10 15:22:42
26,37.842329,112.558143,2009-02-01 04:43:31
67,39.9749833333333,116.325936666667,2011-05-05 00:44:31
128,39.9418233,115.0448983,2008-07-12 08:03:28
128,32.972445,114.0172566,2008-05-02 03:15:12
68,39.996449,116.417084,2008-10-26 09:37:36
142,39.947912,116.455048,2011-01-22 13:03:27
30,39.922556,116.682425,2009-04-03 12:53:33
62,39.9871666,116.3956149,2008-08-23 07:58:34
50,39.9589881896973,116.273895263672,2009-08-21 19:07:55
2,37.416677,110.772212,2009-01-28 04:06:38
65,39.9230333333333,116.164396666667,2011-10-05 07:55:47
36,39.806593,116.116466,2009-07-06 13:21:42
153,39.984098,116.450919,2011-07-14 10:02:17
41,40.0248966,116.2867533,2009-06-02 10:42:41
128,22.3013499,114.1679066,2008-11-20 07:53:43
36,39.894674,116.34208,2009-07-08 09:58:56
144,29.581286,113.671253,2009-03-25 21:20:49
30,40.000296,116.325482,2009-07-13 11:44:37
141,39.9753816666667,116.319605,2011-08-30 00:29:17
153,37.425767,-122.136267,2010-11-04 17:38:07
148,39.9248833333333,116.349858333333,2011-05-14 11:23:49
44,40.076455,116.327757,2009-03-12 11:53:03
40,39.966932,116.349927,2009-04-08 23:40:26
167,39.969704,116.374307,2008-06-28 03:56:19
27,33.312185,116.298629,2009-01-22 05:45:20
13,39.975196,116.346719,2008-10-17 09:40:18
128,40.2568616,116.5636666,2009-12-26 01:50:11
41,39.8850733,116.2469566,2009-07-08 23:12:09
41,39.9097983,116.2684133,2009-04-26 01:32:21
124,35.722985,94.052819,2008-09-30 22:15:57
25,39.9853333,116.3414266,2009-06-25 01:35:16
10,40.33738,116.563425,2009-02-14 04:02:23
12,31.369251,120.893308,2008-11-16 13:04:46
25,39.9440649,116.4011616,2009-06-17 05:02:25
67,38.932,115.548628333333,2011-05-22 21:45:22
36,39.977337,116.339124,2009-03-06 17:18:15
28,39.931636,116.31599,2009-02-04 23:26:20
153,41.712634,117.856428,2010-08-08 07:32:43
128,40.0024583,116.30337,2009-08-04 23:33:19
128,39.9348933,116.45519,2009-12-26 09:53:18
34,40.0917833,116.3585233,2009-04-11 09:34:56
141,39.9889566666667,116.30579,2011-10-08 10:37:26
10,39.86181,116.372978,2008-09-19 00:25:44
68,30.943775,114.014867,2009-07-29 09:51:38
13,39.975257,116.35349,2008-12-02 23:52:19
10,37.254219,100.264848,2008-09-29 16:01:53
85,39.97441,116.330902,2008-09-26 10:48:17
153,24.446886918,118.062754455,2011-12-18 16:33:03
30,39.94583,116.783237,2009-06-27 23:37:51
43,39.941832,116.37009,2009-02-11 00:28:14
85,39.9235966,116.3381883,2008-08-26 03:16:50
30,39.957566,116.281904,2009-02-14 04:51:16
85,39.864049,116.346346,2008-10-10 02:50:42
16,39.921385,116.335714,2008-12-14 10:10:26
67,33.7466683333333,116.976423333333,2011-06-16 18:36:05
38,39.9728666,116.3124016,2009-02-26 04:00:17
37,40.0368466,116.3438033,2009-04-13 13:49:23
22,39.990974,116.30997,2009-02-20 07:18:31
22,39.973409,116.334035,2009-04-22 06:48:35
144,39.9660333,115.8762883,2008-05-18 03:42:09
84,39.981356,116.327662,2008-09-16 10:59:30
179,39.991391,116.326188,2008-11-06 07:08:32
36,39.723918,116.601269,2009-02-18 07:29:51
126,39.988126,116.417307,2008-08-16 06:28:08
22,39.958724,116.362341,2009-04-10 07:06:42
52,39.995411,116.380301,2008-07-16 15:38:22
41,39.6622899,116.6712033,2009-06-16 08:55:28
128,40.0741999,116.314055,2009-11-27 01:58:19
1,40.011443,116.312257,2008-11-17 00:30:41
132,29.723947,121.590433,2010-02-19 11:05:52
140,39.9329783,116.4887616,2009-08-01 21:52:28
38,39.9684899,116.3074916,2009-04-18 08:49:11
39,40.366088,116.683171,2009-06-09 06:44:06
153,44.434067,125.119543,2010-03-19 04:00:19
4,39.998251,116.319724,2008-11-05 09:15:06
126,39.983386,116.442644,2009-01-22 05:31:51
30,40.009488,116.315214,2009-03-22 21:05:08
14,39.9751383,116.3315966,2009-01-14 12:32:47
168,39.989378,116.175109,2011-08-13 05:57:16
128,39.8698633,116.4374649,2010-08-25 09:12:55
17,40.928865,117.3234166,2009-01-24 13:36:48
64,40.011495,116.355722,2008-08-24 00:27:40
62,39.987635,116.3026249,2008-10-30 03:36:05
39,40.039305,116.322624,2009-06-10 00:55:06
23,22.8173833333333,108.323133333333,2009-01-30 14:18:15
24,40.347225,116.797701,2009-02-25 08:13:41
3,39.999245,116.338496,2009-02-14 15:21:50
104,39.9781133,116.2997649,2008-10-05 11:33:43
126,39.821993,119.476228,2008-06-08 10:30:26
0,40.033537,116.338986,2009-06-13 01:57:03
59,39.9882,116.173766666667,2011-03-12 06:44:21
50,40.044693,116.299140933333,2009-08-20 04:11:45
22,39.973398,116.3338,2009-04-28 07:20:57
68,40.03684,116.667505,2009-04-18 08:29:20
10,39.858924,116.368863,2008-12-07 11:44:48
24,40.117054,116.584213,2009-02-09 11:40:37
17,40.0194766,116.3456616,2009-03-23 15:03:53
41,40.1133666,116.6218783,2009-04-23 05:30:54
84,39.93852,116.348533,2009-04-14 10:49:18
14,39.9636183,116.4725433,2008-10-25 04:12:21
153,44.973973,-93.166957,2011-08-27 16:43:04
95,39.9749366666667,116.312043333333,2011-05-22 16:30:06
22,39.97347,116.334238,2009-06-10 06:32:22
85,39.950479,116.321713,2008-12-19 09:49:19
85,39.978308,116.334028,2009-04-25 02:36:20
82,40.039671,116.308242,2009-04-03 13:59:46
153,30.21663688,120.221036514,2011-10-31 11:48:41
20,39.98002,116.309136666667,2011-12-09 02:12:45
140,39.9232066,116.3913983,2009-02-03 07:42:11
28,39.967808,116.101547,2009-02-07 17:34:16
41,39.9117533,116.4286799,2009-03-30 06:44:51
55,39.973369196,116.331218501,2011-08-08 22:24:44
180,31.069123,114.957853,2009-05-29 05:10:09
9,40.00276,116.343928,2008-11-11 11:23:40
153,37.354297,-121.938204,2010-11-04 17:15:50
17,40.0063566,116.3353816,2009-06-02 13:19:27
128,40.0762599,116.3271133,2009-01-13 13:21:05
85,40.052804,116.299697,2009-08-27 13:54:29
26,38.068904,114.170773,2009-02-18 09:43:16
62,39.9880649,116.3053633,2008-11-06 01:13:10
168,39.97998,116.373873,2011-06-20 23:00:29
96,39.990198,116.327002,2008-07-23 13:44:36
128,40.041265,116.33235,2010-10-17 08:35:44
68,39.935921,116.420586,2009-01-09 07:51:29
84,39.629871,115.591154,2009-05-16 01:20:43
37,39.9668466,116.3748166,2009-03-20 03:26:19
17,40.2760166,116.082085,2009-05-21 03:13:22
4,40.000621,116.324117,2009-03-20 03:37:28
180,32.367474,115.319294,2009-05-29 03:45:18
58,39.976715,116.330943333333,2011-03-10 10:55:56
43,39.902455,116.606923,2009-06-24 06:53:31
153,39.967616,116.400327,2010-02-19 06:51:59
18,40.0373199,116.5259266,2008-11-06 03:25:46
167,39.967603,116.404602,2008-10-02 02:41:11
153,40.051980396,116.613770785,2012-01-15 17:17:48
38,39.9695249,116.3042883,2009-03-17 22:49:54
62,39.9621949,116.3641349,2008-11-15 02:14:35
39,40.071756,116.417035,2009-05-04 11:57:20
62,30.6712716,104.0647483,2008-09-30 09:14:17
22,39.967012,116.308569,2009-07-24 06:11:19
34,39.9254766,116.3270783,2009-07-09 03:32:00
167,40.172191,116.395978,2008-10-12 04:01:43
153,30.64978,104.047047,2011-04-14 11:36:16
65,39.8995283333333,116.024593333333,2011-10-05 06:37:43
4,39.995009,116.328198,2009-03-15 13:07:17
25,40.0260216,116.3072066,2009-04-25 08:52:01
26,37.870413,113.487943,2009-01-19 08:46:58
4,39.904864,116.303517,2009-07-26 05:29:50
59,39.9769433333333,116.310796666667,2011-08-30 00:41:50
153,40.016004,116.30364,2011-04-24 07:02:58
153,39.979931,116.449009,2011-07-20 23:41:57
153,39.973476,116.44356,2010-01-14 10:05:23
163,39.987745,116.448679,2010-10-30 05:40:51
14,40.0388549,116.2070249,2008-11-12 06:06:04
41,39.8583466,116.2592133,2009-03-17 04:23:39
10,25.458827,100.555778,2007-10-26 22:31:40
153,40.031691,116.314697,2010-02-26 09:52:00
163,42.46322,117.22354,2010-08-07 03:45:45
163,39.992275,116.432356,2010-10-05 09:53:15
153,25.750379,110.13288,2010-12-25 08:02:44
26,37.787028,112.597241,2009-01-30 13:49:57
22,39.973316,116.33441,2009-06-26 01:09:25
3,39.991262,116.328491,2009-03-14 07:24:57
144,40.0543116,116.6084433,2008-12-18 07:38:11
135,34.687674,113.705506,2009-01-24 15:09:53
41,39.9034833,116.237195,2009-02-14 04:55:09
85,39.981133,116.329204,2008-11-16 16:35:18
13,39.966909,116.381487,2008-10-13 09:06:02
46,39.981871,116.406821,2010-06-02 01:03:06
67,37.02301,116.566285,2011-05-20 17:17:56
10,39.138454,117.212678,2008-06-18 00:40:39
128,40.0281933,116.3155783,2009-08-31 13:32:27
142,1.289027,103.837508,2008-07-23 14:09:02
78,39.917884,118.892556,2008-07-27 09:30:56
41,39.8617716,116.2448983,2009-04-14 02:34:40
8,39.955686,116.359332,2008-12-10 07:44:14
42,40.0086683,116.3174216,2008-10-17 01:26:01
66,39.873972,116.23551,2009-08-22 13:46:42
22,39.973435,116.333821,2009-06-09 04:11:03
4,39.904762,116.435978,2009-07-17 09:45:14
124,31.840409,91.529691,2008-10-01 04:37:53
128,39.7946833,119.43,2008-08-12 02:23:47
38,39.9953433,116.1985649,2009-07-15 23:51:08
30,38.982582,116.099569,2009-01-27 10:57:38
24,40.039121,116.322781,2009-01-17 09:12:54
84,40.042694,116.331242,2009-08-08 09:23:01
167,39.987409,116.302353,2008-05-16 13:41:48
85,40.050775,116.301105,2009-09-10 11:29:23
66,39.781572,116.489592,2009-08-20 16:57:20
0,40.103149,116.091266,2009-06-13 03:40:58
42,39.9058783,116.4868266,2009-01-31 05:16:57
68,39.93547,116.421004,2009-06-15 06:56:05
23,27.423335,113.09308,2009-02-12 12:31:48
17,40.0567983,116.4028083,2009-04-19 03:10:33
4,39.996023,116.324079,2009-06-25 13:30:45
50,39.9587211608887,116.269920349121,2009-08-01 11:40:11
67,39.9783533333333,116.332743333333,2011-04-12 22:21:39
10,36.006683,94.819694,2008-09-30 21:07:06
14,39.9827799,116.31863,2009-04-09 05:43:33
153,39.944904,116.483954,2009-08-09 06:43:59
28,39.970551,116.312948,2009-02-19 00:05:33
141,39.9969083333333,116.385998333333,2011-09-10 05:56:47
65,39.9792933333333,116.328743333333,2011-09-02 10:48:14
3,40.007475,116.319741,2008-12-22 22:35:19
14,40.0703499,116.4757316,2009-03-05 23:24:55
38,39.9892249,116.4835883,2009-03-22 12:50:55
78,39.959564,116.328773,2008-08-16 01:52:33
128,40.09963,116.3700133,2009-05-03 08:03:40
22,40.057702,116.403996,2009-07-18 18:54:58
153,25.624589,110.064289,2010-12-25 08:54:19
35,39.981697,116.321236,2009-03-03 23:35:38
25,40.0393383,116.2579666,2009-06-19 12:34:48
68,39.980672,116.417409,2009-09-07 23:42:32
30,39.9072,116.47826,2009-03-20 12:49:26
126,39.821775,119.477878,2008-08-08 10:04:24
25,39.98572,116.3600149,2009-01-02 01:39:34
38,40.2428916,116.1321066,2009-02-18 06:14:30
35,39.987018,116.298771,2009-02-20 02:20:44
128,40.0739316,116.3278783,2008-09-04 13:39:48
50,39.91872025,116.304458616667,2009-08-04 10:54:21
163,26.899466,112.563196,2009-01-25 06:58:56
153,39.897021,116.455104,2010-08-15 06:56:28
153,40.019269,116.453058,2011-09-06 09:16:55
128,40.0712616,116.3099499,2009-03-15 13:59:27
167,40.174973,116.42939,2008-10-12 03:48:17
85,40.066079,116.404372,2009-08-31 13:19:26
58,39.9752916666667,116.327196666667,2011-08-29 10:42:02
84,39.987203,116.415864,2008-11-01 00:36:44
10,28.197128,113.00722,2007-09-20 14:05:17
38,39.9459433,116.289895,2009-02-06 12:48:07
163,39.987427842,116.411605777,2012-07-10 07:41:09
65,39.9746966666667,116.305386666667,2011-09-05 10:55:08
65,39.974665,116.30936,2011-09-16 01:33:19
128,39.9758516,116.3306383,2008-10-17 02:43:16
17,39.9134433,116.3665566,2008-11-05 05:30:14
85,39.864068,116.112232,2008-11-15 06:40:21
153,39.926968,116.47137,2008-09-27 01:19:17
10,36.443276,94.925314,2008-10-02 14:36:16
41,39.7290383,116.3398116,2009-04-01 02:30:45
30,39.998382,116.326621,2009-01-15 22:13:12
3,40.011657,116.321665,2008-12-03 00:37:11
44,39.971234,116.332825,2009-03-10 00:55:42
179,39.975477,116.333008,2008-09-14 08:51:46
113,39.984785,116.321522,2010-06-01 23:49:27
179,40.089327,116.305126,2008-08-24 12:45:17
25,39.9887949,116.3069916,2009-04-04 06:58:40
39,40.366115,116.683193,2009-06-09 05:56:26
38,39.9668416,116.3067983,2009-02-18 12:54:39
124,30.523488,91.281978,2008-10-01 09:50:56
128,39.9766449,116.3317216,2009-01-02 05:10:37
128,40.213635,116.2277366,2010-04-11 03:53:46
11,39.9811016,116.3558283,2008-10-25 06:21:16
41,39.8718033,116.3057883,2009-05-28 03:04:01
141,39.9756333333333,116.393608333333,2011-09-10 08:34:36
39,40.009309,116.35714,2009-04-27 00:22:54
153,39.968504,116.465527,2009-08-15 04:54:42
62,39.9847383,116.2990083,2008-11-16 11:34:54
71,39.9821983333333,116.331143333333,2012-04-07 23:14:26
36,23.235628,116.038538,2009-02-01 23:46:12
153,42.295499,117.513769,2010-08-07 00:59:33
17,39.93105,116.3302183,2009-04-10 01:57:41
22,40.0579,116.404054,2009-07-12 00:44:11
17,40.8797516,117.331395,2009-01-31 07:25:04
22,39.976204,116.457214,2009-06-06 06:59:53
41,40.0162133,116.4467383,2009-07-04 09:30:24
13,39.939252,116.455362,2008-09-28 07:01:15
141,39.9776316666667,116.327273333333,2011-09-18 08:24:41
153,40.030978392,116.433317764,2011-10-08 17:09:46
153,39.92908,116.472323,2009-07-25 01:44:35
179,40.088601,116.305967,2008-09-06 17:25:13
68,39.980576,116.414,2008-10-08 11:05:48
160,13.3676,103.851153,2010-12-26 21:32:43
14,40.0269166,116.343545,2009-03-17 12:53:10
25,39.9486033,116.3489966,2009-05-21 05:23:56
17,40.4383183,117.0010466,2009-01-24 02:14:22
163,39.98516,116.450563,2010-10-18 21:22:05
62,39.9862133,116.3054933,2008-08-28 10:10:35
42,39.9755883,116.3893216,2008-12-20 14:33:11
3,39.99516,116.328027,2009-03-24 12:20:23
163,39.987222031,116.449267905,2012-07-15 20:44:49
12,33.44211,117.174738,2008-11-16 17:27:44
78,39.939755,116.380955,2008-05-17 20:44:51
68,39.969376,116.42004,2009-07-02 08:46:59
0,40.006765,116.29578,2008-10-28 01:30:36
167,39.823769,118.335972,2008-08-10 09:29:26
46,40.301524,116.641077,2010-05-08 05:13:36
168,34.293985,108.66464,2011-07-31 01:39:07
14,39.9833466,116.3731299,2008-12-26 04:35:18
68,39.959445,116.418814,2009-05-26 23:57:20
39,40.072215,116.41769,2009-05-07 17:21:11
0,40.106637,116.103777,2009-06-13 09:14:39
163,24.724389,110.471054,2010-12-26 08:57:02
119,39.954592,116.492467,2008-09-12 10:52:10
52,39.994263,116.327251,2008-07-29 11:09:06
17,39.9131833,116.366185,2009-05-22 05:24:40
62,39.9696416,116.4638816,2008-09-08 06:02:42
128,40.0796383,116.35664,2009-06-13 09:03:55
144,40.027445,116.43259,2009-08-04 19:10:10
144,40.0772766,116.6146333,2008-11-15 15:23:38
153,39.984516,116.450334,2011-02-21 13:51:32
25,39.9882566,116.3062666,2009-04-09 07:49:17
13,39.956007,116.425557,2008-11-16 07:13:05
17,39.9628549,116.41186,2009-04-08 05:00:00
14,39.98555,116.3395016,2009-02-20 05:12:26
41,39.8664533,116.3141999,2009-03-03 06:16:44
25,40.0111499,116.312225,2009-04-07 06:16:46
128,40.0772166,116.327655,2010-06-29 01:51:33
17,39.8677683,116.3583683,2009-04-13 06:01:56
36,39.88627,116.306414,2009-07-06 00:40:18
140,39.9870316,116.40353,2009-07-08 23:07:50
37,39.979145,116.254185,2009-02-15 23:48:21
40,39.975499,116.392972,2009-03-10 13:52:30
96,40.0032,116.324411,2008-10-25 14:19:19
153,39.975334,116.330481,2009-03-13 13:32:39
153,42.213035,117.51631,2010-08-08 06:16:03
68,39.873995,116.453063,2009-08-24 03:26:37
147,39.985846,116.348224,2011-03-25 09:29:27
82,39.966462,116.353503,2009-04-04 09:23:08
113,39.984703,116.321722,2010-05-31 01:03:21
153,39.984844,116.4504,2010-12-02 00:14:06
92,39.9842533,116.2793916,2008-07-10 14:48:51
153,40.285312,116.070914,2010-05-14 11:11:23
168,27.592726,111.891694,2009-10-02 11:02:26
25,31.6490333,120.3847333,2009-01-28 03:55:26
65,39.8791733333333,116.0236,2011-10-05 03:04:41
112,39.97535,116.3368349,2008-04-12 19:32:03
68,39.995186,116.418133,2008-10-29 14:46:27
24,40.054393,116.322136,2009-03-05 10:51:40
10,34.525331,110.788766,2008-08-01 12:08:38
42,39.909285,116.4622233,2009-02-18 10:07:58
140,40.0014583,116.4109266,2009-05-23 05:30:54
0,39.9934,116.326408,2009-05-31 11:45:38
34,39.9673983,116.3755633,2009-07-08 07:30:37
84,39.985332,116.418066,2008-09-16 09:58:28
30,39.947227,116.782802,2009-03-07 03:55:58
163,25.176613,110.43608,2010-12-24 01:05:46
141,39.9778166666667,116.331406666667,2011-09-24 06:43:00
142,39.950845,116.267321,2010-06-25 01:36:52
126,39.998747,116.326072,2008-10-15 12:31:45
39,39.97341,116.488325,2009-04-27 06:30:59
128,40.0230633,116.3465699,2009-09-11 14:31:42
160,13.419672,103.898274,2010-12-28 17:41:05
167,39.970094,116.418729,2008-05-08 14:00:21
167,40.0059266,116.3212816,2008-04-03 02:26:29
30,39.907549,116.466804,2009-07-18 04:55:21
41,39.8296299,116.3349683,2009-04-09 00:34:38
67,31.5722866666667,117.22606,2011-06-11 06:55:54
84,39.975869,116.331675,2008-09-14 12:53:34
20,39.9787383333333,116.30499,2011-11-01 01:58:01
50,39.9932746887207,116.199165344238,2009-08-08 20:42:53
17,40.0382033,116.4050633,2009-01-08 04:11:09
39,40.071933,116.41664,2009-06-20 00:55:50
36,39.979973,116.346306,2009-03-17 07:27:22
81,39.974972,116.326567,2008-07-21 10:19:55
179,39.995863,116.309387,2008-10-26 05:39:25
128,39.9695033,115.0430083,2008-07-13 02:36:30
62,39.9392549,116.3409733,2008-08-26 05:15:14
128,39.9751866,116.3308016,2010-06-10 03:32:55
126,40.2933933,116.6184649,2008-05-03 12:23:58
167,39.977865,116.335171,2008-07-16 11:15:58
3,39.971901,116.461498,2009-05-23 12:48:24
67,39.4467816666667,116.816603333333,2011-06-17 01:53:34
8,39.963485,116.36381,2008-12-05 12:44:12
3,40.0026,116.32633,2009-06-09 12:31:57
153,40.356228,116.001372,2009-07-09 03:29:28
153,47.631559,-122.139249,2010-11-12 04:39:08
65,39.979255,116.304351666667,2011-08-30 01:02:34
5,40.00043,116.326854,2009-01-14 19:49:19
167,39.96808,116.416067,2008-09-30 03:35:20
163,39.967533,116.403068,2008-05-16 01:24:36
68,30.54153,114.297845,2009-07-31 10:19:14
168,35.517791,114.107237,2009-09-30 08:21:28
17,39.9310366,116.3562683,2009-04-02 03:42:13
38,39.9951366,116.19733,2009-07-09 10:57:53
3,40.008426,116.319299,2008-11-30 22:17:52
65,39.978605,116.332985,2011-08-30 15:42:49
68,39.971419,116.420969,2009-07-02 08:03:23
24,39.961476,116.303344,2009-03-12 08:16:12
144,36.290283,94.811781,2009-07-06 23:39:32
30,39.991707,116.331138,2009-02-01 02:23:46
167,39.998782,116.321995,2008-10-22 05:51:32
85,39.966216,116.31827,2008-12-06 04:15:36
1,39.974981,116.324884,2008-12-04 06:00:39
7,39.981381,116.340919,2008-11-04 10:54:50
10,39.955714,116.348826,2008-09-27 11:54:31
68,39.975542,116.400284,2009-06-09 13:41:19
62,39.9567233,116.4476316,2008-12-12 01:17:36
22,39.973333,116.33426,2009-07-07 23:57:11
167,39.96931,116.420392,2008-09-30 14:04:59
0,39.994354,116.326806,2009-06-23 09:46:44
20,39.9798566666667,116.319535,2011-10-26 02:03:11
30,40.002761,116.324287,2009-05-31 04:18:04
153,39.98188,116.445524,2010-04-11 02:04:23
37,39.7946766,116.2865699,2009-04-16 03:01:44
10,30.097605,118.21828,2007-12-28 18:58:41
8,39.992732,116.413013,2008-10-28 13:05:54
153,39.9746949,116.3273566,2008-06-28 12:30:27
153,39.977288215,116.447159677,2012-01-04 18:36:07
163,39.985443207,116.450486766,2011-12-03 17:31:09
26,39.936396,116.305072,2009-03-12 12:15:46
131,39.9851033,116.320165,2009-04-21 12:43:40
122,40.137564,116.13778,2009-10-03 17:55:23
12,39.981509,116.329387,2008-12-11 09:49:37
82,47.62268,-122.132702,2008-08-13 02:48:41
144,40.0275083,116.4325499,2008-11-03 15:07:39
32,39.984854,116.320829,2008-12-16 00:30:21
165,39.9708666666667,116.327896666667,2011-11-15 01:08:01
7,39.977884,116.339597,2008-11-18 16:18:59
4,39.907567,116.268278,2008-12-17 03:52:00
30,39.946693,116.783807,2009-02-05 05:18:13
172,34.3625449,109.2111549,2008-05-09 10:25:22
167,39.991322,116.331696,2008-10-15 14:59:29
25,39.9701933,116.3132233,2009-06-22 05:33:40
65,39.9777866666667,116.305268333333,2011-09-19 00:00:15
140,39.9498266,116.3494233,2009-08-16 11:04:52
167,39.975189,116.330687,2008-10-22 07:32:14
168,40.02767,116.403287,2011-07-05 22:50:03
22,39.960785,116.490185,2009-05-11 13:03:42
67,39.97865,116.332715,2011-04-22 15:46:12
36,39.979674,116.335989,2009-03-14 13:40:23
26,39.971233,116.313229,2009-03-13 11:19:10
41,39.9074266,116.2681266,2009-03-19 00:49:11
11,39.963605,116.3469899,2008-10-27 23:28:28
85,39.979069,116.328705,2009-05-24 06:07:39
39,40.073177,116.407329,2009-04-29 06:03:36
12,39.129991,117.168241,2008-11-02 04:00:50
140,40.0445633,116.5764933,2009-06-06 01:33:37
17,39.9693866,116.3007983,2009-04-10 06:05:23
22,39.973417,116.333833,2009-06-16 03:54:45
12,39.981398,116.328076,2008-11-10 13:17:01
153,23.466060449,120.689292879,2012-05-14 11:53:14
70,39.801173,116.809625,2008-09-28 07:55:59
22,39.94834,116.303179,2009-05-02 05:02:05
14,39.9750233,116.3190016,2009-03-18 08:29:54
39,39.893336,116.45359,2009-05-08 01:18:08
42,39.9075399,116.4529799,2009-03-23 13:07:54
85,39.981856,116.329392,2009-06-10 19:58:00
65,39.9739966666667,116.319031666667,2011-09-08 04:44:21
25,30.5240083,114.3309983,2009-05-14 07:58:17
81,40.066998,116.202073,2008-05-23 09:03:01
141,39.9891033333333,116.189845,2011-10-22 03:41:30
22,39.973556,116.334292,2009-04-13 01:27:32
4,40.009933,116.32262,2009-06-04 09:56:40
30,40.009595,116.314881,2009-04-02 11:37:31
40,39.95137,116.36192,2009-03-24 21:50:54
25,31.5901783,120.3249466,2009-01-18 04:47:45
26,39.873355,116.271462,2009-04-15 03:18:09
22,39.979594,116.29986,2009-02-20 07:47:54
15,39.890996,116.268224,2009-02-26 08:46:07
20,39.9776983333333,116.329276666667,2011-08-29 01:22:09
126,39.818322,119.48122,2008-06-09 04:10:43
126,39.743997,119.332162,2008-08-09 02:21:11
30,39.952694,116.802219,2009-05-01 11:35:25
68,39.98396,116.307224,2009-08-11 03:20:02
25,31.2409666,121.484515,2009-05-15 11:50:54
165,39.9768116666667,116.304745,2011-11-21 01:40:33
2,39.900609,116.369447,2008-11-12 12:02:57
29,39.940028,116.335893,2009-03-21 03:38:16
113,39.978687,116.32733,2010-05-19 01:24:49
30,39.992573,116.321165,2009-01-17 01:25:37
119,39.938934,116.483432,2008-08-19 05:38:15
82,40.053168,116.400041,2009-03-23 15:50:21
25,40.0828499,116.5877383,2009-06-07 01:58:22
153,39.970574,116.462654,2011-09-10 08:43:54
3,40.007963,116.319458,2009-03-13 20:32:37
24,39.996511,116.383743,2009-01-17 04:49:04
38,39.99928,116.3263666,2009-03-14 06:35:40
0,40.009624,116.323548,2009-05-12 10:00:46
64,39.966984,116.3814,2008-08-17 00:18:36
115,36.5577683,114.4558683,2008-09-12 16:49:51
13,39.966949,116.36619,2008-11-11 23:48:42
125,40.007123,116.321944,2008-05-23 15:38:26
30,39.839058,116.223866,2009-04-11 08:30:13
1,40.013802,116.306475,2008-12-13 23:22:46
74,27.9832583333333,115.62179,2012-01-28 12:42:38
37,39.97745,116.3074383,2009-03-02 03:27:02
3,39.997919,116.334817,2008-12-31 14:09:10
163,44.962227,-93.212464,2011-08-27 23:03:58
36,40.529671,116.78211,2009-02-11 00:49:40
11,39.9842133,116.3542899,2008-10-25 06:27:21
153,39.902339,116.368094,2010-02-19 08:13:30
153,39.9841649,116.3101949,2008-05-17 11:05:28
153,30.246933477,120.15968038,2011-12-12 15:44:00
35,39.977865,116.300533,2009-03-09 05:41:51
62,39.9914033,116.2938883,2008-12-13 03:44:53
25,39.9753433,116.3744066,2009-04-30 12:16:21
163,39.986067076,116.370261539,2011-11-29 17:51:50
71,43.0273766666667,124.271148333333,2012-01-02 08:25:02
22,39.973444,116.3339,2009-04-23 06:27:58
13,39.956154,116.412247,2008-11-01 02:42:53
85,39.899229,116.339893,2008-11-17 12:57:17
10,36.470689,102.452775,2008-09-29 10:25:56
128,40.0701583,116.3289166,2009-09-23 01:02:05
17,39.9616049,116.3823833,2009-03-30 03:51:13
10,39.134536,117.205034,2008-12-23 12:25:06
128,39.9575666,116.2875799,2010-02-04 12:34:41
126,39.986632,116.395142,2008-08-02 13:48:49
68,39.967805,116.434529,2008-11-02 09:35:02
59,39.9940366666667,116.188153333333,2011-03-12 03:18:59
12,39.987468,116.315652,2008-09-27 03:32:55
16,39.972669,116.339524,2008-10-31 14:30:51
33,39.980511,116.701048,2009-01-18 16:10:49
168,29.403219,113.1566,2009-09-30 18:52:03
52,40.000509,116.372536,2008-07-23 09:50:47
50,39.93499375,116.3044281,2009-08-19 08:40:10
26,40.025017,116.309196,2009-03-25 12:05:13
83,39.9757366,116.3308616,2009-01-14 20:25:30
95,39.974485,116.305746666667,2011-05-12 02:11:48
33,39.977514,116.583747,2009-01-15 11:54:40
12,31.321978,121.547365,2008-11-16 08:56:48
153,30.682768156,104.041333709,2011-10-03 09:20:35
85,39.88316,116.343771,2008-11-07 08:09:34
14,40.3404499,116.83636,2009-01-28 02:10:28
85,39.89781,116.34233,2008-11-12 04:09:50
122,39.968163,116.399699,2009-05-25 00:59:53
140,42.3597849,-71.0461816,2009-07-23 10:01:39
180,29.023543,115.805647,2009-05-29 18:01:58
26,39.927317,116.299883,2009-03-12 09:12:58
41,39.7194416,116.3388383,2009-05-23 06:36:27
3,40.007588,116.319991,2008-11-07 19:09:54
153,30.270772487,120.154463995,2011-11-01 19:52:05
167,39.817891,119.481663,2008-06-07 06:37:03
10,34.289223,117.209291,2008-06-19 02:06:21
50,39.9945449833333,116.199203483333,2009-08-24 22:16:36
163,39.974942,116.338262,2008-05-19 14:38:14
135,37.885645,114.511096,2009-01-24 11:15:31
104,39.9723883,116.3004349,2008-10-11 11:07:05
128,39.983235,116.26823,2009-12-22 08:01:12
50,39.908203125,116.405883789062,2009-08-22 16:52:48
14,40.1447966,116.5341449,2008-11-24 01:29:14
153,39.966036,116.354619,2008-10-25 11:21:23
153,39.966287,116.344443,2008-11-26 11:50:06
153,40.031036,116.425911,2011-09-28 09:22:34
30,39.918016,116.632572,2009-03-14 09:12:11
38,39.9822816,116.2944216,2009-07-10 11:19:42
65,39.9748666666667,116.309471666667,2011-10-14 01:13:18
65,39.9778916666667,116.33146,2011-09-08 14:28:27
62,39.9862033,116.3025266,2008-08-10 09:28:36
126,39.978835,116.327448,2009-02-04 05:02:59
41,39.8216766,116.3393299,2009-06-20 00:59:29
41,39.7259566,116.3241166,2009-07-10 02:54:26
14,39.9243516,116.3048083,2008-12-03 10:02:26
25,39.9962599,116.3092799,2009-03-31 12:25:54
10,39.316093,117.089868,2008-06-18 01:27:08
67,31.7105633333333,117.142403333333,2011-06-11 08:16:14
132,29.642567,121.57231,2010-02-19 13:25:15
85,40.030661,116.26691,2009-03-21 23:03:40
8,39.985361,116.371074,2008-11-14 07:07:54
37,39.94764,116.3897799,2009-04-18 05:08:48
10,20.776062,110.005253,2007-09-21 15:23:07
167,40.003209,116.318086,2008-10-13 04:05:01
163,23.517558005,120.808311626,2012-05-14 08:05:28
1,39.974542,116.332014,2008-11-05 12:06:25
142,1.282765,103.845085,2008-07-26 04:13:19
30,40.004141,116.324414,2009-02-17 04:00:10
153,39.99557,116.387266,2008-09-06 10:57:33
112,39.9735916,116.3275533,2008-05-30 17:49:13
65,39.962885,116.31871,2011-10-08 00:48:43
8,39.98162,116.328076,2008-11-14 11:13:00
167,39.977535,116.3276383,2008-04-08 01:27:09
22,46.635711,124.90193,2009-01-18 08:12:13
128,40.0765133,116.3261999,2008-08-17 14:57:20
163,33.738915,-118.090967,2010-11-07 13:54:02
82,40.069479,116.321837,2009-03-23 01:12:04
67,39.9754783333333,116.332821666667,2011-04-10 06:34:56
128,40.0250016,116.3450349,2008-10-22 12:34:11
128,39.9374283,116.4296016,2010-02-26 11:30:26
67,39.901569,116.389456,2011-03-12 11:37:42
153,47.754821,-122.185941,2010-11-11 04:18:26
122,39.971907,116.399596,2009-05-28 18:44:11
23,37.206947,114.501781,2009-02-13 01:10:27
153,40.027588,116.433595,2009-01-17 09:34:26
10,30.503,91.190004,2008-10-02 02:23:04
41,39.9395933,116.3042316,2009-05-11 22:05:59
7,39.975313,116.168062,2008-11-08 04:53:55
42,39.9100533,116.3078766,2009-02-21 13:07:34
126,39.955631,116.952397,2008-08-07 23:53:33
68,39.903877,116.422544,2009-08-24 04:09:15
160,13.382624,103.846498,2010-12-26 16:07:18
153,39.988063,116.431381,2009-08-29 03:31:39
153,41.903476,12.466317,2009-05-05 15:41:12
17,40.0138983,116.3410483,2009-01-16 07:57:31
163,39.594739,113.147318,2011-05-01 01:51:51
84,39.932139,116.431951,2008-10-14 00:37:00
8,39.980852,116.32732,2008-12-11 05:13:36
24,39.937145,116.189991,2009-05-21 03:35:07
67,39.97878,116.33265,2011-05-12 20:04:12
62,39.9702983,116.3129499,2008-12-09 08:57:55
128,39.8950266,116.5921883,2008-08-12 08:22:44
10,37.484074,116.239494,2008-06-20 04:51:28
35,39.981976,116.326285,2009-04-17 06:33:56
14,40.3397249,116.836195,2009-01-28 02:10:21
85,39.981189,116.328733,2008-12-12 09:48:56
131,39.9603233,116.3023666,2009-04-23 22:06:58
168,34.247471,108.151089,2011-07-31 02:15:30
17,40.0152833,116.3405816,2009-03-08 08:19:12
4,39.976131,116.333637,2009-01-19 12:31:03
25,39.99239,116.3096116,2009-03-09 11:26:12
103,39.9307483,116.2954183,2008-09-06 11:59:34
82,39.979486,116.332998,2009-03-18 14:08:27
140,39.987036,116.418584,2009-09-09 02:04:57
153,39.987396,116.433111,2010-10-04 10:02:56
25,39.9004533,116.4267,2009-02-07 01:49:05
153,41.303363,2.078492,2009-04-24 14:20:29
24,39.924055,116.310718,2009-01-22 04:51:29
38,39.96698,116.3143566,2009-02-22 04:02:31
3,39.990424,116.328136,2009-02-16 06:32:26
10,35.877313,94.368373,2008-10-02 12:39:28
24,39.919865,116.318574,2009-01-22 03:42:20
41,39.92204,116.2690599,2009-03-09 22:58:05
34,39.9435483,116.3499783,2009-03-13 03:22:15
3,40.008041,116.319259,2008-12-21 12:11:02
144,36.423028,101.064246,2009-07-05 08:25:04
14,40.1456766,116.5439432,2009-04-13 01:43:15
163,39.982067,116.310588,2011-05-07 08:03:43
30,39.97312,116.277985,2009-04-27 05:38:10
128,39.9274016,116.4709316,2008-05-13 14:32:19
158,31.301516,121.497197,2009-02-18 04:54:39
17,40.1046833,116.2841366,2008-12-05 08:58:47
163,39.897113,116.389524,2011-05-15 03:20:38
128,40.6348383,116.6974816,2009-06-14 05:51:26
25,31.5845049,120.3115283,2009-01-19 06:37:46
163,39.989604724,116.394525376,2011-11-16 08:42:42
153,39.986569,116.388096,2011-04-10 12:51:58
30,40.010078,116.322601,2009-04-29 03:59:07
24,40.064157,116.566131,2009-03-21 01:46:20
89,39.9946216,116.0348616,2008-05-01 03:58:27
50,39.9570884666667,116.275413516667,2009-08-19 09:17:26
153,39.989069,116.447725,2009-12-22 10:09:09
17,40.5377433,117.1119816,2009-06-14 10:42:06
167,39.990463,116.326559,2008-10-07 04:38:29
62,39.9872683,116.3955616,2008-09-08 05:33:21
50,39.9926033,116.181900016667,2009-08-18 04:02:22
30,39.974468,116.307573,2009-02-14 12:12:51
68,39.959668,116.412009,2009-07-11 01:53:33
37,39.8846933,116.26849,2009-02-24 04:02:37
3,40.006646,116.323043,2009-02-16 17:33:22
29,39.855705,116.406708,2009-01-31 23:37:23
5,40.011777,116.321013,2008-10-28 00:31:56
35,40.01332,116.2971,2009-04-05 14:15:41
67,23.010273,113.73508,2011-02-01 17:37:19
65,39.910685,116.427878333333,2011-10-18 10:26:47
30,39.945617,116.795619,2009-04-26 04:20:20
11,39.974395,116.3014866,2008-10-11 06:33:08
163,24.484632504,118.120697015,2011-12-20 14:40:57
3,32.096306,120.761709,2009-01-30 11:38:35
0,39.996495,116.32055,2009-04-25 04:55:52
128,40.3546199,116.0052266,2008-05-18 03:53:16
147,39.978643,116.304009,2011-04-29 10:23:57
35,39.939045,116.357247,2009-04-04 03:03:33
18,39.9135166,116.3967283,2008-12-11 12:09:20
68,39.985075,116.418211,2009-05-21 10:47:18
115,39.9853516,116.3317283,2008-05-08 23:53:32
144,39.9233966,116.1550833,2008-05-01 03:17:47
22,39.973353,116.333895,2009-06-10 07:51:22
140,39.9888133,116.4799416,2008-10-25 09:11:11
52,39.968414,116.313302,2008-10-12 08:39:44
78,39.975005,116.327846,2008-07-23 14:56:27
25,31.3269499,121.7481616,2009-05-15 05:34:16
68,39.987728,116.41384,2009-07-09 09:15:00
85,39.94534,116.35053,2008-10-31 08:59:24
41,39.6784516,116.305155,2009-05-03 08:15:52
153,39.896662,116.391798,2009-08-01 08:37:23
144,40.0431116,116.4066916,2008-11-09 12:19:15
85,39.987475,116.304008,2008-10-20 05:42:04
36,39.917087,116.407073,2009-07-08 09:02:02
68,39.976053,116.41833,2009-06-16 00:26:52
62,39.9442033,116.340695,2008-08-26 05:11:03
25,39.9851216,116.3447183,2009-04-30 11:06:56
141,39.9768566666667,116.32887,2011-10-11 11:57:52
20,39.978115,116.3316,2011-08-28 18:18:18
22,40.073556,116.359694,2009-05-12 13:04:22
68,39.971382,116.418588,2009-07-03 07:53:22
25,39.2035766,117.1732016,2009-01-12 01:26:03
128,39.98007,116.3099483,2009-03-29 08:02:16
28,39.928547,116.157802,2009-03-18 22:41:49
153,39.976425,116.445509,2010-05-19 00:03:39
153,39.992042,116.456754,2011-09-15 09:51:32
34,39.9140133,116.3388633,2009-03-23 03:44:37
40,39.919682,116.340534,2009-03-07 06:13:16
36,39.967658,116.409789,2009-07-08 07:14:29
5,39.976464,116.336821,2008-11-07 15:40:02
153,39.9376549,116.3388783,2009-01-01 08:14:52
41,39.8666566,116.3142683,2009-07-01 10:29:55
75,39.9756116666667,116.326375,2011-08-27 14:34:23
95,39.9771083333333,116.307255,2011-05-01 04:09:52
153,32.873203,-117.229199,2011-08-17 22:07:27
25,39.6530533,116.4265633,2009-05-20 03:05:10
68,39.970275,116.418869,2009-04-01 11:19:18
22,40.01875,116.319275,2009-06-27 08:30:59
30,40.00863,116.317729,2009-05-17 13:54:03
128,39.9234166,116.16237,2009-07-04 05:42:06
179,39.988719,116.32668,2008-09-14 02:20:14
128,40.0764366,116.3272949,2008-12-17 01:43:12
141,40.3587866666667,115.981413333333,2011-10-23 02:19:40
153,43.768765,125.443622,2010-03-20 01:39:35
124,31.790571,91.554963,2008-10-01 04:41:38
62,39.9477116,116.3711333,2008-10-05 10:32:35
84,39.904345,116.238116,2009-05-15 22:36:08
140,43.5973116,116.1363216,2009-07-02 10:08:51
67,39.9776633333333,116.303508333333,2011-04-11 11:04:22
163,39.986253931,116.366295831,2011-12-26 09:03:29
34,40.0319516,116.3505216,2009-02-28 00:46:30
30,40.00535,116.322655,2009-07-03 04:38:37
29,39.928706,116.337588,2009-01-16 13:38:20
5,40.000685,116.326869,2009-01-14 09:57:35
123,34.271248,108.934174,2009-09-23 17:07:58
41,39.9374616,116.3210849,2009-04-18 08:45:42
25,39.9660666,116.3278433,2009-05-31 00:11:10
39,39.973864,116.363594,2009-03-19 00:14:00
36,39.875331,116.454974,2009-02-18 07:48:17
34,40.0333349,116.3499449,2009-04-02 10:17:05
10,39.128649,117.223633,2008-06-28 07:15:00
52,39.984029,116.35254,2008-05-25 18:14:29
144,35.106576,93.042485,2009-07-07 03:41:22
4,40.004521,116.324283,2008-10-25 10:33:11
12,39.988067,116.316706,2008-11-13 10:23:40
22,39.819829,116.281647,2009-05-02 15:42:43
112,39.9755233,116.3287683,2008-06-06 17:35:38
128,39.7890449,119.4235383,2008-08-09 13:35:04
144,37.8187783,112.1753299,2009-01-23 06:38:28
153,40.051855,116.613822,2011-03-07 01:36:25
124,35.403249,93.554066,2008-10-02 11:25:31
65,39.98418,116.31759,2011-09-18 08:26:03
163,39.985447044,116.342385699,2012-01-04 09:23:00
14,39.9894833,116.3714583,2008-12-17 10:56:03
122,39.989159,116.300896,2009-09-17 19:20:21
27,39.95042,116.317293,2009-01-13 10:45:55
126,39.960772,116.416913,2008-07-06 12:11:24
124,37.014419,95.415189,2008-10-02 15:18:13
17,40.5023266,117.064225,2009-01-24 02:28:37
153,30.250768798,120.180467186,2011-11-26 09:39:02
78,39.973016,116.327415,2008-08-07 00:57:53
58,39.9751,116.318293333333,2011-08-30 00:31:15
42,40.0108266,116.5067666,2009-05-07 09:22:24
126,39.987146,116.381806,2008-08-03 12:53:40
74,39.9747083333333,116.306595,2012-03-03 03:27:17
84,39.931994,116.383682,2008-08-01 01:00:13
128,39.9669483,116.3827999,2009-03-29 07:14:43
128,39.94735,116.3756899,2010-08-22 02:28:01
123,34.263599,108.938923,2009-09-24 22:17:39
33,39.980513,116.701045,2009-01-18 14:56:39
20,39.9761283333333,116.33174,2011-08-28 15:01:09
167,39.9749,116.418453,2008-07-06 06:24:49
125,40.089125,116.276523,2008-05-23 09:16:44
142,39.9844,116.313932,2008-12-26 07:57:54
12,38.310947,116.873485,2008-11-14 14:43:02
68,39.962862,116.418672,2009-08-07 02:48:55
35,40.013687,116.298022,2009-04-05 10:21:51
41,39.8964966,116.25875,2009-07-07 10:02:47
62,40.0053833,116.3170133,2008-09-05 02:47:58
167,39.960444,116.418877,2008-07-19 11:41:17
128,40.0270783,116.3433266,2010-12-25 06:49:45
153,39.966345,116.345935,2010-03-27 08:57:58
135,29.718297,113.90933,2009-01-24 21:23:22
17,40.0211366,116.3448,2009-01-22 15:17:32
28,39.975073,116.329994,2009-02-02 23:58:23
85,39.9755383,116.3396933,2008-09-02 23:05:34
14,39.99735,116.3742466,2008-11-22 08:11:30
85,39.964593,116.301934,2008-05-05 23:11:10
144,8.132104,98.34037,2009-03-22 08:05:04
10,45.482177,127.066182,2007-08-05 11:13:56
28,39.923428,116.202294,2009-02-09 23:02:26
3,39.991909,116.328628,2009-01-13 14:37:07
17,40.0218083,116.361105,2009-04-19 05:40:04
41,39.7765133,116.2683033,2009-05-16 03:53:19
0,39.976126,116.32807,2008-11-10 03:33:42
163,39.870887,116.347991,2011-02-02 04:54:13
84,39.986919,116.392597,2008-09-18 11:34:52
82,40.05155,116.404364,2009-03-09 12:57:40
128,40.1695233,116.6676849,2008-08-15 06:27:02
95,40.03141,116.314252,2011-03-07 08:30:24
168,39.981097,116.302293,2011-08-03 02:32:51
81,40.006897,116.322138,2008-05-23 15:39:46
12,32.175415,119.245186,2008-11-14 22:52:22
30,39.965302,116.315347,2009-07-23 09:20:45
22,39.968724,116.312026,2009-02-16 09:01:45
0,39.930125,116.743088,2009-04-26 07:14:00
37,39.9900166,116.4150783,2009-03-26 02:00:54
167,39.816315,119.499406,2008-06-08 03:27:58
41,39.8293749,116.2865483,2009-04-26 02:18:46
17,39.922515,116.3572899,2008-12-24 08:06:55
65,39.9785383333333,116.305393333333,2011-10-24 01:44:26
10,25.173673,101.746503,2007-10-27 02:23:16
68,39.973455,116.418317,2009-08-18 01:39:15
74,33.8795733333333,115.801388333333,2012-01-28 21:56:29
14,39.9862433,116.3704666,2009-02-10 00:18:34
89,39.9850183,116.3278933,2008-05-09 04:40:30
68,39.988039,116.402182,2008-11-30 03:00:46
167,39.965556,116.347195,2008-04-26 05:30:26
22,46.596053,125.029677,2009-01-16 23:38:35
20,39.9781483333333,116.331175,2011-08-28 18:31:48
88,39.9803316,116.3560383,2008-10-11 09:00:47
23,26.840303,112.356886,2009-01-17 10:12:19
36,37.079717,115.680809,2009-02-05 03:12:52
41,39.8275416,116.3393449,2009-05-02 03:04:26
68,39.956706,116.286215,2009-08-20 09:29:45
50,39.9845924377441,116.363166809082,2009-08-08 15:15:18
167,39.969275,116.419849,2008-05-31 03:43:04
153,39.926294,116.471656,2009-06-03 10:20:56
17,40.9308866,117.3278199,2009-01-24 04:25:30
169,39.98283,116.381487,2010-05-28 11:15:17
30,40.00481,116.318892,2009-04-30 09:14:16
68,39.955647,116.418763,2008-12-11 08:48:55
30,39.951384,116.799747,2009-01-31 05:16:53
65,39.965095879,116.314441514,2011-08-05 19:09:08
128,39.9839616,116.332315,2009-01-13 23:53:18
30,39.920622,116.633581,2009-04-25 12:53:10
2,39.936769,116.321899,2009-03-07 08:40:39
67,39.978535,116.332606666667,2011-04-18 13:36:22
8,39.97386,116.346776,2008-12-10 07:27:22
10,37.019274,98.794815,2008-10-02 20:11:18
10,33.411075,117.214071,2008-12-19 22:26:08
22,39.973429,116.333939,2009-07-13 04:28:26
51,33.4475416,115.8067199,2008-02-20 01:30:24
65,39.98442,116.322823333333,2011-09-18 08:27:59
68,39.99008,116.417786,2009-03-31 14:31:42
4,40.000623,116.32697,2009-04-25 06:20:28
68,39.987956,116.401388,2009-06-09 13:44:55
128,40.3043216,116.3315,2009-05-03 03:17:51
39,39.979275,116.769058,2009-05-29 01:41:32
68,39.98465,116.418141,2009-06-18 14:04:16
153,39.964173,116.378957,2008-09-16 06:16:43
153,24.542927442,117.61841958,2011-12-19 09:14:53
153,30.276248615,120.175232721,2011-12-02 17:37:25
68,40.082158,116.30089,2009-08-11 02:32:29
40,39.951481,116.361871,2009-03-25 19:15:48
50,37.7161178588867,114.56428527832,2009-08-25 18:18:43
30,39.942106,116.793997,2009-05-24 10:41:22
71,39.9809633333333,116.324641666667,2012-03-20 10:43:14
82,39.958042,116.403091,2009-03-07 13:29:38
144,5.155278,100.425313,2009-03-21 09:28:23
153,39.985898,116.449729,2010-12-16 10:22:02
141,39.9938383333333,116.305718333333,2011-09-02 10:48:24
144,40.0204316,116.4314816,2009-02-14 13:42:29
179,40.074437,116.335817,2008-09-07 09:58:43
92,40.0307249,116.4093533,2008-08-17 11:09:22
25,39.9506266,116.3728333,2009-04-01 15:46:17
38,39.968175,116.3136849,2009-03-06 05:02:46
30,40.000382,116.327042,2009-05-13 02:21:26
82,40.052888,116.398745,2009-03-30 23:02:23
153,39.931197,116.364094,2008-08-14 12:32:32
163,39.985102,116.450884,2011-02-09 09:56:11
163,39.9764333333333,116.330566666667,2007-10-23 00:57:32
74,39.974705,116.308621666667,2012-01-12 00:56:31
163,39.995375,116.445733,2010-06-15 10:14:02
96,39.97711,116.332296,2008-07-15 03:11:57
163,39.918208864,116.35011716,2012-01-19 18:09:45
153,39.907258,116.47154,2009-08-21 12:51:22
96,40.007302,116.319256,2008-11-01 05:22:41
153,39.9435966,116.4681233,2008-05-16 01:03:44
25,31.3007816,121.2052249,2009-05-17 12:37:21
144,36.210651,94.786765,2009-07-06 23:45:08
74,39.9756216666667,116.329316666667,2012-02-22 12:48:38
84,39.923282,116.16347,2008-09-14 01:09:39
68,40.000773,116.40646,2008-10-20 03:14:02
84,39.98069,116.327917,2008-10-19 12:29:24
153,39.965642,116.318221,2009-07-18 04:02:15
85,39.980995,116.32921,2008-11-10 07:36:17
130,40.005614,116.342162,2009-09-10 02:23:09
42,39.9059716,116.3804249,2009-02-26 02:24:31
10,39.998003,116.331463,2008-11-08 11:06:07
141,40.0161183333333,116.387735,2011-09-10 07:11:21
4,39.975811,116.327404,2008-12-18 10:32:15
95,39.9752966666667,116.329193333333,2011-05-02 16:08:53
74,39.9751833333333,116.320413333333,2012-03-07 00:52:22
2,37.434666,110.925248,2009-01-29 12:36:52
14,39.977225,116.2828816,2008-12-18 13:44:05
41,40.3590399,116.4617466,2009-05-16 01:05:52
17,39.9848399,116.3251549,2009-06-17 13:20:16
96,40.049693,116.301224,2008-07-19 09:00:54
3,40.00772,116.31979,2008-11-07 22:15:54
124,34.55871,92.732756,2008-10-01 00:35:49
119,39.957702,116.483507,2008-08-19 05:33:05
85,39.954371,116.329235,2008-10-28 03:12:59
41,39.9859033,116.3562766,2009-07-08 01:47:32
153,39.895454,116.310893,2011-01-22 02:04:15
65,39.974958,116.333097,2009-09-26 13:20:26
142,39.976909,116.327775,2010-05-28 02:22:31
58,39.9712833333333,116.460683333333,2007-05-26 03:43:57
163,24.782454336,121.034354305,2012-05-14 15:24:15
50,39.9970321655273,116.301696777344,2009-08-17 14:51:28
2,39.906126,116.347261,2009-02-27 14:18:31
11,39.9385549,116.3665049,2008-11-21 11:35:23
153,39.986158,116.458555,2011-09-16 11:27:30
141,39.9755966666667,116.299253333333,2011-09-18 09:51:46
163,34.822917,113.606121,2008-05-01 09:26:34
168,27.151897,112.005151,2009-10-02 07:21:43
7,40.043674,116.253007,2008-11-04 03:53:37
30,40.009737,116.322592,2009-05-05 10:17:23
68,39.970716,116.418708,2009-04-21 03:45:55
11,39.9459116,116.3507383,2008-11-10 08:20:14
84,39.996311,116.273336,2008-09-13 07:39:45
153,39.903975,116.471149,2008-10-04 04:56:31
3,39.935604,116.366532,2009-02-27 06:01:11
82,40.052087,116.400887,2009-03-10 17:19:25
10,41.982782,86.436765,2008-04-03 19:47:38
14,39.8374199,116.2804766,2008-11-09 02:01:11
2,39.926303,116.337896,2008-11-13 11:50:08
17,39.9445416,116.3572566,2009-06-16 07:16:19
38,39.9703083,116.3092683,2009-03-08 03:37:07
10,34.729448,112.791351,2008-09-28 20:13:17
10,31.573173,91.850918,2008-10-01 05:19:50
153,39.999622504,116.456861352,2011-10-10 17:36:29
40,39.895772,116.39176,2009-02-09 06:17:13
141,39.9666716666667,116.338885,2011-09-25 07:18:38
68,39.978221,116.416893,2008-10-09 08:59:17
68,40.061033,116.427196,2008-11-05 02:33:29
41,39.860015,116.2590766,2009-06-22 06:49:06
30,39.948784,116.457382,2009-06-11 06:40:30
67,39.9507383333333,119.734955,2011-06-06 05:34:48
68,40.032112,116.340097,2008-11-30 03:29:16
112,39.9894949,116.4013766,2008-05-18 01:21:55
179,40.0716,116.309872,2008-10-21 11:32:30
84,39.934977,116.430312,2009-04-11 02:55:10
141,39.9969066666667,116.385406666667,2011-09-10 05:55:56
68,40.034817,116.302708,2009-07-11 10:35:02
30,39.900674,116.268026,2009-04-12 13:35:10
128,40.3343783,115.9765716,2009-04-04 03:55:38
3,40.009574,116.316098,2009-04-29 11:13:42
34,39.9989833,116.3585666,2009-04-03 02:59:52
14,39.9852999,116.34164,2008-10-29 12:20:33
27,33.31218,116.298679,2009-01-22 05:21:13
153,39.921752,116.471879,2009-10-02 02:10:23
84,39.881798,116.438603,2009-05-16 13:11:42
140,43.2417649,117.5335666,2009-06-29 17:18:17
163,37.351008,-121.91597,2010-11-03 16:47:08
167,39.998299,116.326244,2009-01-18 14:33:48
82,47.04358,-122.295423,2008-08-16 15:35:51
115,40.0045016,116.3607266,2008-05-29 10:31:05
68,39.968926,116.419497,2009-04-08 00:35:49
125,40.008847,116.377437,2008-08-20 03:55:55
17,39.9128783,116.48359,2009-06-08 02:24:15
153,39.906951,116.459537,2009-10-02 02:36:05
44,40.079102,116.325269,2009-04-11 12:48:01
128,39.7951116,119.41727,2008-08-09 11:53:16
10,38.069362,114.483818,2007-10-22 02:23:55
41,39.869545,116.37656,2009-06-25 01:28:20
3,39.997164,116.325428,2009-02-28 05:34:49
153,40.021303,116.411283,2010-05-31 03:27:42
84,39.947734,116.398489,2009-05-23 01:40:49
168,40.117033,116.465782,2011-05-29 01:04:17
153,39.987496,116.431477,2009-09-26 08:30:15
163,23.450745039,120.484853105,2012-05-14 13:37:03
62,39.9872666,116.3032116,2008-12-04 09:15:59
30,39.906667,116.606581,2009-05-24 11:06:56
1,39.98047,116.330688,2008-11-07 16:17:47
0,39.999972,116.327511,2009-06-11 14:02:48
10,29.54758,119.286797,2007-12-31 14:55:22
126,39.894623,116.39178,2008-10-18 11:24:49
68,39.939363,116.309383,2009-07-12 10:13:09
153,39.956635,116.426645,2010-04-22 01:50:11
10,34.521611,110.044381,2008-09-28 23:40:09
13,39.966677,116.373605,2008-12-04 09:41:28
2,39.899259,116.385263,2009-01-09 06:56:54
89,39.9871416,116.3960716,2008-05-07 00:33:59
25,30.9504866,116.0434566,2009-05-15 04:44:45
96,39.99852,116.311589,2008-10-26 05:42:21
144,39.9063816,116.3989433,2008-10-03 11:07:17
141,39.9797066666667,116.32167,2011-09-26 00:25:45
128,39.99003,116.1699749,2010-01-09 07:11:50
36,36.210835,115.828626,2009-02-05 02:11:59
7,39.980286,116.344171,2008-11-10 01:01:49
153,30.53479339,120.446295625,2011-11-26 20:21:16
41,39.8594533,116.2584033,2009-03-30 08:12:48
167,41.93337,117.754394,2008-05-01 08:04:55
125,39.907595,116.338049,2008-05-24 03:50:40
3,40.009839,116.322518,2009-03-26 10:13:02
30,40.007631,116.317695,2009-07-15 04:48:23
20,39.9746133333333,116.321193333333,2011-12-06 15:01:39
126,39.982408,116.444013,2008-08-16 10:28:13
10,32.003941,119.586729,2008-12-20 06:09:58
85,40.069324,116.3285,2009-09-22 11:43:02
17,40.0116916,116.3459799,2009-02-08 07:52:37
82,39.97527,116.33172,2009-05-10 13:12:29
155,39.845238,116.42223,2009-07-13 10:16:14
92,40.0486316,116.2298499,2008-07-15 13:16:46
119,40.066632,116.407856,2008-09-07 09:33:57
50,39.9654083251953,116.315330505371,2009-08-07 11:40:24
163,39.9743266,116.3113099,2008-06-28 02:23:03
168,40.034133,116.404818,2011-08-16 12:44:16
68,39.969216,116.419692,2008-11-13 01:22:20
128,40.0695766,116.3192566,2008-04-29 01:39:26
88,39.9608216,116.3490583,2008-09-27 12:53:25
153,25.586117,110.07004,2010-12-25 09:00:30
26,39.966057,116.329555,2009-01-17 09:15:54
42,30.7970433,106.0692516,2008-11-07 10:11:32
153,40.293817,116.011148,2010-05-16 09:41:31
167,39.97492,116.312428,2008-07-15 04:04:28
68,39.96767,116.418699,2009-03-07 07:17:10
179,40.038662,116.333698,2008-11-07 09:39:20
42,39.7961383,116.340665,2009-02-19 04:17:04
29,39.939121,116.334275,2009-03-21 03:08:49
17,39.9229299,116.2562583,2008-12-12 05:50:42
12,40.261541,117.233768,2008-10-25 02:28:57
9,40.002894,116.344123,2008-11-14 15:45:06
23,26.892147,112.627166,2009-02-12 11:26:11
41,39.8635182,116.3069716,2009-03-21 07:04:57
153,48.871456,2.343147,2009-04-28 17:38:19
37,40.0671516,117.1842299,2009-04-02 07:11:31
117,40.0694666666667,116.329783333333,2007-06-25 01:34:20
65,39.9657666666667,116.32175,2011-09-17 03:55:16
84,39.937365,116.42795,2009-05-05 15:28:25
119,39.953949,116.493178,2008-09-22 15:42:43
129,39.968013,116.314081,2008-05-27 06:45:00
10,39.991775,116.326138,2008-11-07 05:18:55
68,39.969172,116.418711,2008-09-15 06:08:36
7,40.090639,116.096033,2008-11-19 07:56:42
25,40.035905,116.3038016,2009-03-17 04:50:33
128,40.1174033,116.4417816,2010-06-13 01:22:16
167,39.989357,116.326975,2008-10-19 14:46:44
7,40.088015,116.104002,2008-11-04 07:39:16
10,39.852573,116.347495,2008-12-20 22:37:04
125,40.007142,116.322181,2008-09-16 15:35:15
169,39.966328,116.372526,2010-05-28 11:02:06
141,39.9773633333333,116.333718333333,2011-09-09 12:08:27
65,39.8576783333333,116.441625,2011-08-30 11:14:59
17,39.9680083,116.3881783,2008-12-17 00:24:13
167,39.97533,116.328789,2008-05-18 14:30:02
41,40.1661649,116.176345,2009-06-27 03:49:03
140,39.7582082,117.7257016,2008-10-12 10:36:55
14,40.049285,116.4765449,2008-10-20 11:01:11
2,39.926171,116.337385,2008-10-30 14:00:54
68,39.951483,116.419128,2009-08-24 01:52:27
128,39.878205,116.4731249,2008-12-14 07:35:38
153,39.984015,116.454141,2010-09-04 10:02:39
125,39.9828533,116.2993066,2008-07-19 11:54:00
50,39.996082,116.292539,2009-07-24 10:22:15
163,39.927225,116.349852,2011-02-08 09:07:12
144,7.914103,98.39321,2009-03-22 02:02:15
67,23.018435,113.765095,2011-02-07 16:52:59
126,39.992277,116.32662,2008-11-01 04:40:00
14,40.3478483,116.8388383,2009-01-28 02:11:27
26,39.267247,115.793247,2009-01-19 04:11:45
84,39.932143,116.396832,2008-08-20 12:01:24
71,43.8644866666667,125.272898333333,2011-12-31 23:23:11
65,39.9660066666667,116.31476,2011-09-29 14:12:05
128,26.3406049,116.3457699,2010-02-13 04:10:27
25,39.9844033,116.3252216,2009-04-01 02:43:19
84,40.042707,116.574336,2008-08-31 08:47:22
128,39.9158166,116.4757066,2009-01-02 04:40:31
3,39.999552,116.317931,2008-12-08 06:07:10
39,40.072104,116.41624,2009-05-25 14:39:40
36,40.541855,116.799821,2009-02-12 03:29:12
42,39.9081683,116.4546599,2009-02-12 02:28:13
17,39.9929266,116.346845,2009-04-20 00:04:34
163,32.978799,114.037397,2008-05-04 01:23:52
163,42.398313,117.323543,2010-08-08 05:23:44
38,39.9686066,116.3033233,2009-02-17 11:56:15
3,39.995099,116.328412,2009-03-13 11:31:46
128,40.0706133,116.3288516,2010-04-28 13:17:01
35,39.976057,116.300667,2009-04-07 06:54:46
144,36.62428,101.792781,2009-07-04 13:50:46
153,40.049356199,116.420562523,2012-03-03 17:08:09
65,39.9660683333333,116.32812,2011-10-15 01:50:23
169,40.046137,116.400499,2010-05-12 11:17:51
172,60.1176399,-149.436805,2008-06-27 19:30:35
163,22.99705442,120.202361219,2012-05-12 19:49:12
24,40.385074,115.895311,2009-01-29 11:05:39
35,39.990371,116.330108,2009-03-04 12:56:33
153,39.966735,116.432852,2009-07-09 01:10:07
128,28.6118299,115.91984,2010-09-28 06:35:46
17,39.5195933,116.7039283,2009-05-28 06:29:49
30,40.051857,116.300066,2009-06-14 07:58:51
153,39.972999501,116.44301187,2012-02-10 20:13:44
165,39.9664516666667,116.325943333333,2011-11-19 07:06:51
4,31.231239,121.470292,2009-05-23 03:15:46
39,39.891884,116.45487,2009-06-03 09:46:30
142,47.630972,-122.136,2008-04-28 06:49:29
179,39.991483,116.329199,2008-10-21 11:05:36
168,39.985653,116.346762,2011-06-28 23:22:41
20,39.9770266666667,116.331668333333,2011-10-25 14:34:03
25,31.5839116,120.3588433,2009-01-21 08:50:40
96,39.999498,116.327638,2008-10-06 14:14:01
12,35.080007,117.147598,2008-11-16 19:19:44
153,40.018169,116.419559,2009-11-13 09:58:30
74,39.9765633333333,116.304801666667,2012-03-13 01:15:09
17,39.9669216,116.4106633,2009-02-18 04:00:56
50,39.9589653,116.271636966667,2009-08-10 09:15:17
128,40.0697066,116.3137716,2010-08-09 01:22:17
9,39.995765,116.328288,2008-11-07 10:03:39
126,39.815348,119.514778,2008-06-08 03:53:40
25,32.1932066,118.4643633,2009-01-12 10:24:38
41,40.0221199,116.2817733,2009-06-03 22:41:10
30,40.009627,116.316143,2009-05-12 01:34:19
103,39.9309083,116.3165016,2008-09-05 10:20:45
10,37.779798,113.710592,2007-10-18 03:55:34
22,39.97332,116.334306,2009-04-13 06:02:17
153,39.972283,116.441952,2011-02-21 00:05:09
135,39.968773,116.398892,2009-01-03 02:17:30
169,39.96855,116.3742,2010-06-04 01:47:07
55,39.974356604,116.331121791,2011-08-10 03:41:04
68,39.96811,116.418837,2008-11-24 08:13:24
112,39.975025,116.3187316,2008-05-17 07:34:44
13,39.975364,116.372486,2009-01-20 09:26:31
12,41.924703,124.192201,2008-09-29 20:22:50
85,39.973531,116.418416,2008-07-22 23:58:06
17,39.9279233,116.3496849,2008-11-14 02:32:01
65,39.97422,116.302201666667,2011-09-07 12:53:41
62,39.9865466,116.3015733,2008-11-06 09:47:53
25,39.9913466,116.3002983,2009-04-22 02:26:36
43,39.944332,116.31627,2009-02-15 06:31:36
10,39.860261,116.367578,2008-06-17 11:17:45
128,40.0312666666667,116.410216666667,2007-07-22 09:22:43
67,39.97863,116.332838333333,2011-04-12 20:37:43
17,39.9263133,116.3433399,2009-05-25 04:24:34
167,39.98833,116.326768,2008-11-18 05:38:14
30,40.008186,116.318244,2009-04-06 21:51:37
153,39.985752,116.449807,2009-09-06 11:30:29
38,39.9687366,116.3089766,2009-03-09 02:22:01
30,40.009669,116.314779,2009-02-01 17:39:21
153,39.908937068,116.363325418,2012-05-01 17:08:01
10,39.853783,116.358414,2008-09-19 00:30:12
10,39.736303,116.308987,2007-09-10 08:36:01
7,40.087505,116.104056,2008-11-04 08:20:45
10,39.884219,116.368354,2008-10-06 00:29:04
10,42.949287,89.16666,2008-04-04 05:02:33
22,39.987587,116.309635,2009-02-21 09:43:05
144,41.7773283,123.1417883,2009-01-03 18:54:39
153,39.9062783,116.3039666,2008-05-01 03:56:50
65,39.9645166666667,116.324558333333,2011-10-15 02:54:32
65,39.9664016666667,116.320491666667,2011-09-07 10:55:58
85,39.866619,116.347377,2008-12-02 11:43:33
167,39.915656,116.707405,2008-06-07 01:10:39
62,39.8215749,119.4782166,2008-09-02 05:25:43
25,39.9816199,116.3104833,2009-06-03 04:13:42
37,39.9476666,116.4091633,2009-04-16 06:51:24
39,40.375248,116.674396,2009-06-05 03:26:34
0,40.00038,116.324456,2009-04-16 08:48:37
163,39.983632,116.450861,2011-01-22 04:33:28
43,39.779623,116.535546,2009-06-17 02:05:09
165,39.9915266666667,116.328223333333,2011-11-19 02:10:06
89,39.9855833,116.3516366,2008-05-09 11:38:58
23,22.82877,108.310935,2009-02-12 00:14:07
144,39.9683733,116.426365,2009-01-08 09:37:56
68,39.883373,116.443545,2009-08-24 03:46:27
38,39.9092783,116.4636866,2009-02-07 14:16:09
65,39.972808222,116.312298424,2011-08-10 22:34:55
25,39.97909,116.3102783,2009-04-06 10:29:02
68,39.996584,116.416999,2009-05-19 14:54:25
163,48.855202,2.346913,2009-04-26 12:45:30
7,39.982119,116.345676,2008-12-07 12:38:08
167,40.00135,116.318768,2008-10-16 03:14:02
17,39.9847449,116.3194416,2008-12-22 00:29:00
30,40.007768,116.321302,2009-07-27 04:33:42
163,24.44491836,118.062476195,2011-12-18 13:04:08
83,39.9742666,116.3324299,2009-01-14 20:06:39
74,25.19442,116.478466666667,2012-01-19 07:57:39
52,39.985377,116.352959,2008-06-07 22:41:54
52,39.99155,116.401469,2008-08-20 00:12:12
168,34.440469,107.899234,2011-07-31 04:08:55
26,37.811721,112.583147,2009-02-05 12:46:10
68,39.972061,116.312474,2009-07-05 11:43:54
126,39.9695866,116.4210266,2008-06-05 08:08:24
46,39.15342,117.180123,2009-10-04 02:37:35
167,39.9894499,116.3267283,2008-03-31 10:39:23
36,23.027148,115.959058,2009-02-01 23:59:10
62,39.9881816,116.3029233,2008-10-30 03:06:00
52,39.906433,116.261425,2008-06-03 04:05:14
13,40.165899,116.130871,2008-10-27 22:17:07
144,17.54703,113.735458,2009-03-25 19:52:57
4,39.936072,116.42605,2008-12-10 08:42:38
17,39.94686,116.3649699,2008-12-24 08:51:15
52,39.985925,116.349091,2008-05-21 03:25:32
65,39.9609333333333,116.441468333333,2011-08-30 12:50:42
144,40.0280666,116.4309349,2009-03-12 10:46:39
10,35.732036,94.244363,2008-09-30 22:01:50
67,39.576745,116.019743333333,2011-05-22 22:26:01
42,39.8990233,116.4558883,2009-01-31 04:33:40
30,40.005318,116.317866,2009-07-15 01:03:35
1,40.016084,116.310513,2008-10-26 23:53:57
153,40.020132703,116.442679982,2011-10-08 17:14:20
14,39.9846999,116.3309633,2009-04-03 12:47:02
41,39.8872833,116.4552666,2009-06-03 11:27:42
153,30.249741988,120.167714718,2011-10-31 14:39:05
39,40.071947,116.416308,2009-05-25 12:57:10
163,40.007288,116.197512,2010-04-18 06:54:53
38,39.9945466,116.199165,2009-07-20 13:39:07
153,39.893555,116.368279,2008-11-24 08:41:42
142,39.9692,116.327772,2010-06-18 11:16:26
7,39.980446,116.339141,2008-12-10 10:56:04
26,38.066562,114.407806,2009-01-19 06:22:48
74,39.9753316666667,116.324816666667,2012-01-13 00:32:31
52,39.90629,116.244721,2008-06-05 09:46:11
153,39.998167,116.495675,2008-11-29 09:10:28
22,46.620836,124.916923,2009-01-16 17:36:03
68,39.995124,116.401223,2009-04-25 05:25:49
78,39.826711,119.514674,2008-07-25 15:16:50
165,39.9797583333333,116.309191666667,2011-11-19 08:20:48
66,39.921995,116.335222,2009-08-20 12:07:22
30,40.008867,116.319756,2009-04-09 03:25:30
17,39.8957716,116.2249633,2009-04-21 02:44:55
144,39.7770883,118.0523583,2008-09-30 21:49:30
3,39.935449,116.32213,2008-12-03 03:26:47
30,39.942752,116.783725,2009-04-06 03:31:13
37,39.9810983,116.3018866,2009-03-17 07:56:52
163,39.979601151,116.3035293,2012-02-15 08:44:56
10,39.650795,116.791498,2008-09-26 23:44:47
12,31.069334,121.396983,2008-11-15 02:57:29
163,26.895904,112.596429,2009-01-25 06:37:41
84,40.018703,115.494976,2008-09-14 03:48:49
22,40.057995,116.403825,2009-07-19 22:04:53
153,39.986216,116.44918,2009-09-26 10:13:05
153,39.870882,116.454614,2009-09-13 02:23:44
25,33.8664699,117.0191216,2009-01-12 08:09:24
39,39.88956,116.454846,2009-06-17 10:41:17
3,32.205995,120.758067,2009-01-30 11:21:45
41,40.0273533,116.2883183,2009-06-23 22:36:23
10,39.992165,116.32618,2008-11-07 05:19:27
5,40.011221,116.321119,2008-11-04 00:45:32
68,39.989861,116.417651,2008-10-30 13:16:53
84,40.092439,116.293015,2008-11-29 06:43:17
84,39.934308,116.430086,2008-12-03 03:05:56
25,39.98887,116.3099433,2009-03-13 07:48:49
153,39.906176,116.387221,2008-08-22 09:57:39
153,40.042198,116.407489,2010-06-15 02:38:50
163,39.941752,116.323091,2010-02-17 03:16:55
10,39.855886,116.379318,2008-09-19 11:56:40
17,39.9100683,116.3676983,2009-06-30 06:16:47
167,39.975935,116.332848,2008-07-16 10:22:19
153,39.943468,116.483608,2009-08-23 09:55:37
128,40.98139,117.9301016,2009-07-14 05:47:34
124,31.921073,91.512921,2008-10-02 05:08:39
153,41.823163,12.404039,2009-05-07 06:11:38
153,39.926981,116.47198,2008-08-20 07:46:25
153,39.928288,116.472412,2008-10-14 10:32:58
128,40.07016,116.3288933,2010-09-18 07:11:10
78,39.974846,116.456034,2008-05-30 12:26:17
62,39.9444566,116.3186283,2008-08-23 10:09:15
17,40.0066766,116.3462266,2008-11-13 01:31:54
84,34.245409,108.926391,2008-09-28 01:18:38
140,41.0123616,117.8991433,2009-07-04 16:03:35
11,39.9841383,116.3549416,2008-11-11 09:41:01
92,40.0308899,116.4086199,2008-08-18 01:34:04
153,40.000391651,116.460684142,2011-10-26 17:50:50
22,39.95358,116.317809,2009-02-03 12:43:40
36,39.931131,116.410806,2009-07-08 08:52:29
13,39.50699,118.67358,2008-10-01 08:27:12
2,39.973106,116.327408,2009-02-21 13:09:38
67,39.975925,116.305055,2011-04-19 03:34:17
41,40.3027416,116.7980216,2009-04-28 03:44:30
141,39.9837166666667,116.309228333333,2011-10-08 08:42:47
128,40.0496916,116.3017099,2009-04-23 13:00:30
163,34.67263,113.722066,2008-05-01 09:45:43
112,39.9755199,116.3757299,2008-07-06 12:21:30
67,39.965072,116.456464,2011-03-05 04:28:45
35,39.981877,116.321089,2009-03-05 09:27:37
44,39.981688,116.299726,2009-02-22 10:56:18
153,24.44654378,118.066478235,2011-12-21 12:44:39
128,25.2502966,113.9419216,2008-11-20 03:00:05
132,29.874099,121.550442,2010-02-17 17:05:31
38,39.9683983,116.30234,2009-02-28 03:21:18
10,25.15224,101.881597,2007-10-27 03:05:14
37,39.9763233,116.25311,2009-04-04 09:12:02
168,28.018546,112.9696,2009-09-30 20:57:40
30,39.956953,116.282439,2009-02-14 05:46:16
25,38.1551849,116.7293766,2009-01-12 02:36:37
17,39.87158,116.3427333,2008-12-31 11:32:22
17,39.9849483,116.337555,2009-06-13 23:59:59
126,39.979993,116.41811,2008-12-20 05:41:43
167,39.983706,116.326868,2008-08-18 09:41:50
142,39.961412,116.268858,2010-06-01 11:34:12
124,35.316648,93.315354,2008-09-30 23:17:14
126,39.967218,116.395296,2008-11-05 10:44:11
39,40.162182,116.305604,2009-05-06 06:04:22
30,39.960268,116.44289,2009-02-18 06:12:50
112,39.9720416,116.3249099,2008-05-02 03:24:32
10,37.250638,97.152946,2008-10-02 17:28:17
67,39.978755,116.332676666667,2011-05-12 20:30:02
128,40.0528083,116.3237783,2009-08-04 12:50:57
68,39.906133,116.411906,2009-03-22 10:43:13
38,39.9681816,116.3014883,2009-03-06 02:14:31
17,39.8369666,116.3948816,2008-11-06 07:25:46
35,39.991285,116.315574,2009-03-12 22:04:48
167,39.975711,116.326881,2008-08-06 12:46:16
85,39.889443,116.368056,2008-10-24 08:33:15
3,39.992456,116.326389,2008-11-19 10:19:59
35,39.977409,116.327598,2009-04-03 06:02:02
68,39.951443,116.418871,2009-08-20 04:09:06
20,39.983635,116.303685,2011-09-10 11:36:03
41,40.0445816,116.8002383,2009-05-09 00:59:52
37,39.849715,116.3836833,2009-07-15 10:34:39
153,39.906221,116.316882,2010-07-25 03:10:54
65,39.90432,116.02322,2011-10-05 05:21:37
30,40.00016,116.327658,2009-02-15 05:50:16
68,39.973396,116.411634,2009-07-19 03:25:21
163,39.985235544,116.340297257,2011-10-21 22:31:26
30,39.906958,116.478872,2009-03-14 08:58:45
144,36.745458,101.158451,2009-07-06 13:47:47
41,39.8929483,116.2584816,2009-05-11 09:25:37
41,39.98119,116.0349499,2009-04-27 06:04:25
126,39.971986,116.411434,2008-10-02 08:50:14
84,39.937387,116.396988,2009-09-05 11:55:57
50,39.9819946333333,116.309234616667,2009-08-10 09:40:32
33,40.044733,116.597284,2009-01-18 09:05:23
4,40.003472,116.322438,2008-11-20 00:19:56
41,39.7630949,116.3366366,2009-05-02 04:09:21
41,39.8451699,116.2210783,2009-02-20 07:19:06
163,25.273717,110.289319,2010-12-23 06:40:47
66,39.781842,116.490225,2009-08-20 18:11:18
169,40.010081,116.380158,2010-05-25 11:20:10
52,39.984358,116.309684,2008-06-29 06:37:27
128,39.992235,116.3315266,2009-06-19 01:09:40
122,39.968759,116.399918,2009-06-14 02:29:49
68,39.935609,116.420518,2009-02-20 07:09:43
153,30.235999491,120.12823763,2011-11-26 21:55:35
41,39.9496833,116.3420316,2009-02-20 12:10:13
25,31.58981,120.3199883,2009-01-27 05:09:35
168,39.993431,116.394545,2011-07-21 22:39:19
142,39.719297,116.092906,2010-06-27 01:16:46
167,39.997684,116.32588,2008-06-19 22:32:45
163,40.013726,116.410619,2011-03-26 10:00:39
14,39.966195,116.3488483,2008-12-01 11:17:24
55,39.9747233333333,116.331028333333,2011-09-02 20:48:14
144,37.049667,97.841162,2009-07-06 18:48:07
68,39.988404,116.417871,2008-10-25 10:15:33
85,39.904742,116.336862,2009-07-28 23:37:17
50,39.9469299316406,116.208572387695,2009-08-22 22:39:08
39,40.038832,116.325119,2009-06-09 22:07:01
43,39.951195,116.313518,2009-02-08 10:51:10
2,39.91643,116.343792,2009-02-07 08:13:02
41,39.915255,116.4628016,2009-06-18 23:50:46
13,39.975179,116.352525,2009-01-14 09:21:08
85,39.864164,116.346873,2008-12-02 07:17:09
144,39.9759666666667,116.3752,2008-05-30 10:28:11
153,39.890712,116.48375,2010-07-17 09:09:13
17,39.9858416,116.354805,2008-12-20 06:55:28
153,39.966657,116.332179,2008-12-06 03:30:35
23,39.863583,116.493887,2009-02-14 08:20:49
50,39.9806976333333,116.309226983333,2009-08-02 08:49:43
22,39.973469,116.332779,2009-06-10 08:36:57
39,39.982806,116.309986,2009-03-21 06:17:41
163,47.673522,-122.186029,2010-11-11 04:23:56
141,39.9751883333333,116.329801666667,2011-09-09 11:53:44
168,40.065502,116.404242,2011-08-02 20:57:24
71,39.7030516666667,119.141053333333,2011-12-31 15:26:00
141,39.97964,116.31,2011-10-10 00:47:58
179,40.08711,116.306465,2008-10-02 11:51:14
153,40.346536,116.833209,2010-08-06 09:11:24
155,40.013897,116.323624,2009-06-22 01:33:42
10,40.01046,116.35539,2009-01-16 07:59:17
74,39.9766816666667,116.331488333333,2012-02-21 13:54:37
69,39.907641,116.305886,2008-05-27 07:33:32
84,38.249885,114.632847,2008-09-25 12:21:26
10,34.694583,112.276983,2008-08-01 14:51:15
52,39.984921,116.352428,2008-06-04 16:03:47
163,47.631568,-122.141032,2010-11-10 17:07:19
67,39.974955,116.320796666667,2011-04-19 13:26:24
68,39.973637,116.418559,2009-01-08 09:07:50
168,34.272114,108.927878,2011-08-01 12:17:24
68,39.96279,116.418741,2009-09-04 05:24:18
59,39.9776183333333,116.329381666667,2011-08-29 11:53:06
163,39.986952123,116.449431279,2012-05-17 22:13:24
41,40.5340883,117.1273599,2009-04-07 07:30:58
10,23.387017,113.298287,2007-09-23 15:18:19
28,39.923174,116.279056,2009-04-14 11:36:18
37,39.8539449,116.3488716,2009-07-16 09:59:41
68,39.97022,116.419698,2009-03-08 06:51:15
17,39.9271516,116.3487816,2008-12-23 03:26:43
153,39.9666266,116.4688233,2008-05-10 07:28:32
10,38.429048,116.898701,2008-12-20 20:46:00
67,32.1018383333333,117.23715,2011-06-16 15:49:32
167,39.975227,116.331261,2008-06-25 04:56:46
2,39.918302,116.346841,2009-02-08 07:37:43
153,30.93335128,103.704007528,2011-10-02 08:44:07
13,39.956017,116.41668,2009-01-18 00:31:37
167,39.99883,116.308506,2008-10-16 09:26:16
17,40.0225833,116.3494699,2008-12-28 07:41:58
128,39.9754916,116.3305816,2008-10-17 03:50:07
68,39.986465,116.38573,2009-08-24 12:45:02
122,39.968027,116.39959,2009-05-28 19:07:49
38,39.98437,116.3104033,2009-02-22 09:37:26
30,40.009265,116.32266,2009-04-12 17:23:10
153,39.986669,116.450107,2010-10-29 13:48:29
25,40.0313799,116.3086549,2009-03-09 09:00:07
163,39.945019,116.327652,2010-02-17 03:20:49
39,40.035085,116.315882,2009-06-11 09:22:11
84,39.984987,116.341321,2008-08-24 23:29:15
153,40.143349,116.476952,2010-08-08 10:52:32
112,39.9809733,116.32724,2008-07-13 09:49:02
17,39.9874966,116.3469283,2009-06-22 14:00:21
168,40.021533,116.364347,2011-07-23 01:45:07
128,39.9530849,116.4531199,2008-10-29 08:43:15
153,33.862407,-117.998068,2010-11-08 02:57:22
167,39.996397,116.326585,2008-10-19 14:51:06
126,39.993342,116.326431,2008-10-22 11:05:35
36,23.410179,114.474164,2009-02-04 08:31:53
68,39.954172,116.419085,2009-03-17 08:23:43
25,39.9859349,116.3492949,2009-04-02 12:27:33
167,40.117371,116.443664,2008-12-13 08:00:54
46,39.905006,116.390609,2009-10-11 06:49:54
31,40.077285,116.583688,2009-01-23 23:43:36
52,39.982271,116.329767,2008-07-02 10:53:28
34,39.9912166,116.3171699,2009-02-16 10:03:07
35,39.990388,116.329686,2009-04-14 11:59:11
30,40.000798,116.321739,2009-06-01 01:23:28
145,39.997592,116.274006,2008-05-24 02:56:07
25,39.9882533,116.3045016,2009-06-12 14:55:24
24,40.053386,116.322478,2009-03-25 00:25:10
68,30.545838,114.292871,2009-07-31 04:19:03
34,39.9681416,116.3141499,2009-03-12 05:01:11
24,40.034701,116.343779,2009-03-23 23:31:25
3,40.00987,116.322647,2009-06-16 10:21:51
68,39.990438,116.41783,2009-05-12 01:10:27
140,43.4037766,116.6575366,2009-07-03 12:13:37
153,39.887116,116.483156,2008-09-30 10:37:21
84,39.931914,116.381824,2009-05-17 06:21:38
172,59.8136266,-149.4377933,2008-06-28 00:20:14
167,39.974247,116.467855,2008-05-30 12:24:54
73,39.9697366,116.3308433,2008-07-15 14:31:23
42,39.9998066,116.3255366,2008-10-04 09:45:55
140,39.9547916,116.4622933,2009-02-03 04:57:08
68,39.969145,116.420063,2009-03-18 03:06:13
28,39.999647,116.451749,2009-01-31 08:45:01
35,39.999686,116.309133,2009-03-13 14:01:28
167,39.819708,119.482512,2008-06-08 04:54:08
14,39.9224633,116.2688233,2008-12-03 09:54:06
128,42.5160416,117.1858749,2010-06-14 10:41:27
128,40.0696683,116.32921,2009-06-28 23:42:59
37,39.9836333,116.3069933,2009-03-23 00:36:01
30,39.999943,116.327348,2009-07-08 00:58:48
23,26.442251,111.564832,2009-01-17 12:03:59
68,39.970506,116.41916,2009-04-22 23:57:58
126,39.82652,119.499607,2008-08-09 11:26:57
15,39.980019,116.3264,2008-12-10 01:51:23
168,39.983114,116.373342,2011-07-13 13:50:49
65,39.9024966666667,116.024803333333,2011-10-05 06:18:31
23,22.820215,108.316383333333,2009-01-23 04:16:29
10,31.347788,121.030608,2008-12-20 11:39:50
25,31.201425,121.4670699,2009-05-05 01:49:50
68,39.989468,116.417687,2009-03-27 00:58:08
65,39.8557033333333,116.392775,2011-08-30 11:07:17
41,40.280815,116.5518699,2009-04-28 02:21:10
10,36.257144,114.339285,2008-09-28 17:24:48
64,39.981887,116.306537,2008-08-25 08:42:37
153,39.935356,116.468636,2008-09-28 15:13:22
50,39.9252395629883,116.304565429688,2009-08-04 19:01:33
3,40.007424,116.319569,2008-11-07 22:45:34
10,31.674021,120.148816,2008-12-20 09:51:33
67,39.97837,116.332811666667,2011-04-22 18:21:02
85,39.966464,116.3299,2008-11-05 10:54:59
153,39.986155823,116.449456591,2012-03-29 18:05:56
153,38.773516,114.624148,2011-05-02 09:37:13
153,39.933320252,116.487598423,2012-05-23 14:53:32
38,39.9562983,116.3292166,2009-02-14 02:08:28
153,39.932354,116.466085,2009-06-24 13:32:32
103,39.981525,116.3478483,2008-09-19 06:50:06
163,43.702927,7.266622,2009-04-29 17:37:11
84,39.955725,116.449183,2008-11-28 00:03:47
2,39.89852,116.37092,2009-02-04 10:40:25
7,39.985415,116.307785,2008-12-11 13:35:02
68,39.98147,116.424689,2008-10-31 06:37:04
85,40.066232,116.405035,2009-09-14 16:08:38
65,39.96444,116.325336666667,2011-09-08 04:56:19
70,39.349991,118.621779,2008-10-02 02:06:41
141,39.9750883333333,116.318715,2011-09-29 12:19:16
3,39.998772,116.33842,2009-02-14 18:18:20
153,39.977726,116.447391,2010-10-28 10:38:19
179,40.070112,116.312784,2008-09-04 13:43:23
68,39.999311,116.41164,2009-08-13 01:59:22
153,39.983419,116.451005,2011-05-26 12:13:25
68,30.937797,114.129668,2009-08-01 03:33:03
40,39.951406,116.361967,2009-03-23 14:54:42
9,40.003011,116.344438,2008-11-13 12:33:32
167,39.634115,119.30697,2008-08-09 05:23:49
34,39.9813549,116.304385,2009-04-20 10:43:19
67,39.979113,116.332456,2011-03-13 03:14:58
22,39.973449,116.333598,2009-06-10 08:30:02
35,40.030242,116.360036,2009-03-15 02:17:15
74,39.974645,116.311846666667,2012-02-11 14:17:50
19,39.8750616,116.4520883,2008-11-15 05:40:08
142,40.023555,116.442057,2008-03-30 15:33:44
35,39.98182,116.321248,2009-04-22 07:54:05
10,39.63166,116.458133,2008-06-18 16:08:17
14,39.9680483,116.4169683,2008-10-25 14:28:49
17,40.0105916,116.3376499,2009-04-19 13:54:59
42,39.6903616,116.3258416,2009-03-20 07:31:23
5,22.162273,113.552626,2008-11-30 13:23:52
28,39.923161,116.279644,2009-02-02 10:13:56
36,39.946889,116.410239,2009-07-09 09:20:28
17,39.9285533,116.3278616,2008-12-04 03:33:48
17,39.9757183,116.4089116,2009-04-20 09:41:18
52,40.000212,116.379501,2008-10-05 19:47:57
126,39.9691283,116.422225,2008-07-18 15:28:09
5,40.009057,116.320284,2008-11-01 10:16:30
30,39.911694,116.429477,2009-06-11 07:19:00
163,39.975102,116.4557,2011-01-29 05:55:47
22,40.000668,116.336981,2009-02-21 03:34:40
84,39.93493,116.429938,2008-10-14 02:33:38
115,39.9080649,116.5879799,2008-05-15 11:11:23
153,39.844935,116.477391,2010-04-03 09:05:27
179,40.074158,116.314069,2008-09-06 04:58:59
25,39.9850199,116.3260733,2009-04-07 06:01:24
17,39.96631,116.357425,2009-02-04 00:38:22
83,39.8796016,116.3930733,2009-01-26 16:02:07
84,34.247694,108.963891,2008-09-28 07:28:53
44,39.968063,116.31461,2009-07-07 07:23:36
140,39.9846983,116.3313299,2009-06-02 15:20:44
67,23.01799,113.726904,2011-01-30 16:33:13
13,39.954604,116.423044,2008-10-16 12:57:41
36,39.968174,116.417164,2009-07-06 07:51:10
3,40.008242,116.319499,2008-12-01 01:49:22
20,39.9749433333333,116.31199,2011-09-06 15:10:51
28,39.923466,116.179034,2009-04-06 22:49:43
41,39.9667899,116.3705316,2009-03-03 05:20:17
30,39.950883,116.803002,2009-05-23 10:15:53
13,39.961539,116.397111,2008-10-20 23:32:26
167,40.003834,116.321437,2008-04-28 18:52:51
17,40.0180233,116.3414533,2009-02-13 13:20:10
4,39.755862,118.744323,2009-01-20 13:50:12
82,40.069179,116.348109,2009-05-06 14:28:47
128,40.0514033,116.300615,2009-09-24 00:29:13
22,39.973734,116.333442,2009-07-08 00:07:46
7,39.980197,116.338395,2008-11-18 10:23:38
84,39.947434,116.367939,2009-04-09 00:41:52
153,37.364651,-121.922958,2010-11-03 16:44:35
22,40.05775,116.404176,2009-07-19 03:54:18
78,39.974963,116.327469,2008-07-29 00:16:35
128,39.9953933,116.3913116,2008-05-23 10:23:20
167,39.975304,116.323634,2008-12-24 09:52:13
26,39.99141,116.321663,2009-03-13 10:37:08
42,39.8627733,116.2783983,2009-02-12 07:33:51
10,32.105493,118.842065,2008-12-20 04:15:37
5,40.011822,116.321087,2009-01-14 22:44:08
140,39.984525,116.3140699,2008-09-24 07:01:27
83,39.9923016,116.3052999,2009-03-08 19:35:51
67,36.1914916666667,117.061913333333,2011-06-16 21:50:19
65,39.974685,116.309793333333,2011-09-16 01:33:07
4,39.982924,116.310513,2009-02-24 10:52:33
30,40.001169,116.325351,2009-05-15 09:12:44
84,39.932924,116.430234,2008-10-13 02:41:32
68,39.990655,116.417728,2009-08-17 14:29:01
17,39.9397816,116.4318533,2009-04-08 05:13:55
2,39.926229,116.337103,2008-11-04 14:45:05
62,39.97399,116.3004866,2008-10-16 08:31:57
163,39.895897,116.329475,2011-02-06 14:44:02
10,39.156858,117.141728,2008-06-20 12:26:07
17,39.9990283,116.3319566,2008-11-04 09:38:06
144,39.937074,116.335334,2009-09-24 07:22:06
3,39.864705,116.425397,2009-05-27 11:57:11
14,39.9751016,116.3347916,2009-03-18 08:24:29
33,39.912149,116.463254,2009-01-15 01:39:16
163,26.925927,112.580661,2009-01-19 10:12:58
16,39.97338,116.333617,2008-11-21 08:35:33
50,39.9070701666667,116.3015213,2009-08-04 04:27:37
62,39.986585,116.3027133,2008-11-16 11:44:11
3,39.925998,116.241746,2009-04-10 08:28:23
25,39.9853199,116.3093416,2009-04-06 06:12:40
62,40.2104266,116.2244683,2008-10-04 11:56:02
20,39.9811533333333,116.32709,2011-11-05 05:04:34
126,39.991311,116.330838,2008-10-15 15:02:03
153,39.967129,116.345519,2008-08-07 21:30:49
41,39.9026499,116.26129,2009-04-22 15:10:25
128,39.9769266,116.3749116,2010-01-16 03:35:18
17,40.0176466,116.3400899,2008-11-22 18:25:53
2,39.940377,116.310842,2009-01-01 06:44:50
153,39.64187,113.551095,2011-05-01 05:46:24
22,39.819849,116.281659,2009-05-03 02:18:28
153,39.982349,116.450392,2008-09-29 04:45:46
24,39.534309,116.732589,2009-02-10 08:53:09
25,39.9715599,116.3126933,2009-04-25 13:02:42
36,39.980021,116.345506,2009-04-24 11:47:25
50,39.8760871887207,116.304542541504,2009-08-19 15:12:25
37,39.9696466,116.2586533,2009-03-04 10:36:25
38,39.9694716,116.3008849,2009-02-10 13:22:54
17,39.9852866,116.3318033,2009-06-11 23:57:28
3,39.968745,116.327774,2009-07-05 03:43:27
62,39.9894199,116.3126833,2008-07-28 12:09:57
30,39.996729,116.326262,2009-04-03 11:01:55
141,39.9916,116.32975,2011-09-24 05:51:46
163,39.939840278,116.448553888,2012-03-06 09:18:41
65,39.9729283333333,116.318918333333,2011-09-17 03:15:16
96,40.082495,116.301401,2008-10-26 12:09:13
147,39.986203,116.351803,2011-05-09 09:11:07
30,40.00344,116.323533,2009-06-03 00:54:58
125,40.002441,116.324526,2008-05-23 14:10:27
167,39.818208,119.48115,2008-06-09 02:22:35
30,39.98809,116.331765,2009-03-10 10:44:03
10,39.901698,116.304331,2009-02-13 11:44:49
126,40.006982,116.319741,2009-01-16 16:42:14
39,40.071878,116.416401,2009-05-24 11:20:13
167,40.005776,116.321258,2008-11-18 05:29:48
37,39.9773233,116.2830599,2009-02-20 08:18:04
65,39.9791233333333,116.331063333333,2011-09-03 04:29:07
30,39.933477,116.756621,2009-04-06 09:30:03
42,39.8958433,116.3093349,2009-02-16 03:53:50
141,39.9885133333333,116.309771666667,2011-10-22 08:24:08
0,39.992705,116.327025,2009-04-05 06:24:48
115,39.976845,116.3273866,2008-06-30 01:02:36
36,39.976786,116.339577,2009-03-22 16:47:10
126,39.763726,119.274436,2008-06-09 11:04:02
50,39.9924125671387,116.210166931152,2009-08-05 13:31:23
65,39.977605,116.303606666667,2011-09-13 01:06:02
52,39.989224,116.292966,2008-08-31 08:37:06
163,39.8840983,116.2986116,2008-06-30 08:22:42
3,40.002514,116.326219,2009-06-09 13:03:12
10,36.557606,101.952748,2008-09-29 11:05:23
18,40.0274816,116.5478099,2008-12-01 02:21:55
65,39.9746533333333,116.309886666667,2011-10-09 12:11:26
140,39.9788299,116.3348933,2009-05-31 00:36:42
17,39.9665949,116.373395,2008-12-12 07:54:54
23,22.81373,108.333657,2009-02-02 19:18:24
41,39.9528966,116.2697249,2009-05-21 10:14:31
128,40.0768283,116.3249666,2008-09-20 10:37:28
17,40.0965166,116.4069833,2008-11-22 07:59:27
10,39.502446,116.715606,2008-12-19 15:01:30
132,29.887143,121.605892,2010-02-19 14:34:33
153,39.908486,116.363882,2008-09-13 12:54:59
17,40.0138483,116.3442233,2009-05-30 07:22:31
84,39.986335,116.417769,2008-11-03 00:07:46
167,39.985912,116.347229,2008-08-03 04:12:37
153,39.892643,116.45422,2010-10-26 03:42:31
41,39.91816,116.2057666,2009-03-04 00:43:50
163,39.98151774,116.450132546,2012-06-05 08:08:44
23,22.819215,108.343719,2009-01-22 20:25:35
25,39.9663616,116.3629533,2009-06-22 05:44:00
24,40.171085,116.242202,2009-05-19 09:34:17
68,39.982517,116.418058,2009-05-30 23:53:14
33,39.990057,116.406984,2009-01-15 00:50:28
17,40.0080833,116.3460283,2009-04-11 00:06:12
13,39.975254,116.358324,2008-10-07 23:56:36
28,40.71639,117.268592,2009-01-31 06:01:18
153,40.025615,116.404336,2010-05-01 02:10:36
50,39.9588470458984,116.27042388916,2009-08-01 11:40:55
55,39.9746766666667,116.33119,2011-09-03 01:29:46
153,39.944504,116.455647,2011-05-14 07:31:50
3,32.047833,121.005325,2009-02-04 04:59:31
142,39.96615,116.268493,2010-04-16 11:34:11
82,39.987106,116.417633,2009-03-11 11:25:37
7,39.980557,116.343394,2008-11-07 01:45:27
17,39.92393,116.3042149,2009-06-30 03:34:27
18,39.8717566,116.4069,2008-12-10 02:04:47
167,39.986268,116.41784,2008-05-17 02:55:21
168,40.066097,116.404991,2011-08-02 16:50:34
153,39.987353,116.449266,2010-10-29 22:21:02
52,39.985035,116.352678,2008-06-05 04:58:07
167,39.970272,116.419351,2008-09-29 13:15:27
65,39.90941,116.427056666667,2011-10-18 09:05:56
85,39.980851,116.3271,2008-05-21 10:47:45
10,33.512729,115.806088,2008-06-19 18:56:47
82,40.069657,116.314208,2009-04-17 13:35:19
13,38.882025,121.540712,2009-01-28 09:12:19
68,40.06936,116.330679,2009-07-22 14:46:57
71,41.4175116666667,122.3438,2011-12-31 18:19:37
68,40.034755,116.301762,2009-08-08 10:20:58
52,39.988887,116.307438,2008-05-25 08:03:55
0,39.994308,116.326423,2009-04-10 07:39:28
52,39.984841,116.352535,2008-06-10 14:50:54
67,39.1485483333333,117.143856666667,2011-05-07 09:38:16
37,39.9207466,116.4281883,2009-03-09 06:07:50
41,40.0634899,116.4760733,2009-06-10 01:48:17
5,39.975898,116.336308,2009-01-16 21:10:21
153,47.786394,-122.198651,2010-11-11 04:16:15
67,39.1129766666667,117.203011666667,2011-05-07 05:48:02
140,39.9483466,116.4211966,2008-08-30 06:19:34
62,39.9903833,116.3098549,2008-09-16 06:51:38
25,39.94386,116.354365,2009-05-21 04:46:18
26,37.798038,112.590791,2009-01-20 06:34:46
163,37.574204,126.984667,2008-05-05 11:58:37
123,34.263378,108.939078,2009-09-24 19:36:39
153,39.977196,116.451886,2009-07-21 12:11:14
22,39.97332,116.334577,2009-04-10 04:12:17
153,39.922688,116.472128,2009-10-14 10:08:40
153,30.254444795,120.16723729,2011-11-03 22:49:44
39,40.039246,116.318372,2009-05-06 23:29:59
30,39.952746,116.269344,2009-04-10 08:20:40
13,39.966345,116.348928,2008-12-04 09:35:12
153,39.928562,116.466859,2008-09-28 11:56:06
10,36.231905,103.043656,2008-09-29 09:38:35
41,39.8695433,116.499865,2009-05-24 02:40:41
128,40.0730299,116.3069716,2010-08-10 01:45:24
141,39.9908833333333,116.30439,2011-09-18 08:58:38
167,39.826483,119.499604,2008-08-09 11:35:13
0,40.040867,116.572661,2009-05-03 06:14:47
82,40.069064,116.35395,2009-03-09 12:52:20
153,25.263467,110.192657,2010-12-23 05:23:06
41,39.8561799,116.4159683,2009-05-12 05:47:46
128,40.0072499,116.3586533,2010-06-05 14:12:41
84,37.349945,114.537739,2008-09-25 13:26:16
128,42.0242866,128.0537316,2009-10-03 22:25:51
4,39.07574,121.894158,2009-02-06 03:13:24
24,40.057806,116.33231,2009-02-01 04:04:19
5,39.983977,116.313349,2008-12-05 06:58:59
23,22.8137666666667,108.33139,2009-01-28 11:12:28
141,40.0011366666667,116.267925,2011-10-22 05:57:25
165,39.977795,116.301838333333,2011-11-14 02:00:49
165,39.9787633333333,116.307331666667,2011-11-18 01:52:41
4,40.000014,116.327308,2009-05-23 13:19:52
30,40.00843,116.323716,2009-04-15 10:06:17
14,40.0944383,116.5068133,2009-01-17 02:51:22
3,39.994975,116.318264,2009-04-25 07:39:17
41,39.6162599,116.4266883,2009-02-24 02:35:44
153,39.987382,116.45875,2009-10-02 03:08:06
33,39.947775,116.688502,2009-01-16 02:10:16
144,37.235976,99.049936,2009-07-06 16:43:38
34,40.0299883,116.34096,2009-03-06 02:41:19
128,41.8025866,123.4222833,2009-10-06 10:43:22
19,39.8653099,116.383855,2008-12-10 09:53:39
20,39.9748533333333,116.31453,2011-09-14 01:46:00
55,39.974585,116.33114,2011-08-28 21:48:23
159,37.5119383333333,114.601413333333,2012-03-31 15:54:09
153,39.98289,116.433948,2009-12-01 00:01:02
25,40.0497849,116.326135,2008-12-26 01:03:28
153,39.932514,116.472658,2009-10-25 10:17:48
180,36.808541,115.748539,2009-05-28 23:17:21
163,39.966289,116.352436,2008-05-15 14:13:48
153,39.987255491,116.475486125,2011-12-31 21:10:15
37,39.9140733,116.4266266,2009-02-25 02:22:27
41,39.8504466,116.230405,2009-02-20 06:12:20
38,39.9949566,116.1972299,2009-07-12 11:33:05
50,39.994987,116.197269,2009-07-07 20:59:44
128,40.0742533,116.3282099,2008-09-01 12:46:55
144,40.027496,116.432574,2009-08-04 23:12:15
163,33.346925,114.035552,2008-05-04 01:56:58
115,39.9083849,116.5915783,2008-09-08 02:00:22
163,25.728255,110.066677,2010-12-25 03:23:27
52,39.968649,116.310027,2008-08-31 10:16:18
144,37.0189433,111.9266766,2009-01-23 05:04:26
30,39.973721,116.278451,2009-04-13 08:08:42
4,39.916372,116.45576,2009-04-07 07:34:36
167,40.18131,116.394939,2008-10-12 01:22:50
85,39.945841,116.350536,2008-10-31 08:59:52
144,39.9929399,116.3254116,2008-09-03 00:32:40
23,27.268039,112.924008,2009-01-17 09:02:49
84,39.88831,116.343184,2008-09-01 01:25:00
163,39.955523,116.449457,2008-05-16 13:41:19
119,39.927173,116.471032,2008-08-01 11:25:20
3,39.95087,116.329098,2009-04-30 10:39:25
167,40.976678,117.93107,2008-05-02 05:20:05
12,40.264828,117.239004,2008-10-25 04:59:19
153,30.274056116,120.141271442,2011-11-04 13:49:51
85,40.069136,116.335473,2009-08-12 01:30:33
64,39.982963,116.308062,2008-08-28 15:12:44
12,37.585604,116.361984,2008-11-14 15:25:57
144,40.4512366,116.6555999,2008-10-10 23:14:17
67,39.977895,116.303651666667,2011-05-06 03:55:24
40,39.968328,116.302359,2009-02-20 12:15:00
43,39.767379,116.542465,2009-06-17 02:30:57
167,39.821582,119.478115,2008-06-08 02:11:34
84,39.981729,116.327133,2008-10-08 07:25:40
37,39.9555866,116.4492749,2009-04-07 10:11:23
141,39.974435,116.336375,2011-10-08 11:12:35
30,39.99995,116.327382,2009-07-21 12:38:19
62,39.9818299,116.3106166,2008-12-12 12:39:37
140,40.0358049,119.8168516,2008-10-12 08:36:56
3,33.159689,120.300926,2009-01-20 22:17:06
153,40.030962,116.430455,2011-09-28 09:27:19
24,40.175248,116.297826,2009-03-22 06:02:47
128,39.9679016,116.42474,2008-05-15 01:32:51
153,39.986459,116.448726,2011-09-05 09:52:45
17,39.9062083,116.2678283,2009-04-02 10:07:36
2,39.898626,116.369533,2009-02-02 10:06:16
68,39.957074,116.418626,2009-03-15 06:57:17
153,39.923403,116.471949,2009-09-08 23:34:05
78,39.972065,116.325434,2008-08-07 16:18:26
17,39.9256833,116.3474166,2008-11-10 08:16:06
0,40.001608,116.321694,2009-06-03 12:59:30
153,43.826813,11.157817,2009-05-03 13:19:04
32,39.973346,116.333824,2008-12-10 03:43:03
142,39.803422,116.196236,2010-06-27 01:03:12
128,40.0667483,116.131335,2008-11-16 08:19:38
124,39.862995,116.368793,2008-10-06 11:42:18
62,39.9885383,116.30498,2008-09-18 05:46:26
126,39.990379,116.32653,2008-11-22 04:03:08
128,40.0123049,116.5614116,2008-07-06 07:28:20
153,39.929954,116.467126,2008-10-26 09:30:58
140,39.9995699,116.4062133,2008-08-29 13:06:52
22,40.057929,116.403695,2009-07-12 10:58:08
153,39.901558,116.408028,2008-11-10 12:44:27
165,39.9752333333333,116.336556666667,2011-11-20 06:25:52
153,39.966563,116.363411,2010-02-16 05:43:47
128,40.0105383,116.3555766,2009-09-21 01:01:55
127,41.322219,126.052467,2008-09-30 08:20:16
17,39.9668133,116.3693083,2009-01-11 06:25:34
85,39.982224,116.309492,2009-02-24 02:34:03
96,39.992625,116.326526,2008-07-25 01:21:59
140,39.9414116,116.45578,2009-07-17 19:05:17
144,35.129191,93.041216,2009-07-07 03:39:41
41,39.8302299,116.3720933,2009-05-09 08:42:10
141,40.3606233333333,115.991803333333,2011-10-23 02:22:45
25,31.2208749,121.4243366,2009-05-04 03:54:43
28,39.940863,116.34795,2009-01-23 04:53:01
141,39.975385,116.369416666667,2011-10-23 00:52:20
52,36.033565,103.832584,2008-07-31 06:31:15
153,39.987639,116.475497,2010-07-24 03:03:21
153,40.272575,116.088912,2011-04-30 00:16:17
15,40.050427,116.30405,2008-11-24 13:17:34
122,40.137808,116.137808,2009-10-03 16:11:20
153,39.989436,116.430945,2008-10-12 08:47:42
128,38.7057883,115.1562916,2008-05-01 05:44:35
128,40.0753166,116.3277266,2008-09-14 09:25:47
84,39.986651,116.377191,2008-09-16 10:25:22
102,39.975155,116.303215,2011-11-15 01:39:22
4,39.93954,116.306264,2009-03-20 09:55:29
62,37.5307316,116.3278533,2008-07-23 22:30:30
50,39.9940185546875,116.199211120605,2009-08-05 13:36:18
85,39.974493,116.331127,2008-09-26 11:00:55
22,40.057964,116.404287,2009-07-19 01:52:53
128,40.3530283,116.240995,2009-10-31 08:45:24
32,39.973631,116.334086,2008-12-17 02:58:39
35,39.990345,116.318462,2009-02-13 13:41:40
85,39.944433,116.318771,2009-03-31 04:38:48
167,39.96983,116.418764,2008-10-12 06:51:36
17,39.9844916,116.3218899,2009-06-29 00:15:58
17,39.9473733,116.3709583,2009-01-06 08:27:51
73,39.97246,116.32722,2008-08-11 14:42:13
180,32.812538,115.763299,2009-05-29 03:09:51
163,39.987921,116.426918,2011-04-05 04:13:40
153,39.988612,116.460996,2011-09-03 08:09:57
11,39.875615,116.2827849,2008-12-13 02:38:12
41,39.8934283,116.2675733,2009-06-22 14:33:29
153,27.640309613,117.92092833,2011-12-23 11:27:32
50,39.88308335,116.3045044,2009-08-19 08:10:00
22,39.819679,116.282352,2009-05-03 04:20:03
163,22.234292406,114.170911047,2012-05-07 17:07:23
128,39.9755283,116.3313416,2010-06-10 08:54:16
37,39.9913449,116.2828566,2009-03-25 05:14:24
153,39.932533365,116.48738003,2012-05-23 14:47:53
153,40.04616366,116.399468148,2011-10-15 10:08:09
14,39.9398633,116.2680433,2009-04-16 09:00:01
119,39.95396,116.49347,2008-08-02 01:03:47
68,39.969229,116.419494,2008-12-03 01:53:57
9,40.004892,116.344337,2008-11-02 10:21:09
42,39.6961899,116.3313466,2009-03-18 06:35:25
167,40.006262,116.318031,2008-10-18 03:03:19
65,39.979645,116.320873333333,2011-08-25 00:46:06
17,39.995275,116.3466799,2008-12-20 04:22:31
68,39.996904,116.418154,2009-08-31 01:09:02
37,39.8009516,116.2711149,2009-02-27 03:51:08
65,39.9728816666667,116.31233,2011-09-26 00:57:47
44,40.001329,116.396485,2009-07-06 03:10:15
142,39.946887,116.266549,2011-01-24 18:38:58
37,39.8011699,116.2728083,2009-02-27 03:50:34
96,40.000191,116.324625,2008-09-07 14:17:24
25,32.8634016,117.798875,2009-07-08 19:37:36
42,40.0015249,116.3245833,2008-10-15 12:57:54
84,39.976836,116.330986,2008-09-13 11:43:11
35,39.990788,116.330291,2009-02-23 12:17:53
128,39.9430616,116.352185,2008-08-15 05:41:07
168,33.748647,113.94218,2009-09-30 11:37:10
34,40.0294216,116.3415166,2009-04-20 07:19:52
73,39.9752549,116.3287016,2008-08-12 12:38:18
17,40.0200933,116.4025916,2009-05-30 07:30:08
10,32.098839,118.739078,2008-12-20 01:41:15
43,39.817059,116.573156,2009-06-16 00:40:06
89,39.9917616,116.3375433,2008-05-11 07:04:24
165,39.9754933333333,116.330026666667,2011-11-13 14:41:09
103,39.9266816,116.2969633,2008-09-04 01:48:30
9,39.984037,116.347419,2008-11-16 02:28:08
41,39.6511849,116.6617532,2009-03-18 02:20:01
26,39.936308,116.305134,2009-03-12 11:35:29
124,37.231483,96.990693,2008-10-02 17:19:56
85,39.96524,116.301877,2008-05-11 23:36:02
25,39.9931866,116.2983749,2009-07-05 10:22:18
128,40.0486683,116.4765283,2008-08-14 06:44:52
36,39.906357,116.38679,2009-07-09 09:55:17
0,31.111391,121.049922,2009-06-28 05:29:17
39,39.986336,116.36695,2009-06-04 08:10:17
68,39.903693,116.428226,2009-09-04 05:56:11
50,39.937084197998,116.321624755859,2009-08-21 14:21:17
8,39.980488,116.326722,2008-10-28 12:38:11
74,39.975465,116.302996666667,2012-01-09 00:17:58
153,40.019342,116.452667,2011-09-21 09:28:47
96,39.984557,116.326941,2008-09-01 02:01:22
26,37.823609,112.568046,2009-02-05 11:11:40
163,40.287057,116.236108,2010-06-15 06:14:52
180,32.473033,115.344681,2009-05-29 03:33:53
126,40.18091,116.1970033,2008-05-01 09:27:39
128,40.0030849,116.331045,2010-03-10 13:36:31
70,39.509611,118.664486,2008-10-02 08:46:48
84,40.398808,117.269139,2009-07-30 00:25:22
43,39.947632,116.317811,2009-02-14 23:44:01
71,43.900285,125.296401666667,2011-12-31 22:21:36
22,39.990939,116.332915,2009-07-21 10:28:12
115,39.975975,116.45594,2008-07-13 18:28:35
84,39.975354,116.336125,2008-09-14 11:04:21
153,39.937332,116.410508,2008-09-12 05:12:11
128,41.3288266,117.72448,2009-07-11 04:32:31
4,39.979347,116.309548,2009-05-17 09:37:57
10,37.767487,112.78019,2007-10-18 00:53:03
84,39.973467,116.418497,2008-09-22 00:11:38
16,39.974103,116.333772,2008-10-30 07:40:44
128,39.9066333333333,116.3911,2008-04-05 06:13:07
10,36.379656,116.921505,2008-06-18 22:28:07
36,39.906873,116.400296,2009-07-09 09:49:02
3,39.975462,116.327376,2008-12-19 14:21:33
179,40.087405,116.314721,2008-08-21 08:37:52
17,39.9576283,116.3732416,2009-06-26 08:00:14
14,39.9611699,116.35489,2009-04-13 10:21:50
38,39.9689866,116.3010033,2009-02-08 13:47:12
68,39.970072,116.419809,2009-05-25 11:25:45
17,39.9779216,116.3275216,2009-01-22 07:07:38
165,39.96649,116.32957,2011-11-18 01:19:35
42,39.6904916,116.3290583,2009-03-20 07:27:53
85,39.92359,116.338245,2009-05-06 23:23:12
0,40.007495,116.301291,2008-10-28 02:29:46
50,40.0024147,116.268424983333,2009-08-08 12:23:00
126,39.980005,116.418024,2008-08-03 12:29:58
10,30.590997,117.9342,2007-12-28 17:42:03
30,39.946922,116.793046,2009-04-19 04:45:56
38,39.9585033,116.4140016,2009-07-17 07:22:36
163,23.449875522,120.571974666,2012-05-13 10:25:34
135,29.501219,113.584425,2009-01-24 21:44:30
41,39.9370416,116.3340466,2009-06-29 05:40:23
29,39.827705,116.486667,2009-02-11 23:53:28
128,35.8825116,114.3281483,2008-05-01 08:23:39
43,39.97389,116.332324,2009-03-20 02:38:18
41,39.8292949,116.3003233,2009-06-03 03:15:06
4,39.99677,116.326561,2009-03-11 21:50:17
115,39.908335,116.5935583,2008-07-10 07:11:23
4,39.978164,116.418139,2009-02-16 09:54:03
110,39.908925,116.3147066,2008-03-19 15:29:04
13,40.001242,116.401087,2008-10-18 06:46:31
148,34.5604266666667,113.810476666667,2011-05-14 18:57:55
41,40.49098,116.0731949,2009-03-05 06:03:31
36,39.892213,116.44236,2009-02-17 08:35:42
42,39.9070833,116.4435849,2009-02-18 02:53:20
10,35.731813,94.264488,2008-10-02 12:23:34
131,39.9849583,116.3191583,2009-07-22 11:57:41
67,39.9747916666667,116.330573333333,2011-04-13 13:36:26
44,39.976372,116.327176,2009-02-04 06:01:02
149,40.6751466,117.2350416,2009-09-12 12:41:11
12,39.871443,116.417939,2008-11-14 12:27:03
142,60.318818,24.96733,2010-05-22 14:01:55
43,39.797912,116.514206,2009-06-22 08:47:46
167,39.820819,119.478806,2008-06-08 06:02:24
85,39.967431,116.327951,2008-12-08 07:22:25
74,28.270065,115.995696666667,2012-01-28 13:09:30
153,48.746924,2.317538,2009-04-26 09:56:01
13,39.97499,116.338719,2009-02-03 10:09:17
168,30.013946,118.21645,2011-07-28 13:38:38
11,39.9364566,116.34768,2008-09-29 09:35:29
17,39.9324416,116.3336066,2009-06-30 04:37:19
30,39.947465,116.799882,2009-04-26 03:04:34
67,39.7301383333333,116.31314,2011-06-17 02:19:55
167,39.982678,116.308692,2008-04-30 09:15:15
2,39.926218,116.337548,2008-11-11 13:29:11
40,39.950415,116.362144,2009-05-13 18:20:46
122,40.137451,116.137979,2009-10-03 17:46:52
167,39.993163,116.30929,2008-11-04 12:52:48
25,18.9852216,110.4886083,2009-02-14 13:34:19
167,39.814746,118.110799,2008-06-07 02:36:44
144,29.715607,121.198279,2009-08-25 13:58:41
167,39.996875,116.326248,2008-05-23 01:21:04
153,39.926828,116.471543,2008-09-25 11:45:01
10,34.722983,104.938795,2008-09-29 04:41:15
41,39.8288733,116.3468433,2009-04-19 06:19:34
82,40.052268,116.403154,2009-03-11 01:06:52
36,39.905632,116.353242,2009-07-02 01:22:16
2,39.926693,116.337516,2008-11-14 12:34:05
30,39.946639,116.787227,2009-02-03 04:21:15
43,39.806793,116.541801,2009-06-10 03:11:27
68,32.023126,114.087747,2009-07-29 08:54:06
9,39.999673,116.341958,2008-11-15 10:26:48
144,36.633127,101.787004,2009-07-05 09:58:28
144,40.0392,116.3632,2008-07-19 09:50:44
128,40.0616199,116.3167833,2010-02-25 01:52:11
9,39.996124,116.328912,2008-10-29 10:48:47
22,39.974714,116.311485,2009-02-07 11:17:34
128,40.0724233,116.5393166,2008-04-26 00:55:45
153,39.594851,116.272357,2011-04-04 04:07:20
84,39.961881,116.389308,2008-08-25 10:38:39
13,39.967603,116.418354,2009-01-20 09:50:37
141,39.976755,116.32817,2011-09-24 06:38:35
14,40.0212099,116.3891049,2009-01-17 04:36:59
34,40.04269,116.3315933,2009-04-05 07:05:53
17,39.8824866,116.4833483,2009-06-05 05:53:04
41,39.8907466,116.25845,2009-02-15 22:41:46
163,42.467407,117.249272,2010-08-07 03:41:26
167,39.969483,116.419979,2008-07-25 14:24:04
153,39.981242222,116.457528791,2012-02-19 12:39:27
82,40.052598,116.400276,2009-05-15 22:32:10
68,39.973714,116.41827,2009-03-05 23:57:16
153,39.927224,116.472272,2009-06-11 01:01:27
41,39.6340782,116.0618916,2009-02-20 06:54:48
17,39.9326299,116.3495116,2008-12-04 01:44:20
1,40.014464,116.311891,2008-12-10 09:38:02
14,40.0323466,116.4654366,2008-12-16 00:31:28
68,39.958749,116.418927,2009-08-26 03:10:34
37,39.92312,116.43256,2009-03-28 03:32:01
84,39.949237,116.419346,2008-07-23 00:10:22
115,39.906865,116.4982966,2008-07-07 23:17:38
115,39.98493,116.3373949,2008-06-20 10:17:19
39,40.086092,116.266738,2009-05-31 09:38:18
67,31.8971133333333,117.295941666667,2011-05-20 23:36:46
17,39.9950266,116.3466716,2009-03-29 08:22:29
25,39.9876166,116.3033416,2009-01-10 00:05:49
141,40.008575,116.389153333333,2011-09-10 06:32:31
10,39.975223,116.333884,2009-03-01 15:07:27
167,40.008599,116.32213,2009-02-02 11:24:16
1,40.008463,116.317735,2008-11-17 13:31:40
30,39.789863,116.279841,2009-04-12 13:15:33
13,40.008069,116.404552,2008-10-18 06:41:24
10,35.074955,117.148428,2008-12-19 20:16:23
153,22.324685779,114.018838666,2012-05-09 10:34:35
67,35.7378283333333,114.257271666667,2011-05-22 18:31:59
17,39.9841766,116.315995,2009-06-13 23:58:15
112,39.974255,116.3407316,2008-06-24 15:36:56
36,39.95967,116.432211,2009-07-06 05:52:51
167,39.980814,116.446979,2008-05-31 13:17:44
68,39.987178,116.397903,2009-05-01 05:28:32
78,39.975282,116.330931,2008-08-20 02:33:50
26,39.994747,116.32844,2009-03-11 11:35:52
25,40.3214783,116.3212349,2009-04-05 06:54:47
84,34.209475,108.915095,2008-09-27 07:53:46
37,39.9841799,116.3167366,2009-03-02 01:57:54
153,39.981606,116.450394,2011-01-14 12:21:53
153,39.903736,116.448526,2010-02-11 10:29:05
52,39.983785,116.307352,2008-06-06 13:12:50
35,39.990462,116.329974,2009-04-13 12:46:07
163,39.986664,116.388909,2010-04-18 12:59:51
144,37.089116,100.548522,2009-07-06 15:14:52
52,39.989275,116.307736,2008-05-25 05:58:25
41,39.9461049,116.28972,2009-03-16 04:59:26
12,39.857295,116.380505,2008-11-02 07:46:38
22,40.026402,116.345136,2009-05-31 19:19:18
35,40.030217,116.360049,2009-03-15 02:03:55
33,39.951108,116.362342,2009-01-09 23:27:14
14,40.1705416,116.4893483,2009-02-08 04:39:17
10,39.165013,117.204371,2008-12-23 12:47:25
153,30.267736174,120.166570745,2012-02-07 13:22:31
142,39.957767,116.292157,2010-05-25 01:34:55
144,40.0076749,116.4235799,2008-12-27 01:46:37
140,43.7725549,116.5833133,2009-07-01 10:56:10
10,34.348916,117.241855,2008-12-20 16:32:45
128,40.07023,116.3106216,2008-11-15 10:10:03
10,43.146367,88.824657,2008-04-04 04:02:34
70,39.405711,118.64466,2008-10-02 00:54:37
126,39.970951,116.41873,2008-11-20 12:32:50
28,39.967794,116.101518,2009-02-07 09:49:31
17,39.98482,116.3207933,2009-03-30 11:35:52
140,39.94393,116.4558099,2009-06-06 01:09:11
167,39.985623,116.418191,2008-06-15 04:45:37
124,30.890529,91.641966,2008-10-01 09:11:50
163,39.987177,116.448763,2010-10-18 19:08:05
153,25.037084605,121.497749752,2012-05-15 19:12:39
85,39.981045,116.329192,2008-10-25 14:28:30
128,40.051395,116.0878533,2009-04-05 03:14:37
153,39.966026,116.340013,2008-07-22 09:33:34
0,39.923242,116.2693,2009-04-14 05:29:25
104,39.9695733,116.31381,2008-10-08 16:43:22
68,39.978895,116.418129,2009-09-11 06:49:51
7,40.067128,116.13842,2008-11-11 04:14:31
153,30.918852906,103.479189782,2011-10-05 11:04:40
144,39.7187733,119.2033533,2008-12-31 13:27:46
17,39.9837349,116.3813016,2009-04-13 04:44:11
148,36.0810533333333,114.335055,2011-05-14 17:15:57
17,39.3684666,116.6300483,2009-05-28 08:09:50
67,39.1524116666667,117.17914,2011-05-07 10:16:23
167,39.990901,116.327,2008-04-28 18:44:31
42,39.8646483,116.560815,2009-03-10 06:56:57
9,40.002978,116.343983,2008-11-11 14:50:22
10,32.056461,119.580021,2008-12-20 13:03:34
10,37.856773,113.453605,2007-10-18 01:57:04
62,39.9867233,116.3945783,2008-08-12 23:35:08
23,33.219855,114.037192,2009-02-12 20:22:37
153,40.031168339,116.431583563,2011-11-16 08:27:33
38,39.9678683,116.3138783,2009-04-15 04:55:33
50,39.9946861333333,116.199234016667,2009-08-24 23:30:46
41,39.7288849,116.3399266,2009-05-23 06:37:14
13,39.960763,116.424801,2008-11-16 06:35:43
13,39.975157,116.347129,2008-11-12 11:07:54
42,39.9101649,116.4553183,2009-02-11 00:04:35
10,39.90316,116.422295,2007-08-04 04:07:07
163,34.059409,-118.339164,2010-11-06 03:06:27
10,39.117795,117.243927,2007-09-06 21:55:58
141,39.9902833333333,116.309971666667,2011-10-10 11:07:57
153,39.963167,116.473545,2009-10-17 11:09:07
52,39.993266,116.369481,2008-10-06 14:04:37
10,39.902351,116.421034,2008-12-19 13:00:05
153,39.95415,116.32924,2011-01-13 11:09:37
142,39.958002,116.279001,2008-12-26 09:34:50
167,39.785095,117.161703,2008-08-10 10:53:12
68,39.986461,116.368793,2009-03-27 01:18:50
62,39.9753183,116.3684116,2008-08-23 08:14:17
39,40.363009,115.958574,2009-05-02 07:57:04
42,39.899915,116.3458666,2009-04-10 02:42:01
101,39.9901799,116.292145,2008-03-30 10:06:35
30,40.000214,116.326766,2009-07-03 04:47:50
163,31.197128,121.478468,2010-08-28 10:01:06
163,23.467076681,120.695968078,2012-05-13 14:48:52
153,23.319183166,120.429348738,2012-05-13 10:04:16
112,39.9906399,116.2741249,2008-05-24 10:57:34
124,37.0354,95.424085,2008-10-02 15:19:31
10,40.03507,116.317258,2009-03-07 05:12:28
10,32.875503,91.528995,2008-10-02 07:08:51
153,27.651972284,117.942982102,2011-12-23 13:00:19
5,40.005155,116.324333,2008-11-07 08:52:13
141,40.360215,116.007863333333,2011-10-23 02:41:08
24,39.938016,116.189179,2009-05-20 06:07:28
73,39.9128266,116.1923683,2008-05-24 08:58:35
30,39.895656,116.293298,2009-06-28 14:11:34
67,39.97486,116.321098333333,2011-05-01 13:57:45
68,39.990779,116.417902,2009-04-28 06:48:38
14,40.0129449,116.3793099,2008-10-26 08:14:21
135,39.448907,115.955547,2009-01-24 08:58:14
62,40.093655,116.2865499,2008-11-16 06:43:53
153,39.999696,116.511207,2010-05-08 04:17:55
50,39.9674606333333,116.31884765,2009-08-08 08:55:41
128,36.620345,114.4710216,2008-05-09 05:04:23
125,40.000786,116.324538,2008-09-13 14:47:23
14,40.0958699,116.5167166,2008-12-06 08:35:46
41,39.9468983,116.2083416,2009-03-04 08:31:05
128,41.7991666,123.4354233,2009-10-06 08:12:13
17,39.9936316,116.3808733,2009-03-08 07:08:54
167,40.008946,116.320054,2008-08-11 03:30:55
22,39.968738,116.411585,2009-05-28 12:08:39
10,37.858985,113.348795,2007-10-21 23:15:44
42,39.9157416,116.3037666,2009-04-06 06:14:06
62,39.9776816,116.3637066,2008-11-01 07:28:21
124,31.317893,91.862953,2008-10-01 08:33:58
74,39.6383733333333,115.62475,2012-04-14 02:15:44
168,39.986361,116.366776,2011-06-28 23:18:35
167,40.288604,116.524663,2008-05-01 02:04:47
17,39.98436,116.3199866,2009-06-10 23:53:21
41,40.0885099,117.0836449,2009-04-08 01:45:27
78,39.9751183,116.3289883,2008-04-30 20:00:03
78,39.9349066,116.3879016,2008-05-17 20:15:02
167,41.893502,117.775223,2008-05-01 07:57:20
11,39.9434049,116.3498149,2008-10-06 23:55:35
40,39.972452,116.397265,2009-03-09 09:03:47
30,39.999847,116.326064,2009-06-09 16:49:30
167,40.001732,116.321774,2008-11-17 04:25:21
3,39.939656,116.382916,2009-04-05 11:29:58
126,40.11486,116.081063,2008-09-29 06:44:16
44,39.973088,116.33359,2009-02-26 02:09:26
3,39.994063,116.326762,2008-12-01 09:57:38
11,39.9566433,116.3173366,2008-11-18 06:53:23
3,40.007727,116.319717,2009-05-12 20:02:38
14,39.9847183,116.3202533,2008-10-27 00:51:56
153,39.986984,116.483752,2008-11-04 03:08:09
153,39.8982399,116.3652049,2008-05-09 08:22:58
1,40.009178,116.316493,2008-11-07 16:49:41
2,39.921415,116.34696,2008-11-07 00:19:42
42,39.8659516,116.2976249,2009-02-10 04:00:25
91,40.0832999,116.31996,2007-11-22 22:35:31
67,32.8059266666667,114.031153333333,2011-05-22 15:22:58
163,34.098072,-118.362266,2010-11-07 05:15:02
10,42.912592,86.640853,2008-04-03 22:21:57
126,40.00194,116.318245,2008-11-28 12:27:03
128,39.9778466,116.2747666,2009-12-22 08:13:21
167,39.817262,119.48249,2008-06-09 02:25:34
39,39.895107,116.450769,2009-04-02 04:34:29
153,40.011448,116.386222,2010-05-31 09:10:46
153,36.078115,-112.267852,2011-08-15 21:51:55
144,7.906323,98.37973,2009-03-25 02:54:49
41,39.859455,116.2584299,2009-04-14 09:36:54
38,39.932735,116.30447,2009-02-10 13:10:52
68,39.996012,116.417285,2009-03-04 12:25:03
140,28.6585783,115.8906233,2009-01-15 03:30:07
9,40.003254,116.342852,2008-11-09 11:45:17
144,40.023241,116.293243,2009-07-19 07:41:36
68,39.96756,116.417298,2009-06-26 08:25:56
144,40.1152633,116.4074883,2008-10-19 07:02:39
153,39.974695,116.456494,2011-04-08 10:18:23
71,42.4213866666667,123.977565,2011-12-31 20:03:07
101,40.0237749,116.2729066,2008-03-30 09:56:59
20,39.9757,116.305108333333,2011-09-05 14:25:32
154,39.1323166666667,117.2177,2007-05-01 15:40:59
167,40.006054,116.320615,2008-05-19 14:35:52
128,39.9844199,116.3148733,2009-02-21 06:57:21
81,39.991654,116.32439,2008-06-02 05:11:56
35,39.97797,116.300542,2009-04-24 04:18:01
179,39.999736,116.328124,2008-10-02 02:45:17
17,40.0085349,116.3461849,2009-06-01 23:53:03
167,39.975416,116.331061,2008-05-29 10:27:08
128,40.0072133,115.9786199,2009-07-05 08:37:08
65,39.98271,116.329551666667,2011-09-18 01:15:42
25,31.2303666,121.4736649,2009-05-03 07:58:44
3,40.000543,116.333543,2009-02-21 03:50:53
153,40.030951,116.436971,2011-08-09 09:23:34
141,39.916795,116.35035,2011-09-25 07:51:00
3,39.921533,116.649868,2009-04-25 12:59:10
71,39.9808766666667,116.323445,2012-03-20 11:26:25
153,39.899467,116.471504,2009-01-12 12:09:31
36,39.977506,116.34021,2009-03-19 05:33:43
120,42.5220133,117.2313083,2009-09-20 10:09:44
11,39.9753549,116.3497649,2008-11-09 23:35:56
1,39.973118,116.327685,2008-12-09 02:40:22
74,29.8900916666667,115.864406666667,2012-01-28 16:19:16
17,39.8975216,116.3680783,2008-11-10 02:36:52
68,39.995171,116.418231,2009-07-05 22:09:06
115,40.0208783,116.4116183,2008-04-24 10:26:46
128,40.0722683,116.3285483,2010-02-23 01:25:49
141,39.9837783333333,116.306828333333,2011-09-03 06:26:53
22,46.609186,124.95331,2009-01-16 06:28:09
167,40.556943,117.668651,2008-05-03 01:28:35
24,40.37817,115.879369,2009-03-08 08:43:50
35,39.990366,116.330045,2009-04-07 11:34:33
153,40.006748,116.451937,2010-05-31 02:58:54
17,39.9665733,116.3706166,2009-01-11 08:04:17
84,39.981313,116.327812,2008-11-27 22:17:50
153,39.986149,116.449637,2010-10-25 00:09:52
96,40.00762,116.319555,2008-10-08 15:08:45
67,39.9341666666667,116.3799,2011-06-18 08:26:45
38,39.9679733,116.3023516,2009-04-16 14:30:48
41,39.8585483,116.2593666,2009-02-22 07:34:35
67,39.985703,116.483488,2011-03-05 01:39:20
163,39.986872,116.449405,2010-10-23 12:29:20
70,39.509062,118.665213,2008-10-02 06:21:18
29,39.798611,116.51835,2009-02-01 09:08:07
128,40.0012316,116.3929283,2008-07-06 02:49:21
153,25.503043,110.067528,2010-12-25 09:13:05
144,37.204832,98.989675,2009-07-06 16:51:58
126,39.982861,116.326956,2008-10-24 11:17:47
168,39.915037,116.268829,2011-07-13 02:03:34
84,19.018048,110.493906,2008-08-28 02:54:54
41,39.874535,116.3814499,2009-03-13 05:51:13
125,39.9999466,116.3599566,2008-07-02 00:34:04
41,39.8593099,116.2593816,2009-02-25 04:19:23
4,39.975295,116.31137,2009-06-28 04:16:18
153,39.987778246,116.453912277,2011-10-08 17:36:37
128,25.908445,115.0419049,2010-10-08 02:38:49
44,40.058782,116.319738,2009-03-14 12:49:21
20,39.9775633333333,116.331143333333,2011-08-28 23:56:16
42,39.9056133,116.4205866,2009-01-31 03:08:25
128,39.9745849,116.3298166,2010-06-10 04:13:49
51,31.3431999,117.1737266,2008-02-19 15:23:26
4,40.009407,116.32052,2009-06-24 04:04:28
140,39.8395799,116.4101199,2008-08-31 13:26:53
35,39.981854,116.32135,2009-04-07 01:59:16
168,27.773044,113.161992,2009-09-30 21:51:14
149,40.6768266,117.2322099,2009-09-12 12:24:48
74,39.9751433333333,116.328991666667,2012-02-02 00:25:08
50,39.9586639333333,116.27417755,2009-08-02 10:04:04
4,39.996129,116.326706,2008-11-07 12:56:48
84,39.892591,116.286492,2008-09-25 09:27:06
24,40.089523,116.545595,2009-05-12 04:53:44
144,35.280507,93.228438,2009-07-07 03:22:12
62,39.98748,116.3003483,2008-11-09 06:34:01
153,43.672938,7.220862,2009-05-01 14:09:01
13,39.975629,116.331675,2008-10-16 00:01:30
25,18.2622633,109.4918033,2009-02-10 13:20:33
127,41.449972,125.897472,2008-09-30 07:48:16
22,40.027565,116.345608,2009-06-01 01:33:13
17,39.9874733,116.3810699,2009-01-22 02:53:06
128,26.8172849,114.9447966,2009-02-02 03:47:01
24,40.074022,116.291583,2009-05-15 05:41:56
163,24.535259101,117.428466026,2011-12-19 09:46:24
65,39.9625783333333,116.307071666667,2011-10-05 15:25:28
2,39.905962,116.347978,2009-02-14 11:51:23
153,39.978616,116.448065,2010-07-31 09:48:47
35,39.990337,116.330493,2009-03-01 12:44:57
30,40.003526,116.323677,2009-05-13 10:26:36
130,39.964076,116.436572,2009-09-12 15:24:01
172,59.8229833,-149.5735016,2008-06-27 20:36:18
50,39.9569053649902,116.275329589844,2009-08-01 11:53:07
11,39.98413,116.3527266,2008-10-07 10:58:12
22,39.974134,116.334246,2009-05-12 10:47:17
22,39.953353,116.317302,2009-01-10 04:13:01
41,40.1435266,117.2083983,2009-04-24 00:53:02
67,39.114015,117.197023333333,2011-05-07 06:02:24
42,39.6946666,116.3273766,2009-03-11 05:04:31
52,39.999343,116.379812,2008-07-23 14:36:12
85,40.002046,116.331189,2009-09-28 01:28:54
36,22.825141,115.266975,2009-02-02 00:52:09
131,39.9846049,116.32579,2009-07-16 18:11:05
41,39.9060216,116.2682933,2009-07-03 23:57:16
68,39.978513,116.417846,2009-04-03 00:12:50
17,39.9874449,116.3723433,2008-12-27 13:02:03
14,39.9678766,116.3328199,2009-02-11 10:36:59
17,40.91255,117.3153616,2009-01-28 01:57:38
43,39.789605,116.525129,2009-06-09 01:07:32
4,40.008893,116.321353,2008-10-28 10:41:30
13,39.974033,116.346816,2008-12-05 09:58:48
153,39.968534,116.461915,2010-07-03 08:18:06
163,37.56538,126.984184,2008-05-05 09:59:08
144,35.720744,94.035905,2009-07-07 02:08:23
67,31.6582766666667,117.184915,2011-06-11 07:34:56
39,40.0719,116.416132,2009-06-23 12:29:21
83,39.9494549,116.3724416,2009-02-21 16:08:32
82,47.653527,-122.134577,2008-08-06 23:36:11
140,39.9963716,116.4109633,2008-09-13 07:15:51
104,39.9250916,116.2931233,2008-10-02 14:34:41
142,60.17158,24.947447,2010-05-16 17:31:03
52,39.985005,116.35273,2008-06-06 06:07:48
163,39.7786,116.450095,2011-02-02 03:59:14
13,40.166721,116.128042,2008-10-27 09:31:30
41,39.8669216,116.3498183,2009-05-08 22:47:40
85,39.975063,116.334073,2009-03-29 01:02:51
52,39.982976,116.329668,2008-07-30 11:48:29
153,39.965535,116.3464666,2008-06-08 12:24:08
68,39.932427,116.456416,2009-09-11 10:36:51
38,39.9683749,116.3092099,2009-02-26 12:22:57
41,39.8591583,116.2769133,2009-04-18 23:36:32
167,39.968261,116.415334,2008-05-30 05:28:02
125,30.610912,114.218884,2008-09-03 17:56:33
81,39.992778,116.328265,2008-06-20 00:11:21
7,39.974986,116.340299,2008-10-29 11:14:26
9,39.996281,116.327258,2008-11-12 01:20:53
128,35.41779,114.0334816,2008-05-09 03:57:50
39,40.031209,116.306324,2009-05-06 23:41:34
37,39.8699733,116.4575849,2009-02-25 03:45:36
126,39.9776633,116.3628133,2008-06-14 09:52:33
9,39.995741,116.328948,2008-11-04 04:45:11
0,39.975362,116.380995,2009-06-09 00:59:30
169,40.020071,116.395947,2010-05-11 10:49:01
3,40.007818,116.319529,2008-11-22 02:45:35
84,34.532437,110.247881,2008-09-25 21:05:58
58,39.978585,116.328768333333,2011-08-29 11:50:58
67,40.027037,116.453077,2011-01-16 14:53:54
10,37.821155,112.580685,2007-10-21 19:23:37
10,32.097028,118.736939,2008-12-20 03:24:30
126,39.9915666,116.3382466,2008-06-14 09:28:35
50,39.8699379,116.272666933333,2009-08-06 04:15:38
7,39.979826,116.339263,2008-11-16 15:55:29
17,39.9233783,116.1941533,2009-04-11 09:44:23
4,40.012451,116.321456,2008-11-03 21:55:21
96,40.008073,116.319219,2008-12-05 12:47:20
153,40.180454,116.233675,2009-07-09 02:37:49
167,39.815074,119.495285,2008-06-08 04:10:21
12,39.984914,116.3256,2008-11-18 01:08:09
65,39.9715933333333,116.313036666667,2011-10-14 01:08:14
67,40.0599966666667,116.617381666667,2011-06-08 07:49:35
153,39.92699,116.471553,2008-09-25 11:42:51
56,39.974683,116.309887,2008-05-16 10:08:41
20,39.9748133333333,116.305236666667,2011-08-30 01:34:38
160,13.412473,103.860613,2010-12-28 11:22:48
153,39.895061784,116.483547911,2012-01-24 12:28:40
65,39.9578733333333,116.328693333333,2011-09-18 08:42:56
85,39.899645,116.340328,2008-12-19 08:36:01
10,34.916576,113.535068,2008-09-28 18:51:31
10,40.230394,116.368244,2009-02-14 03:40:53
167,39.821659,119.477888,2008-08-08 11:19:22
142,47.612332,-122.197767,2008-05-02 19:19:23
4,39.995139,116.327604,2009-04-23 08:51:31
14,40.0452066,116.4763049,2009-03-14 08:42:05
36,39.977643,116.339042,2009-03-22 17:14:40
2,39.900366,116.384313,2008-11-19 10:27:15
115,39.9853266,116.3446399,2008-05-07 10:16:57
68,39.969557,116.420005,2009-02-17 07:55:26
153,39.987973,116.473061,2010-05-09 01:59:23
17,39.9856433,116.3450899,2008-12-17 09:15:55
25,30.539825,114.3572033,2009-05-12 09:13:04
126,39.97944,116.449528,2008-08-16 12:51:46
126,39.9914116,116.3242516,2008-05-16 14:05:16
12,42.200303,125.878692,2008-09-30 02:06:55
159,37.9019116666667,114.507606666667,2012-03-31 15:35:39
153,39.975330044,116.455350883,2011-10-07 20:24:04
10,42.837262,87.90881,2008-04-04 01:43:35
85,40.39453,116.682892,2009-01-02 02:58:04
153,39.81434,116.485268,2009-09-11 05:21:40
153,43.570263,7.086167,2009-05-01 13:42:08
18,40.0318483,116.5592516,2008-12-02 04:18:50
168,27.436053,113.104289,2009-09-30 22:12:55
143,39.987727,116.482414,2009-09-12 20:21:24
41,39.9942733,116.5795699,2009-04-21 06:43:24
65,39.9794666666667,116.32298,2011-08-25 00:44:41
153,39.895008,116.312385,2010-02-19 08:00:00
2,37.364496,110.779591,2009-01-29 12:14:38
30,39.923171,116.264253,2009-04-10 08:26:36
153,39.982109,116.450715,2010-10-08 13:57:07
14,39.9667833,116.3669599,2009-03-12 00:00:13
144,40.0306933,116.4310733,2009-03-09 10:44:11
52,39.999953,116.380108,2008-07-23 14:42:27
163,39.874854123,116.482894505,2012-01-24 12:32:25
153,25.244346,110.127372,2010-12-27 02:37:26
4,38.928631,121.529255,2009-02-04 02:09:00
163,39.915711,116.45541,2011-01-29 15:11:59
144,39.9959,116.329166666667,2008-06-19 10:37:59
68,39.909621,116.350474,2009-06-09 12:22:38
144,40.054554,116.408733,2009-08-30 08:24:46
14,39.9848333,116.3226883,2008-11-25 23:52:05
71,39.98097,116.327925,2012-04-09 13:14:07
34,40.0127249,116.35512,2009-03-12 09:11:14
30,39.946128,116.794688,2009-03-13 12:41:07
59,39.9753566666667,116.321161666667,2011-08-30 00:27:26
144,1.638069,103.1079,2009-03-25 14:30:35
38,39.9686483,116.3118499,2009-02-20 08:12:47
84,18.670737,110.252277,2008-08-28 03:25:02
65,39.9521533333333,116.35582,2011-10-01 08:14:29
140,39.9154149,116.4370916,2009-03-14 07:53:25
65,39.96544,116.324135,2011-09-08 04:53:32
140,34.4127066,115.6982266,2009-01-28 15:03:04
132,29.872549,121.549606,2010-02-17 14:29:37
30,39.994709,116.318254,2009-05-17 06:52:28
153,39.982255,116.433441,2009-11-28 00:07:52
41,39.976665,116.3274066,2009-04-04 03:43:20
163,37.561205,126.985277,2008-05-06 13:48:29
158,31.292037,121.492788,2009-02-18 01:33:21
128,38.0386216,122.7280266,2009-02-22 04:48:17
128,40.0753566,116.3277049,2008-08-21 14:40:33
125,40.103588,116.188612,2008-05-23 06:31:36
52,39.052328,100.40852,2008-08-03 14:11:50
144,38.459686,116.958883,2009-08-25 03:48:24
62,39.9420016,116.4559633,2008-10-31 07:55:52
96,40.062522,116.293692,2008-07-12 09:50:22
65,40.003974,119.910854,2009-08-15 11:20:38
40,39.967477,116.311525,2009-02-17 08:52:08
17,39.9863616,116.3751066,2009-02-20 09:21:44
68,39.990095,116.417693,2009-03-05 23:46:50
115,39.9832049,116.3270983,2008-07-13 11:15:06
36,39.805853,116.110457,2009-07-08 11:27:18
65,39.9777016666667,116.331876666667,2011-09-02 11:05:51
30,39.935616,116.761093,2009-06-21 10:43:18
10,37.853223,112.57912,2007-10-21 19:35:09
35,39.981577,116.321286,2009-02-26 00:19:36
156,40.356601,116.01206,2009-07-09 04:57:53
30,40.00563,116.317875,2009-07-06 16:49:42
141,40.0048716666667,116.253783333333,2011-10-22 05:43:17
67,39.97532,116.326953333333,2011-05-09 00:51:12
42,39.9021883,116.3465683,2009-02-19 03:55:36
20,39.9798233333333,116.30766,2011-11-15 01:43:34
5,40.011298,116.321013,2009-01-16 00:26:19
10,31.596818,91.760959,2008-10-01 05:14:20
128,40.07037,116.328145,2008-09-02 13:47:32
68,39.989045,116.417864,2008-10-31 06:46:24
24,40.086653,116.367682,2009-01-15 02:45:26
4,39.085564,122.001123,2009-02-06 03:24:49
144,40.834763,114.873259,2009-08-01 06:36:56
59,39.9753716666667,116.320181666667,2011-08-30 00:28:48
64,39.989653,116.309952,2008-08-18 11:22:35
17,39.9755933,116.3802033,2009-01-19 11:01:21
96,39.992137,116.33122,2008-11-01 02:33:51
52,40.000287,116.379337,2008-07-21 21:54:46
130,39.978415,116.307877,2009-09-09 18:22:39
179,40.033617,116.313087,2008-11-07 13:46:46
168,39.98424,116.294858,2011-08-06 10:03:15
167,39.865719,116.489621,2008-06-20 01:59:51
37,39.9230483,116.4312949,2009-02-17 03:20:00
128,26.2858033,116.3821433,2010-09-30 08:22:52
65,39.9748916666667,116.325618333333,2011-08-30 15:12:13
13,39.966968,116.384017,2008-12-01 09:37:19
14,39.9967583,116.3807266,2009-03-16 02:13:11
147,39.986016,116.349171,2011-03-18 09:12:20
30,39.957753,116.281972,2009-02-14 04:54:26
85,39.976497,116.329895,2009-02-23 09:28:27
10,39.898165,116.367226,2008-10-09 11:44:27
153,33.613765,-117.92961,2010-11-07 17:17:48
125,40.009838,116.507666,2008-05-30 07:29:06
153,39.966613,116.483704,2008-11-26 23:22:10
62,39.8971666,116.3944266,2008-07-30 15:45:27
13,38.886919,121.547258,2009-01-25 09:57:43
124,36.616378,101.813546,2008-10-03 03:38:59
41,39.8701866,116.3054566,2009-03-14 05:02:46
74,39.974905,116.318998333333,2012-01-30 14:10:32
141,39.99115,116.302686666667,2011-09-18 09:01:15
44,39.956202,116.283375,2009-07-08 02:35:46
42,39.9117216,116.453515,2009-02-18 10:58:39
5,40.000534,116.326871,2008-10-29 02:07:12
84,39.984922,116.337188,2009-09-06 06:52:32
10,37.011023,98.717693,2008-10-02 20:05:44
5,22.162256,113.553248,2008-11-30 23:52:23
115,39.7944233,117.0031283,2008-05-01 01:22:37
74,31.36584,114.851541666667,2012-01-28 18:28:24
64,39.973778,116.311899,2008-08-16 12:07:12
153,39.929496,116.471998,2009-10-04 10:22:40
140,39.9923916,116.41451,2009-05-07 14:14:06
10,30.074473,118.177807,2007-12-29 13:19:38
41,39.829075,116.3102583,2009-06-15 01:18:17
144,40.077004,116.587213,2009-07-04 09:22:45
96,40.006432,116.318391,2008-11-28 12:03:30
50,39.930103302002,116.206008911133,2009-08-22 22:37:45
4,40.000196,116.324938,2009-01-13 19:39:43
10,36.526301,102.037745,2008-10-03 15:32:44
84,39.985534,116.362525,2008-08-19 23:31:55
44,39.992298,116.325915,2009-07-14 03:23:20
169,39.993816,116.380803,2010-06-03 01:14:09
126,39.992546,116.326837,2008-09-29 12:21:40
155,39.848165,116.427138,2009-07-28 10:32:55
68,39.97414,116.418191,2009-01-02 11:30:21
30,40.006712,116.323873,2009-04-24 04:01:48
68,39.981439,116.418511,2009-06-23 12:30:39
153,39.947655,116.467828,2009-04-06 04:55:12
15,39.973576,116.334731,2008-11-13 08:11:39
163,31.233857,121.471725,2010-08-29 05:31:09
10,42.076658,86.54468,2008-04-03 20:07:47
41,40.6214466,116.6533299,2009-03-04 06:47:46
153,39.986654,116.448618,2010-07-15 11:36:15
42,40.0253216,116.5179799,2009-05-07 09:19:04
128,40.0709066,116.3286949,2008-09-03 13:48:22
66,40.01089,116.448095,2009-05-27 17:07:22
7,39.93078,116.319429,2008-12-11 05:55:47
179,40.003226,116.31677,2008-10-01 02:04:03
26,37.737662,112.555644,2009-02-02 06:30:05
62,39.9781516,116.3110366,2008-06-20 05:01:36
30,40.009961,116.312538,2009-07-04 01:24:03
15,39.768704,116.297439,2009-02-26 07:31:18
41,39.9138716,116.4202066,2009-04-22 13:31:56
41,40.1034549,116.2851166,2009-06-27 00:32:34
0,40.005375,116.322255,2009-04-21 04:12:20
25,39.9923366,116.322665,2009-04-24 12:11:07
153,32.710574,-117.166991,2011-08-18 00:22:17
50,38.5308265686035,114.969352722168,2009-08-25 17:03:41
19,40.2972133,116.5976916,2008-11-14 04:30:21
35,39.982015,116.326496,2009-02-24 06:34:13
15,40.000778,116.327278,2009-03-02 10:27:05
128,39.985055,116.3299749,2008-12-31 03:00:30
153,41.1989,117.78934,2010-08-06 10:55:31
0,40.011311,116.296919,2008-11-11 00:37:29
17,40.0217916,116.3604166,2009-04-02 10:41:15
126,39.996099,116.385171,2008-10-15 13:28:08
41,40.47413,116.8332449,2009-06-07 00:35:23
68,39.986827,116.417906,2009-03-28 06:54:14
52,39.931956,116.392841,2008-07-21 04:39:36
23,22.8104933333333,108.27387,2009-02-04 13:35:12
10,37.781443,113.679647,2007-10-18 02:53:02
153,30.701210547,104.052591748,2011-10-01 11:16:09
25,34.0953716,117.1501899,2009-01-12 07:56:26
153,48.074665,-122.185607,2010-11-12 02:38:36
153,24.464502021,118.068985587,2011-12-19 07:54:36
31,40.033573,116.653361,2009-01-23 07:56:00
68,39.96934,116.42017,2008-10-05 14:12:58
33,40.045247,116.529675,2009-01-18 03:44:51
128,39.9399133,116.4427466,2010-04-06 13:09:22
30,39.973766,116.331248,2009-01-13 02:33:23
85,40.051458,116.405286,2009-07-03 08:41:37
115,39.9863966,116.377325,2008-06-15 23:39:17
153,39.998815836,116.461773145,2011-12-24 20:44:21
10,35.871454,94.486783,2008-09-30 21:32:48
3,31.21966,121.412039,2009-05-23 08:06:13
4,40.007792,116.323354,2009-06-03 15:05:02
68,39.994987,116.418379,2009-05-06 00:01:10
41,39.9012283,116.25868,2009-06-24 21:26:15
163,47.461972,-122.255173,2010-11-12 18:01:23
16,39.932765,116.347149,2008-12-14 12:14:25
62,39.984585,116.3095049,2008-08-11 09:07:01
39,39.883327,116.431859,2009-04-05 08:10:41
111,36.4473666666667,101.099216666667,2009-07-19 07:26:33
2,39.926948,116.334058,2008-12-12 00:04:53
13,39.96225,116.418728,2008-11-12 11:33:30
10,36.997176,98.67377,2008-10-02 19:47:31
14,39.9859683,116.3607016,2009-02-10 00:19:36
141,39.9802683333333,116.320235,2011-10-08 00:33:28
68,39.994017,116.418327,2009-06-16 00:18:32
167,41.657416,117.811763,2008-05-01 07:04:10
39,39.983775,116.307425,2009-03-21 06:45:16
39,39.97341,116.488349,2009-04-27 06:33:34
112,39.9960616,116.2872783,2008-05-24 01:26:39
37,39.84477,116.36378,2009-07-14 00:33:50
153,39.92703,116.472101,2009-06-29 01:58:32
163,25.149807,110.429138,2010-12-26 02:04:03
153,39.992206,116.431142,2009-06-20 07:01:44
128,40.0702449,116.3289166,2008-07-28 01:43:01
4,40.000655,116.32692,2008-11-10 11:49:10
65,39.9812816666667,116.411111666667,2011-08-30 13:03:34
64,39.987519,116.29999,2008-08-20 12:11:07
52,39.98505,116.352314,2008-06-07 17:33:27
8,39.956441,116.360049,2008-10-26 12:23:42
38,39.9683416,116.3092216,2009-02-24 10:57:35
67,39.9293683333333,119.583748333333,2011-06-06 04:50:23
41,39.8665149,116.3174983,2009-06-15 22:54:13
67,31.0449083333333,113.92369,2011-05-22 13:25:20
25,38.9140583,121.6471116,2009-06-09 03:37:54
163,39.303981,113.780836,2011-05-01 09:33:23
168,39.973031,116.375003,2011-06-23 23:39:43
62,39.9957366,116.2945616,2008-08-16 10:09:02
126,40.0034299,116.32289,2008-07-13 09:58:51
10,39.991519,116.329708,2008-11-07 00:27:14
25,39.9844633,116.3096383,2009-04-30 10:54:06
10,36.86968,100.962663,2008-10-02 23:43:31
141,39.996515,116.265286666667,2011-10-22 07:19:17
163,37.565795,126.980443,2008-05-05 08:42:20
73,39.9750533,116.3275299,2008-08-15 17:25:54
62,39.9679833,116.3639033,2008-08-23 08:18:13
163,25.035808474,121.51897975,2012-05-15 18:26:10
38,40.0418233,116.5281766,2009-03-22 12:42:00
153,39.98758,116.447922,2009-12-09 12:38:02
163,39.98780086,116.474457558,2012-03-25 11:32:06
128,51.4103216,119.973735,2008-10-03 09:37:02
8,39.956794,116.360456,2008-12-05 13:44:53
74,34.5763783333333,115.618141666667,2012-01-28 22:39:40
167,39.985126,116.32729,2009-02-14 10:14:19
128,39.9511399,116.3728133,2009-02-14 08:23:22
51,39.9897199,116.3017383,2007-12-15 01:06:34
14,39.9507066,116.3491616,2008-11-30 01:06:01
35,39.981817,116.321334,2009-02-23 00:12:09
85,39.981039,116.329255,2009-03-06 22:42:00
167,40.114387,116.081316,2008-09-29 06:33:52
23,39.94998,116.312426666667,2009-01-12 19:49:34
68,39.979839,116.418158,2009-03-10 13:17:41
41,39.6067082,116.1128283,2009-03-06 12:39:10
11,39.9747666,116.3597316,2008-09-28 13:36:04
84,39.933228,116.42818,2008-11-05 05:12:37
96,40.008115,116.319404,2008-07-10 20:44:36
42,40.050125,116.2799416,2008-10-07 01:01:42
128,40.0752266,116.3277316,2010-07-28 13:22:58
153,39.967508,116.438213,2011-06-21 15:15:43
141,39.9917783333333,116.216816666667,2011-10-22 05:24:14
3,39.885605,116.437616,2009-01-12 07:41:36
65,39.9048083333333,116.024276666667,2011-10-05 04:59:23
10,39.973896,116.33381,2008-09-23 12:21:18
163,39.667436,116.095509,2008-05-01 04:54:20
4,39.99264,116.324829,2008-12-06 05:14:48
36,39.979709,116.342991,2009-03-23 05:50:45
128,26.3304433,116.3356799,2010-02-18 05:57:53
30,39.949121,116.793357,2009-05-24 00:40:14
17,39.9849516,116.32968,2009-04-16 10:16:15
9,40.002651,116.344106,2008-12-13 14:06:32
12,35.180592,117.088762,2008-11-16 19:26:00
126,39.9739166,116.33438,2008-05-01 09:02:16
153,39.973095,116.483751,2009-01-15 04:24:34
119,39.954424,116.491002,2008-10-05 10:28:17
11,39.9162566,116.3673999,2008-10-01 01:53:46
38,39.9687316,116.3091983,2009-02-22 12:56:44
74,35.6209883333333,115.905045,2012-01-29 00:02:39
55,39.974572456,116.331156467,2011-08-09 23:38:46
142,39.960552,116.301307,2011-01-25 01:42:58
50,39.968620300293,116.266639709473,2009-08-03 08:59:42
141,39.9720333333333,116.28872,2011-09-18 10:09:46
41,39.9228983,116.2049066,2009-06-10 08:52:12
41,39.8658116,116.2678299,2009-06-09 01:48:02
0,31.194716,121.436452,2009-05-22 11:46:40
85,40.058886,116.387259,2009-09-14 14:52:17
26,39.998773,116.331337,2009-04-15 02:05:22
39,40.046661,116.301502,2009-06-10 03:48:01
126,39.962029,117.461929,2008-08-08 00:10:07
39,39.904936,116.451491,2009-04-14 11:22:11
17,39.9673816,116.4315716,2009-05-25 07:43:09
167,39.969297,116.419855,2008-12-14 12:49:22
153,39.985549,116.449501,2010-10-21 00:12:52
17,39.9848149,116.3220683,2009-04-02 11:14:04
128,40.0755299,116.3276416,2010-08-04 13:26:25
42,39.9105699,116.455275,2009-03-10 10:43:26
153,39.9327216,116.4646799,2008-06-01 05:41:35
153,40.274929,116.245257,2010-06-15 06:33:39
27,33.32754,116.315514,2009-01-23 09:00:54
4,39.968486,116.301262,2009-07-26 04:43:47
153,48.871373,2.343101,2009-04-26 11:18:54
163,40.031371777,116.406987039,2011-11-22 17:15:35
119,39.966211,116.48379,2008-09-27 04:20:22
167,39.985952,116.373803,2008-09-30 13:19:13
128,39.9800033,116.3098249,2009-03-29 08:00:13
96,40.008193,116.319283,2008-08-28 11:47:05
35,40.000718,116.31243,2009-02-16 22:05:17
16,40.004519,116.331134,2008-11-11 09:15:50
35,40.005005,116.312693,2009-02-15 22:01:14
128,39.9749466,116.4559166,2010-06-24 12:43:12
30,39.941444,116.78961,2009-05-29 07:26:07
83,39.9800966,116.4030883,2009-02-21 15:35:29
22,39.973471,116.333655,2009-07-07 18:39:01
25,40.3602316,116.6110516,2009-04-18 05:23:45
10,39.90594,116.441064,2009-03-15 12:04:14
35,39.990383,116.330399,2009-03-07 11:47:14
22,39.979499,116.306046,2009-04-29 08:04:27
22,39.973348,116.33198,2009-07-24 04:37:39
17,39.967515,116.3977783,2009-01-13 07:29:29
163,39.874871,116.45502,2011-04-04 05:54:15
96,40.00751,116.319526,2008-10-01 14:16:59
62,39.8573716,116.431955,2008-08-03 07:18:56
41,39.8865283,116.1108699,2009-05-19 04:24:43
128,40.0699283,116.3153899,2008-06-06 12:40:03
20,39.9780233333333,116.305098333333,2011-09-02 15:32:44
153,39.648644,116.317349,2011-04-03 05:14:09
52,39.983675,116.303329,2008-05-21 07:21:05
85,40.066132,116.404857,2009-08-27 20:45:43
62,39.9252466,116.44454,2008-10-16 06:27:51
153,36.0895433,114.3339133,2008-05-09 04:27:38
41,39.8771133,116.2820633,2009-05-10 22:07:23
153,39.96882,116.46491,2009-09-26 10:25:02
3,40.011074,116.321897,2009-04-10 17:13:33
141,39.9768833333333,116.331115,2011-09-09 11:59:04
30,39.906747,116.502868,2009-03-15 11:15:14
153,39.916714,116.471957,2009-06-01 00:28:45
153,40.281403,116.074756,2010-05-14 11:10:46
41,39.777155,116.3102116,2009-05-23 04:06:17
179,40.084089,116.320914,2008-11-07 09:09:26
153,44.518016,11.292596,2009-05-02 14:33:41
30,40.00088,116.318007,2009-01-21 02:50:42
167,39.819933,119.482173,2008-06-09 04:49:04
10,34.391883,92.67273,2008-10-01 00:49:24
4,39.983042,116.443521,2009-05-23 12:50:22
17,40.9048533,117.31629,2009-01-30 04:04:07
17,39.9309416,116.3479383,2009-06-19 03:13:00
3,40.04111,116.301261,2008-11-08 02:12:38
41,39.8288549,116.3164083,2009-04-29 01:01:04
153,39.9186,116.471976,2009-01-07 10:31:01
10,40.040536,116.333109,2009-01-16 01:58:03
52,39.985188,116.35272,2008-05-25 21:16:13
179,40.003446,116.320424,2008-11-06 05:06:10
163,22.995936089,120.203788363,2012-05-12 19:16:57
20,39.9797516666667,116.325103333333,2011-11-01 01:47:34
13,39.494987,118.676066,2008-10-01 07:43:24
85,39.856718,116.128303,2008-11-15 01:51:05
37,39.9809166,116.3098383,2009-04-15 02:21:26
29,39.828408,116.485598,2009-03-08 23:56:52
148,30.63648,114.303498333333,2011-05-14 22:46:51
68,30.533214,114.296009,2009-07-31 12:32:08
65,39.96644,116.320156666667,2011-09-08 04:49:05
28,41.523732,117.743765,2009-01-31 03:28:47
128,40.0548816,116.2962349,2008-10-08 02:05:46
14,39.9780983,116.3188783,2008-11-14 12:44:33
3,40.006672,116.322202,2008-11-11 04:14:35
85,39.975728,116.331007,2008-10-10 10:48:44
115,39.9690833,116.5179449,2008-05-25 23:42:44
22,39.974499,116.305114,2009-02-11 15:47:13
144,36.659478,101.495666,2009-07-05 01:00:03
4,39.968703,116.311589,2009-06-07 11:32:16
14,39.9993583,116.3743166,2008-11-12 12:00:24
52,40.006595,116.401534,2008-09-01 11:47:02
85,39.904907,116.337058,2008-11-26 02:25:06
34,39.9765983,116.2997133,2009-02-12 04:19:29
85,39.936684,116.329515,2009-04-19 23:03:37
17,39.8956966,116.2732949,2008-11-05 04:11:25
153,40.253762,116.238753,2010-06-15 04:14:39
89,39.98493,116.440085,2008-05-11 06:43:42
22,39.973392,116.334326,2009-04-10 03:27:27
179,40.00725,116.319224,2008-09-11 21:12:08
141,39.9749216666667,116.310105,2011-09-23 10:36:03
131,40.0932733,116.479,2009-04-21 10:51:41
41,39.8046083,116.6950466,2009-04-29 05:51:30
169,39.960746,116.477658,2010-05-30 10:46:07
153,42.417894,117.246389,2010-08-07 04:52:18
153,39.911218,116.472081,2009-06-26 00:44:02
3,32.016744,120.861641,2009-01-23 07:51:18
68,39.962407,116.411723,2009-03-10 10:29:33
38,39.9684266,116.3094016,2009-02-28 04:41:41
153,39.926063,116.304201,2008-09-08 09:44:43
141,40.358165,116.003788333333,2011-10-23 03:37:55
125,40.007297,116.322146,2008-05-23 15:43:50
155,39.913239,116.353755,2009-07-31 00:48:05
3,39.992697,116.321836,2008-11-18 08:34:56
6,39.974106,116.34234,2008-12-04 13:34:41
68,39.99187,116.417629,2009-05-15 13:40:01
24,40.028601,116.521036,2009-03-18 05:49:41
167,39.999788,116.325324,2008-05-29 15:57:05
144,39.895773,116.320638,2009-05-26 05:55:23
10,30.29874,118.146427,2007-12-28 18:33:49
67,39.9532333333333,119.615095,2011-06-04 09:14:23
10,38.071173,114.290455,2007-10-22 01:43:23
41,39.8692966,116.3747333,2009-05-26 00:13:43
4,39.999815,116.32605,2009-01-09 19:31:21
126,39.927582,116.455805,2008-08-10 12:46:56
165,39.9914183333333,116.328231666667,2011-11-19 02:03:32
26,37.974672,113.89709,2009-02-18 08:54:55
7,39.980398,116.339557,2008-11-20 16:55:10
165,39.97648,116.304925,2011-11-04 01:17:16
85,39.980861,116.329302,2008-11-09 19:50:02
153,32.711589,-117.164641,2011-08-17 22:20:31
163,42.493206,117.252268,2010-08-07 05:14:37
85,39.980816,116.327865,2008-05-30 21:37:41
81,40.029501,116.268122,2008-05-23 02:17:47
82,40.052223,116.400729,2009-05-05 14:51:41
163,39.986106716,116.363078961,2012-05-31 09:34:02
41,39.6727233,116.3060833,2009-05-04 00:45:12
68,39.906815,116.512638,2009-07-04 15:37:11
19,39.8831183,116.4350149,2008-11-14 00:14:52
153,40.0311,116.415023,2009-01-17 13:24:51
41,40.1416416,116.6018816,2009-04-02 01:56:47
163,39.839838,116.470766,2010-04-03 09:04:43
5,39.963708,116.359947,2008-11-27 10:04:28
75,30.6037516666667,121.131591666667,2011-09-30 18:43:29
13,40.007223,116.281952,2008-10-31 09:01:27
41,39.6939432,116.3231599,2009-05-22 01:02:34
78,40.014612,116.543016,2008-05-30 09:31:43
68,39.969209,116.419862,2008-11-25 10:16:59
5,40.011436,116.321318,2008-11-01 12:12:40
88,39.9775916,116.3633716,2008-10-08 01:05:59
128,40.0776533,116.3269649,2009-08-14 00:30:50
126,40.200947,115.999927,2008-07-27 02:35:07
41,39.8189666,116.4999833,2009-05-18 10:45:44
44,39.976192,116.333025,2009-04-08 01:39:40
68,39.936081,116.420386,2008-10-28 07:21:05
51,39.8384366,116.4216483,2007-12-15 21:39:52
168,39.979625,116.303464,2011-07-17 22:57:25
52,39.984916,116.346745,2008-05-31 13:10:56
130,39.812912,116.338702,2009-07-12 14:35:19
141,39.9788266666667,116.305363333333,2011-08-30 00:49:54
67,40.036509,116.59544,2011-02-08 22:34:42
84,39.975263,116.330037,2008-08-21 00:09:56
17,40.0076649,116.3565166,2009-07-04 06:40:13
153,39.974247,116.330375,2008-10-01 11:24:17
128,39.9796833333333,116.386216666667,2007-05-06 07:38:00
17,40.4621166,117.0221583,2009-01-24 02:18:08
10,32.500963,118.211383,2008-12-20 14:22:47
128,39.9757016,116.3315549,2010-05-31 12:45:19
26,39.217415,115.760067,2009-02-18 12:17:39
41,39.9451283,116.2784683,2009-02-25 06:31:17
68,39.969219,116.420021,2008-10-05 14:17:14
159,39.97892,116.33096,2012-04-08 14:40:55
41,39.9033249,116.2663216,2009-05-07 10:37:41
41,39.7735083,116.4177616,2009-05-18 10:52:22
68,39.944212,116.419447,2009-07-28 05:09:36
140,39.9664833,116.3593216,2009-06-23 18:10:37
103,39.982155,116.3471999,2008-09-19 06:51:58
40,39.972899,116.33306,2009-04-12 06:42:15
82,40.0696,116.342237,2009-03-24 00:50:56
168,28.676293,113.038583,2009-09-30 19:49:50
67,39.9766416666667,116.305005,2011-04-23 04:27:54
10,43.124332,88.774167,2008-04-04 03:33:02
128,40.4482316,115.9290483,2010-08-08 04:05:31
140,39.9505049,116.4557066,2009-06-06 01:20:24
67,30.9589333333333,113.922526666667,2011-05-22 13:18:15
10,36.949641,98.465866,2008-09-30 07:21:27
153,39.967512,116.345344,2008-07-22 09:42:52
50,39.9852562,116.293975833333,2009-08-08 12:10:25
68,39.961061,116.37972,2008-10-04 14:03:38
50,39.9897766166667,116.174659733333,2009-08-18 06:53:47
17,39.9861783,116.37542,2008-11-17 08:01:21
28,39.960822,116.104682,2009-04-13 11:09:42
22,39.969164,116.305659,2009-03-21 07:30:54
67,39.915421,116.304389,2011-03-26 09:24:38
64,39.983265,116.30821,2008-08-28 15:44:32
17,39.9845716,116.3143416,2009-03-13 10:24:49
24,40.232658,116.519179,2009-01-13 09:19:31
167,39.987045,116.408577,2008-09-30 13:29:29
167,39.987141,116.401467,2008-06-09 15:58:32
41,39.888155,116.2877666,2009-05-14 06:59:42
144,39.902132,116.439947,2009-09-04 05:26:26
50,39.8949279833333,116.303680416667,2009-08-19 07:03:28
10,40.428649,115.955668,2008-12-27 08:52:39
153,33.415366,-117.603262,2011-08-24 15:34:40
50,39.9056053161621,116.490661621094,2009-08-07 16:46:11
1,39.966238,116.336834,2008-12-09 05:15:21
13,39.975388,116.362803,2009-01-16 09:36:18
30,40.003946,116.317836,2009-01-20 06:34:52
163,39.93708,116.349667,2011-05-15 05:58:30
78,39.9753849,116.3305049,2008-05-29 15:59:27
22,40.058113,116.404275,2009-07-20 08:25:43
124,31.706885,91.657056,2008-10-02 04:50:45
14,39.9865466,116.3196483,2008-12-24 09:10:24
103,39.9289916,116.2980549,2008-09-20 10:54:39
71,39.97518,116.318758333333,2012-05-11 14:11:35
4,39.895811,116.259047,2009-02-26 04:22:00
84,39.981385,116.328052,2008-08-25 14:46:43
128,40.1345166,116.1335016,2008-05-10 07:57:45
25,31.5815666,120.3074766,2009-01-22 05:47:16
10,39.084743,117.362017,2008-06-15 22:39:15
153,39.804642,116.444883,2010-04-03 08:48:12
163,40.102709,113.295889,2011-04-30 05:37:07
22,39.961343,116.316411,2009-02-13 08:27:06
153,39.97701,116.30481,2011-04-22 10:25:43
96,40.00832,116.319377,2008-07-17 18:24:55
179,39.915409,116.367447,2008-08-22 07:10:30
150,39.9779833333333,116.340733333333,2007-08-07 10:41:47
41,40.0215533,116.2783799,2009-02-18 22:36:04
96,39.986806,116.326377,2008-10-16 03:40:06
20,39.9783283333333,116.332116666667,2011-11-20 16:19:17
42,40.0226299,116.5060133,2009-04-09 03:06:53
110,39.958715,116.3169249,2008-01-07 10:58:55
153,33.680576,-118.032898,2010-11-07 14:04:53
68,39.950678,116.349137,2009-07-29 00:40:33
140,39.9851466,116.3404333,2009-05-19 09:00:21
174,39.9710333333333,116.303833333333,2008-01-11 05:19:34
68,39.977962,116.418172,2008-10-10 13:47:08
10,39.15692,117.145939,2008-06-20 12:26:22
153,39.836944242,116.462333784,2012-01-23 18:04:33
17,40.11409,116.2709,2008-12-05 09:11:59
84,34.240768,108.927289,2008-09-28 04:48:44
85,39.981054,116.329271,2008-11-05 22:36:25
163,25.276118,110.257522,2010-12-23 05:32:26
62,39.9877983,116.4330599,2008-09-07 07:02:19
52,39.98488,116.352518,2008-07-02 14:35:48
73,39.9750149,116.3280433,2008-08-01 02:08:04
34,40.0286916,116.3450816,2009-02-20 11:41:15
35,39.981644,116.321085,2009-04-08 21:27:26
22,39.973938,116.333895,2009-04-22 05:19:15
163,38.777967,115.000867,2011-05-02 10:21:07
25,39.8963933,116.3424349,2009-02-07 03:14:47
14,39.9639566,116.3524899,2008-11-10 00:16:39
141,39.9912966666667,116.305243333333,2011-10-08 10:26:59
17,40.81289,117.370065,2009-01-28 02:29:39
17,40.250175,116.5462766,2009-01-31 09:32:51
13,40.167295,116.12903,2008-10-28 02:20:21
10,35.716406,94.10703,2008-09-30 22:12:40
14,40.0914699,116.4760216,2008-12-24 10:18:27
67,39.908231,116.317576,2011-03-26 02:40:43
36,39.91693,116.347483,2009-07-10 03:18:52
8,39.966156,116.354099,2008-12-06 06:34:03
126,39.966435,116.360855,2008-09-04 13:44:19
119,39.927033,116.471058,2008-09-09 17:32:07
94,40.0102333333333,116.467183333333,2007-08-06 09:57:40
128,32.9724383,114.0147949,2008-05-06 02:02:48
135,26.388926,111.620377,2009-01-26 06:51:38
10,39.922425,116.47342,2007-09-03 09:54:58
20,39.974915,116.328995,2011-10-13 01:47:57
13,39.97508,116.339794,2008-12-09 23:55:53
163,36.206553,114.33213,2008-05-01 08:00:56
128,40.4443016,116.3290816,2010-09-11 06:18:06
153,39.986664,116.48365,2008-11-11 05:42:58
4,40.005459,116.324247,2008-12-16 23:57:45
84,40.39787,115.911095,2009-04-18 06:41:48
40,39.951304,116.361914,2009-03-23 18:34:12
62,39.9678733,116.4174266,2008-11-06 01:44:46
22,39.990996,116.309986,2009-02-20 07:19:26
140,39.9927366,116.4109599,2009-06-12 20:01:06
155,39.977939,116.331218,2009-07-20 12:01:38
152,39.940893,116.346964,2008-08-22 02:48:39
126,39.9875283,116.4165766,2008-05-18 14:10:37
140,28.7292883,115.9012949,2009-01-28 06:09:50
101,40.0144799,116.3116949,2008-06-29 11:49:16
62,39.9999766,116.3111849,2008-09-08 09:42:45
12,39.981324,116.328119,2008-11-09 05:57:22
179,40.088977,116.299142,2008-10-21 11:38:22
167,39.980631,116.327065,2008-05-29 01:42:28
30,39.972619,116.334912,2009-05-02 07:09:56
20,39.9798566666667,116.318691666667,2011-10-25 01:31:55
153,39.9905866,116.3920633,2008-05-23 10:31:35
85,39.927891,116.337769,2009-04-29 09:30:40
65,39.9046866666667,116.025085,2011-10-05 04:48:30
30,40.004222,116.316743,2009-01-22 00:49:31
34,40.0327233,116.2783849,2009-02-15 11:21:54
4,39.990329,116.328753,2009-03-07 12:24:45
29,39.942247,116.331452,2009-03-21 05:04:38
128,42.104845,127.7233766,2009-10-04 05:23:55
91,39.9808333333333,116.327483333333,2007-11-16 07:38:40
38,39.9680416,116.3089716,2009-02-20 12:07:12
41,39.9720899,116.2753299,2009-02-18 23:03:04
163,32.841911,-117.236455,2011-08-17 22:09:19
153,32.711542,-117.165864,2011-08-21 02:50:14
153,30.167992674,120.309821535,2011-11-04 16:32:07
68,39.976411,116.214453,2009-08-05 22:09:57
64,39.967286,116.386961,2008-08-16 09:51:32
140,39.9941166,116.40332,2008-09-13 07:09:04
84,39.98095,116.328175,2008-09-24 12:20:41
30,40.002141,116.315973,2009-01-21 02:19:26
34,40.0733049,116.3073883,2009-02-15 04:55:17
144,8.071547,98.343229,2009-03-22 02:21:21
12,39.988259,116.319864,2008-11-13 10:24:41
144,29.715666,121.198388,2009-08-25 13:12:41
144,36.061377,120.306238,2009-05-28 12:02:32
41,40.2087216,116.5596366,2009-06-10 03:17:32
128,37.2467633,116.4676449,2010-02-07 08:20:46
67,39.9328533333333,119.597506666667,2011-06-06 05:06:53
10,39.248903,117.13965,2007-09-10 21:37:26
153,39.980279,116.449119,2010-08-17 23:57:45
82,42.508121,119.13541,2008-08-01 09:12:08
24,39.975664,116.51315,2009-02-25 04:25:01
25,40.1151116,116.4056366,2009-04-05 08:34:06
153,39.928355,116.472004,2008-11-08 02:36:58
85,39.90266,116.385386,2008-11-01 08:13:48
153,40.003605573,116.456191289,2012-05-05 12:53:56
14,39.98778,116.3809483,2008-11-09 23:49:40
44,39.973219,116.333476,2009-04-10 06:17:36
119,39.968071,116.483977,2008-09-27 14:11:27
84,39.975126,116.338705,2008-09-19 10:30:48
153,39.937319,116.483463,2008-11-16 09:28:43
141,39.9932666666667,116.309068333333,2011-09-02 10:57:24
23,28.304025,112.971953333333,2009-01-16 23:21:19
153,39.979431,116.448476,2010-05-16 23:51:59
30,39.906626,116.502653,2009-06-05 12:31:33
68,39.969393,116.419925,2009-07-02 09:38:51
36,39.980048,116.341501,2009-04-24 15:08:28
82,40.051642,116.406646,2009-03-16 14:40:30
50,39.86984635,116.272819516667,2009-08-06 03:44:23
68,39.995988,116.308884,2009-07-11 14:08:59
68,40.044511,116.252379,2009-08-14 19:28:16
128,50.2571316,-141.8759333,2009-02-22 17:25:10
163,39.970493,116.345457,2008-05-19 01:30:50
128,40.07353,116.3281199,2010-01-17 14:02:32
15,39.906779,116.501488,2009-03-01 23:34:56
48,40.96723,117.930513,2009-09-02 20:41:37
35,39.978163,116.30075,2009-03-19 03:34:30
128,50.7625382,-146.6197666,2009-02-22 17:01:26
3,40.010759,116.32369,2008-12-14 14:13:58
10,39.900195,116.4161,2009-02-14 08:25:34
128,40.0713766,116.3287766,2008-09-09 01:11:43
85,39.980938,116.329391,2008-11-16 06:36:08
29,39.820936,116.495098,2009-01-22 00:04:10
38,39.9687533,116.30704,2009-02-17 10:05:13
163,39.980298,116.474802,2009-01-19 01:42:19
52,40.351155,96.948352,2008-08-03 17:53:50
153,39.909466,116.471943,2008-09-22 00:32:15
144,29.7550316,105.7942416,2008-11-08 03:52:47
163,25.096636,110.438045,2010-12-24 04:33:26
64,39.985409,116.299855,2008-08-28 11:31:46
125,27.299901,112.955686,2008-08-28 01:09:32
17,39.9637783,116.3471833,2008-11-10 08:08:18
17,40.0071833,116.3461666,2008-12-10 00:00:18
39,40.037806,116.333844,2009-05-11 07:28:07
34,40.0278683,116.3424266,2009-04-20 01:54:23
112,39.97514,116.3270683,2008-04-14 12:04:23
128,40.0739499,116.3282199,2010-03-02 13:59:36
26,39.761756,116.168036,2009-02-18 12:54:35
52,39.996165,116.40148,2008-09-02 08:39:03
42,39.9933216,116.3269133,2008-11-16 15:24:03
131,39.98628,116.3734166,2009-07-02 08:21:55
153,30.248160169,120.16301665,2011-12-09 12:37:51
11,39.9829216,116.3554466,2008-12-07 06:12:14
3,40.0114,116.321679,2008-12-02 23:45:21
141,39.97611,116.331865,2011-10-08 11:27:11
159,39.9783066666667,116.330753333333,2012-03-30 23:38:02
17,39.9756449,116.3984216,2009-03-16 09:58:15
41,39.9462049,116.2887816,2009-02-20 11:59:11
67,39.8081316666667,116.269441666667,2011-06-17 02:26:59
128,39.8984016,116.3922433,2009-05-17 03:02:57
85,40.042864,116.40472,2008-05-25 09:42:45
141,40.0590483333333,116.318925,2011-10-23 01:16:45
65,39.9768183333333,116.328225,2011-09-09 14:18:57
85,39.966956,116.328121,2008-05-19 04:22:03
144,40.444882,117.008105,2009-08-08 23:17:29
50,39.9361610412598,116.304420471191,2009-08-19 16:40:37
71,43.6815766666667,125.025118333333,2012-01-02 07:38:42
26,38.777703,115.264022,2009-02-18 11:31:35
125,40.009807,116.374515,2008-08-20 09:42:29
128,39.6181033,116.86247,2010-02-06 22:11:21
41,39.9186283,116.2692166,2009-06-17 10:10:14
25,39.9879166,116.3004066,2009-06-15 13:28:14
167,39.975388,116.335607,2008-06-14 14:10:56
25,18.2576699,109.5017749,2009-02-09 11:46:07
163,39.86554,116.49016,2008-06-20 02:17:59
156,40.123227,116.262416,2009-07-09 10:11:52
85,40.043353,116.305936,2009-09-18 10:52:02
153,39.934784,116.455608,2009-08-07 02:16:50
38,39.9688816,116.3058916,2009-03-24 22:36:07
17,39.9751966,116.3526433,2008-12-23 10:20:09
167,39.9781916,116.3272266,2008-04-14 11:48:22
168,27.921188,113.069427,2009-09-30 21:05:23
67,39.978893,116.332754,2011-03-13 04:20:41
25,31.2246016,121.44047,2009-01-15 04:55:46
68,39.978399,116.41668,2008-10-14 05:26:40
67,40.0332583333333,116.313398333333,2011-04-23 15:00:59
141,40.356425,116.00063,2011-10-23 04:07:20
153,32.9731399,114.0218699,2008-05-04 00:48:01
1,39.980621,116.327236,2008-10-27 00:30:40
28,39.938116,116.319334,2009-04-20 09:43:05
68,39.898238,116.339982,2009-06-13 12:09:55
29,39.831608,116.482292,2009-02-11 23:52:50
128,40.0765049,116.3253133,2008-09-27 11:59:56
128,39.7956683,119.4185183,2008-08-09 11:40:57
14,40.05055,116.4764183,2008-10-30 23:56:16
10,40.181966,116.195401,2009-02-14 03:07:03
78,40.015371,116.542259,2008-05-30 09:39:16
144,36.544991,100.611467,2009-07-05 07:49:51
10,40.163183,116.219295,2009-03-07 08:08:28
153,25.59512,110.078545,2010-12-25 08:58:46
2,39.94051,116.311998,2009-01-01 06:51:10
65,40.00109,116.325306666667,2011-10-25 09:15:37
153,39.932733,116.45726,2008-09-13 08:01:57
3,39.987195,116.298961,2009-04-12 13:51:50
96,40.087158,116.305738,2008-08-31 10:48:06
67,39.9779183333333,116.333823333333,2011-04-09 14:49:21
67,34.3482366666667,117.241401666667,2011-05-20 20:28:57
52,39.939348,116.267888,2008-05-22 10:25:16
10,39.155238,117.116591,2008-06-18 17:25:29
132,29.873046,121.557778,2010-02-17 10:57:47
41,39.8636699,116.259955,2009-05-03 09:31:13
36,39.977414,116.339636,2009-03-06 17:47:10
179,39.982662,116.308959,2008-08-28 06:02:29
126,39.876396,117.749835,2008-06-07 02:16:12
68,39.906467,116.400168,2009-01-02 05:31:22
167,39.972732,116.418286,2008-05-31 05:27:48
128,39.8953099,116.314945,2008-05-01 04:12:08
44,39.973203,116.333852,2009-04-13 02:52:54
36,39.981979,116.34612,2009-03-12 11:24:51
125,39.991225,116.327188,2008-10-06 15:32:00
167,40.004896,116.320792,2009-01-18 13:53:03
155,40.051915,116.40526,2009-06-02 14:03:14
124,34.288006,92.511315,2008-10-02 09:23:11
74,25.9385866666667,115.576301666667,2012-01-19 02:58:47
179,40.05316,116.322864,2008-11-07 09:28:52
17,40.0267066,116.4031216,2009-05-23 04:38:30
128,40.07154,116.3287433,2009-09-24 13:49:08
153,43.771791,125.438423,2010-03-20 02:46:12
168,40.021698,116.353677,2011-08-13 02:41:06
137,33.96592,115.790569,2011-01-28 07:55:44
92,39.9712283,116.3030466,2008-07-03 05:41:19
0,39.998331,116.321599,2009-04-11 05:48:18
126,40.0010983,116.3975316,2008-05-23 07:21:55
128,39.9083283,116.4717866,2008-05-28 11:14:42
163,40.38415,117.0159,2010-08-08 10:22:48
20,39.9780066666667,116.331618333333,2011-11-30 15:30:53
13,39.957856,116.420375,2009-01-17 10:11:34
52,39.984995,116.352872,2008-06-09 14:38:13
14,39.98479,116.3201533,2008-10-25 11:42:55
165,39.9745,116.303486666667,2011-11-21 01:34:43
35,39.990437,116.330216,2009-02-27 12:16:18
163,22.27930773,114.161107741,2012-05-08 11:23:01
71,39.98038,116.335315,2012-04-30 12:42:32
128,40.0517166,116.4045883,2009-08-01 02:54:54
3,40.009049,116.324,2009-04-11 05:27:08
85,39.980896,116.329312,2008-11-09 22:20:08
153,40.210152,116.27697,2010-06-15 03:49:35
144,8.342884,98.433766,2009-03-22 04:05:30
35,39.981695,116.321299,2009-04-01 08:48:19
12,32.110579,118.748368,2008-11-14 22:26:26
126,39.9866416,116.3761299,2008-07-12 14:39:26
41,39.9334083,116.2686116,2009-02-20 11:53:53
35,39.990397,116.330084,2009-03-20 11:38:33
55,39.9746716666667,116.331215,2011-09-02 12:39:26
52,40.000147,116.379268,2008-07-24 07:59:15
3,39.99106,116.318485,2009-04-03 10:02:20
41,40.1163433,116.6364283,2009-04-23 07:34:28
22,39.969464,116.300832,2009-03-05 01:01:24
65,39.9752066666667,116.32093,2011-09-16 01:01:54
153,39.94864,116.402273,2010-02-14 05:46:25
153,39.988522,116.47628,2010-03-28 05:34:02
153,39.99999,116.457448,2010-02-25 00:15:38
172,59.9125299,-149.3799349,2008-06-28 00:40:12
41,39.8623266,116.6389016,2009-04-09 01:56:38
126,40.198336,116.21948,2008-07-27 02:04:32
74,39.9746633333333,116.310941666667,2012-01-11 14:24:29
30,39.926578,116.728943,2009-02-02 09:08:41
3,39.930077,116.421499,2008-12-11 04:39:37
41,39.8465283,116.4782766,2009-05-20 07:34:49
85,39.932736,116.42968,2008-07-22 00:31:21
100,39.974487545,116.30794917,2011-07-29 15:30:39
128,22.2812416,114.1786866,2008-11-20 10:20:40
153,39.974277,116.443915,2011-01-01 09:55:48
153,34.054942,-118.45066,2010-11-07 02:33:31
68,40.058186,116.336457,2008-10-21 01:54:44
30,39.889631,116.357166,2009-05-01 01:24:53
19,39.9910199,116.3107299,2008-11-22 07:18:12
153,40.040188,113.840007,2011-04-30 03:09:35
10,36.997414,98.674898,2008-10-02 20:01:07
2,39.917075,116.339121,2009-02-17 11:22:21
141,39.97446,116.302821666667,2011-10-09 11:28:25
67,39.9156416666667,116.447011666667,2011-06-17 12:28:23
153,40.030161,116.435569,2011-09-01 23:32:44
71,43.3492583333333,124.598461666667,2011-12-31 21:22:36
68,39.883741,116.448679,2009-08-25 07:35:38
163,39.8672733,116.4879016,2008-06-20 07:29:18
10,20.786598,110.005833,2007-09-21 15:21:42
3,39.99648,116.326804,2009-06-14 09:18:05
3,32.005191,120.851422,2009-01-26 00:33:45
3,32.002512,120.923234,2009-01-29 08:13:27
30,39.908086,116.531972,2009-05-22 12:23:27
4,40.004259,116.321975,2008-12-01 10:03:44
126,40.3875333,116.8517716,2008-05-11 06:13:56
79,39.925817,116.349915,2010-05-29 14:11:17
9,40.002995,116.343955,2008-12-03 11:33:55
36,39.966709,116.383228,2009-02-21 01:29:17
38,39.8833849,116.4673366,2009-07-23 09:09:10
163,39.995460835,116.451549257,2012-04-22 12:13:56
25,40.1601916,116.4020833,2009-04-05 02:33:49
31,40.033197,116.56889,2009-01-23 07:49:20
62,30.5928299,104.1400549,2008-10-01 07:23:39
153,30.158265991,120.277912846,2011-11-04 15:36:55
30,39.999816,116.321977,2009-03-06 11:33:55
4,39.999191,116.312572,2009-03-25 04:47:50
3,39.997528,116.326693,2009-06-12 11:24:25
168,34.563731,108.215582,2011-07-31 08:53:56
3,39.999996,116.327387,2009-04-10 14:04:43
65,39.9814633333333,116.328338333333,2011-09-11 13:35:37
153,39.990865,116.310281,2009-08-10 03:07:48
52,39.991913,116.342502,2008-07-23 10:10:37
38,39.9682,116.3011133,2009-02-17 03:02:52
10,39.880828,116.304804,2008-12-07 11:59:46
167,39.760464,117.330612,2008-08-10 10:41:04
153,39.995941,116.386924,2011-05-14 12:25:30
126,39.761132,117.8215,2008-08-10 10:01:12
153,39.991584448,116.450913907,2012-04-07 12:56:48
163,39.948093,116.417273,2011-01-29 15:48:06
43,39.812147,116.569801,2009-06-17 01:52:39
43,39.943035,116.316572,2009-02-15 06:32:21
168,26.897058,112.539865,2009-10-02 06:21:13
163,39.980304,116.447187,2011-05-06 12:31:18
1,39.996192,116.327102,2008-11-04 00:21:09
153,39.976837,116.310823,2008-08-07 13:29:11
17,39.9662383,116.4687983,2008-11-22 10:36:08
62,40.0061666,116.3025616,2008-08-07 06:59:34
126,40.23833,115.962448,2008-07-27 05:35:12
82,47.630173,-122.136886,2008-08-05 15:32:13
68,39.999156,116.343843,2009-06-21 07:08:40
68,39.992824,116.400898,2008-11-30 03:03:44
41,40.0247866,116.2867633,2009-06-02 10:42:44
3,39.797697,116.259794,2009-04-10 08:47:38
135,26.88729,112.630844,2009-01-25 01:38:02
128,26.0237249,116.3318949,2010-10-01 08:36:36
33,39.951772,116.360984,2009-01-09 21:26:01
68,30.547605,114.293837,2009-07-30 13:56:58
24,39.890543,116.234981,2009-05-16 08:09:10
153,33.657302,-118.002974,2010-11-07 14:28:37
163,24.456212316,118.07250974,2011-12-18 19:44:51
41,39.8882183,116.3044216,2009-06-23 22:04:43
30,39.936114,116.336574,2009-01-22 02:19:44
68,39.758029,116.334339,2009-06-08 10:30:16
33,39.96123,116.340555,2009-01-12 15:39:07
30,40.009737,116.315254,2009-06-12 17:51:54
141,39.9771983333333,116.303596666667,2011-09-05 00:50:18
144,41.103481,114.709105,2009-08-01 07:07:26
17,40.0210566,116.3452766,2009-01-16 04:42:13
17,39.9116349,116.3602049,2009-03-06 05:12:10
41,40.0034866,116.2826583,2009-05-13 22:22:00
153,39.971613,116.483635,2010-12-01 02:34:12
9,40.007879,116.344653,2008-12-01 00:19:06
30,40.006739,116.320233,2009-05-28 09:58:34
7,40.088429,116.104606,2008-11-14 07:00:57
126,39.98066,116.327122,2008-11-25 04:55:47
67,39.894875,116.221461666667,2011-05-22 22:53:40
17,40.04087,116.4056366,2009-04-09 10:14:25
41,39.9982966,116.0913716,2009-05-19 05:08:42
41,39.7861733,116.3415783,2009-04-16 23:39:07
10,39.881148,116.426479,2008-06-18 03:15:13
30,39.999687,116.327085,2009-05-31 09:32:12
35,39.990763,116.330046,2009-02-24 11:53:33
24,40.03199,116.464546,2009-01-22 11:44:38
155,39.990425,116.331903,2009-06-08 13:19:31
84,39.953755,116.22955,2009-04-06 07:46:15
85,39.960179,116.364713,2008-10-10 10:23:03
141,40.026305,116.401866666667,2011-09-10 07:57:08
11,39.9833466,116.3554716,2008-10-11 08:58:27
153,25.122073,110.427155,2010-12-26 02:26:18
144,40.0242566,116.4027733,2009-03-07 04:32:23
14,39.9849983,116.3335466,2009-01-20 10:41:14
153,39.987607,116.432343,2011-04-27 13:59:17
30,39.938053,116.768512,2009-04-15 07:45:27
0,39.985373,116.321052,2009-04-03 09:56:30
17,39.8994183,116.4304583,2008-11-13 07:14:22
125,39.943381,116.345786,2008-06-21 06:56:41
29,39.854865,116.456922,2009-02-20 09:32:36
153,39.978655,116.448214,2010-01-13 09:55:30
20,39.9805566666667,116.30682,2011-08-27 07:10:24
165,39.9664716666667,116.325946666667,2011-11-19 07:05:41
65,39.8760466666667,116.094716666667,2011-10-05 07:18:05
67,39.914129,116.319505,2011-03-26 06:46:41
153,40.580427,117.153625,2009-09-19 13:28:43
25,31.5695266,120.30498,2009-01-13 02:00:00
30,38.98337,116.133109,2009-01-30 03:37:44
74,25.0570683333333,116.409781666667,2012-01-19 08:27:16
41,39.6818366,116.65193,2009-03-18 00:03:44
29,39.864204,116.358976,2009-02-24 22:58:28
163,38.88891938,-77.041984492,2012-04-04 01:16:31
153,40.035981,116.356882,2011-03-13 04:21:54
22,39.991247,116.33015,2009-07-24 14:33:36
167,39.998915,116.3267333,2008-04-17 17:55:44
14,39.9779016,116.3477,2009-03-11 05:27:45
10,37.237163,115.704416,2008-06-20 00:26:34
85,39.909881,116.367892,2008-11-01 05:21:40
100,39.983907996,116.309998624,2011-08-09 14:38:58
10,33.652178,92.054006,2008-10-01 02:01:52
3,39.992342,116.309562,2009-07-02 02:34:15
128,39.9512616,116.3297599,2008-08-25 12:04:46
17,40.0138966,116.3418433,2008-12-17 07:58:13
96,39.991403,116.331188,2008-11-16 07:01:09
163,39.973027331,116.442748695,2012-01-31 08:15:00
167,39.832758,119.475926,2008-08-09 10:58:43
50,39.995083,116.197317,2009-07-07 20:39:24
74,39.9751466666667,116.324451666667,2012-01-09 00:09:39
41,39.8744833,116.2586633,2009-06-17 11:30:55
74,39.97541,116.332485,2012-02-03 00:22:41
169,40.040932,116.405842,2010-05-28 11:28:53
85,39.98088,116.329331,2008-11-16 17:02:10
41,39.7780433,116.1627699,2009-03-02 05:25:22
22,39.901447,116.322632,2009-01-10 05:11:13
14,39.9504066,116.3493733,2009-03-18 08:18:27
17,40.0293566,116.3384716,2008-11-16 14:37:27
41,39.8496066,116.2773649,2009-06-03 03:11:37
153,39.914945,116.471185,2008-11-14 00:05:19
163,39.985438448,116.346520118,2012-04-25 20:50:19
24,40.388491,115.904452,2009-02-27 03:04:09
52,39.967687,116.314293,2008-05-31 10:55:46
10,37.710708,116.414215,2008-06-20 08:23:07
153,40.033058,116.431001,2008-08-23 04:55:52
10,36.549768,115.891604,2008-06-19 23:32:38
153,37.371902,-121.922508,2010-11-04 02:03:45
128,39.9748033,116.37642,2010-08-05 01:18:16
84,39.882278,116.391544,2009-05-01 11:40:34
142,39.980019,116.326994,2008-12-19 13:14:35
24,39.929442,116.26781,2009-01-22 06:12:44
68,39.969235,116.420111,2009-03-23 01:23:30
50,39.93113,116.320127,2009-07-26 08:08:11
135,26.388929,111.6203,2009-01-26 06:30:49
10,32.001,119.586828,2008-12-20 08:21:16
167,39.999588,116.276688,2008-09-29 10:41:50
153,44.978792,-93.177334,2011-08-27 18:30:56
25,39.9847516,116.3477316,2009-04-01 03:32:37
124,35.101006,93.040733,2008-09-30 23:43:38
163,39.994098936,116.461732736,2012-06-02 12:29:22
13,39.976122,116.329042,2008-10-13 04:28:44
10,40.357925,115.996668,2009-03-07 06:59:36
125,39.997637,116.365562,2008-05-23 12:33:26
68,39.978898,116.423834,2008-10-30 03:09:38
131,39.9852299,116.3406983,2009-07-03 09:18:47
10,37.752038,114.540168,2008-09-28 16:08:01
168,40.01769,116.440586,2011-06-18 11:02:56
10,39.991459,116.328863,2008-10-13 00:58:01
17,39.9536749,116.412505,2009-03-16 02:40:07
167,39.969415,116.419887,2008-09-30 14:04:23
163,39.973936,116.443881,2010-11-20 08:02:57
153,43.862066,125.338915,2010-03-10 06:17:34
78,40.017657,116.555064,2008-05-30 07:44:24
41,39.8204316,116.3386799,2009-06-03 03:19:32
30,40.006573,116.318201,2009-07-01 17:23:27
68,39.974955,116.418315,2009-06-07 02:17:37
141,39.979785,116.30661,2011-10-08 00:49:06
26,39.994397,116.331488,2009-02-20 07:11:59
35,39.982142,116.320534,2009-03-19 09:06:05
128,40.0777683,116.327345,2009-07-27 11:51:16
153,43.231045,11.993024,2009-05-04 09:28:19
37,39.9871916,116.39997,2009-03-28 07:07:00
52,39.988752,116.307785,2008-05-25 07:49:07
115,39.98485,116.33195,2008-05-14 10:18:20
10,35.639896,116.872198,2008-06-18 23:39:39
96,39.994908,116.387537,2008-09-07 12:25:21
115,39.908445,116.52659,2008-07-16 07:32:00
25,31.2276683,121.4757449,2009-05-04 07:45:41
17,39.9224866,116.34653,2009-02-23 08:22:58
103,39.9273733,116.3011,2008-09-02 12:56:09
115,39.9888283,116.3809016,2008-05-20 23:41:29
28,39.926985,116.181647,2009-02-05 07:44:10
128,40.0047449,116.3312483,2009-12-14 12:23:16
85,39.974532,116.332219,2008-10-29 12:50:46
153,39.877837,116.407131,2009-04-04 08:23:59
122,39.917657,116.405002,2009-05-16 17:52:11
126,39.968641,116.418729,2008-09-29 13:10:45
153,32.716923,-117.15858,2011-08-18 02:37:33
24,40.371135,115.902942,2009-01-27 13:46:13
30,40.009488,116.320341,2009-03-24 10:03:59
130,39.757581,116.349466,2009-07-12 15:17:56
41,40.0187049,116.5231816,2009-03-30 01:32:00
14,39.9852416,116.3402633,2008-10-25 16:50:36
70,39.63799,118.144779,2008-09-29 12:41:42
45,39.890957,116.342729,2010-06-26 17:53:58
167,40.006193,116.320094,2008-04-27 16:45:03
19,39.9315616,116.4450333,2008-12-08 09:45:43
125,39.979312,116.32866,2008-06-08 01:39:33
115,39.9857666,116.3533133,2008-06-30 00:52:48
128,40.0738166,116.3282916,2010-06-30 00:47:53
41,39.9900983,116.0688299,2009-05-19 04:43:23
144,40.0887999,116.4070216,2009-02-26 13:45:01
22,40.057956,116.403338,2009-07-20 04:19:06
163,24.579705944,117.502340333,2011-12-19 16:42:46
10,39.853438,116.35758,2008-12-07 11:46:38
126,39.965409,116.395934,2008-12-14 06:14:53
128,39.9840333,116.3220599,2009-09-12 09:24:10
140,40.966444,117.931809,2009-09-02 10:56:30
68,39.99274,116.417748,2009-07-13 23:01:13
30,40.000817,116.31946,2009-01-15 08:41:37
42,39.9073266,116.4546966,2009-02-17 02:58:13
153,24.456916472,118.067804626,2011-12-21 12:11:47
153,23.433023901,120.638705911,2012-05-13 10:43:16
153,39.965911,116.338717,2008-08-31 23:43:47
115,39.9752233,116.3279266,2008-05-14 10:07:39
62,39.9785349,116.3085816,2008-08-28 07:27:14
3,37.075116,116.534135,2009-03-22 22:06:27
65,39.9748016666667,116.309701666667,2011-10-19 01:02:11
30,40.00665,116.321323,2009-05-22 05:49:25
168,28.539134,113.018769,2009-09-30 19:58:03
140,43.4038316,116.658475,2009-07-03 12:14:23
39,39.894111,116.453963,2009-04-10 00:56:36
17,39.9732983,116.3480816,2009-03-20 12:00:54
25,39.98611,116.3060649,2009-03-21 06:06:05
132,29.873225,121.553083,2010-02-17 17:27:43
144,39.730545,117.5521,2008-09-30 22:25:06
68,39.963529,116.418661,2009-08-25 09:06:56
15,40.049125,116.303288,2008-11-15 14:20:46
104,39.9377433,116.34077,2008-10-10 17:22:33
68,40.076527,116.305239,2009-08-11 02:33:29
153,41.905062,12.479932,2009-05-05 16:24:41
22,40.057842,116.405035,2009-07-15 15:00:19
179,39.985068,116.302147,2008-10-12 09:35:14
10,39.137698,117.200406,2008-10-16 23:10:18
169,39.97504,116.38176,2010-05-20 10:42:49
41,40.0907266,117.0933699,2009-05-09 00:43:41
62,39.92735,116.3194816,2008-11-05 04:59:15
17,39.9671366,116.4320916,2008-12-03 08:24:45
163,39.985456045,116.342880762,2012-04-27 09:02:40
96,40.004948,116.321951,2008-11-01 03:57:47
85,39.898638,116.34058,2008-10-28 10:29:32
20,39.974735,116.303171666667,2011-09-01 02:08:19
168,40.007124,116.394025,2011-07-21 13:45:49
41,39.7202416,116.6965083,2009-04-29 05:35:24
153,39.911657,116.428051,2010-10-06 09:08:16
3,39.992776,116.326343,2008-12-09 04:11:26
34,40.1409349,116.2560316,2009-04-20 07:09:05
20,39.97953,116.327388333333,2011-12-01 02:02:59
163,42.54724,117.15773,2010-08-08 01:34:55
2,39.905978,116.367829,2008-11-12 12:04:57
167,39.755718,118.747274,2008-08-08 00:57:01
36,39.922554,116.364653,2009-07-02 08:41:16
30,40.007549,116.324075,2009-07-16 03:48:06
65,39.973577342,116.302635153,2011-08-07 20:37:46
41,40.1525466,116.8945083,2009-06-10 06:54:33
10,33.659001,116.986273,2008-06-19 03:21:19
71,39.97908,116.3307,2012-04-07 15:49:16
128,29.7599216,115.9951716,2010-02-08 09:43:07
35,39.981818,116.321158,2009-02-24 07:59:43
25,37.9612466,116.5630199,2009-05-20 00:43:42
41,40.507875,116.6609333,2009-03-04 07:08:32
52,39.985087,116.352457,2008-06-05 03:13:37
167,39.939853,116.443023,2008-10-11 05:54:28
17,39.9999933,116.3466883,2009-06-13 10:43:30
85,39.900187,116.346724,2008-11-28 09:35:41
163,34.290489,113.76646,2008-05-01 10:04:58
35,39.990622,116.330158,2009-02-24 12:50:23
68,39.96786,116.429775,2009-05-02 11:30:15
14,39.9794233,116.3273416,2008-10-30 06:39:00
73,39.9845583,116.3472883,2008-06-20 11:09:19
85,39.981138,116.329038,2008-11-16 07:44:04
10,25.235435,101.22055,2007-10-27 00:11:56
128,40.0764883,116.3260083,2009-11-16 12:13:03
30,39.919759,116.634181,2009-03-06 13:19:47
126,39.974036,116.332495,2008-09-13 04:47:29
41,39.8669933,116.3293116,2009-04-16 00:53:26
17,40.3529366,116.8457699,2009-06-14 09:13:16
25,40.0475733,116.2523,2009-04-23 12:50:46
17,39.9756649,116.3958199,2009-04-20 09:45:26
74,39.9781016666667,116.331506666667,2012-02-02 14:23:28
167,39.995107,116.326488,2008-11-29 04:53:11
67,34.2287433333333,113.771411666667,2011-05-22 16:38:28
41,39.9838783,116.3014816,2009-06-05 05:32:51
144,40.028041,116.431078,2009-09-20 10:12:56
28,39.955945,116.348594,2009-02-12 01:12:13
2,39.902778,116.209971,2008-10-26 05:31:00
163,24.58326891,117.565599946,2011-12-19 09:31:15
25,18.2596433,109.4920466,2009-02-13 10:38:57
4,40.001875,116.324461,2009-03-24 03:49:27
159,39.97851,116.331116666667,2012-04-05 15:40:31
22,40.031164,116.313861,2009-07-15 00:15:59
37,39.8647066,116.4257533,2009-07-15 02:59:14
4,39.960413,116.296282,2009-03-03 00:50:39
153,39.926667,116.349876,2011-05-15 05:55:45
153,43.893367,125.319847,2010-03-09 02:21:18
68,39.996291,116.417338,2009-01-07 08:56:12
96,40.036067,116.313391,2008-11-15 02:53:43
43,39.887816,116.678472,2009-06-23 00:55:58
13,40.168301,116.127956,2008-10-24 23:09:36
14,39.9963599,116.3749566,2009-03-14 07:39:14
68,39.995434,116.417496,2009-01-02 07:27:18
30,40.106705,116.478134,2009-06-04 12:55:13
41,39.9803933,116.2148633,2009-04-10 01:45:23
128,40.0772466,116.33712,2009-08-20 13:33:03
68,39.935156,116.419596,2009-07-28 01:16:18
4,39.96845,116.300948,2009-06-07 10:55:26
128,39.0823399,115.6705383,2008-05-01 05:16:38
163,43.985063,11.215817,2009-05-03 10:20:58
153,43.88933,125.3046,2010-03-26 06:32:23
163,40.508195,115.010949,2011-04-30 01:53:44
144,39.983011,116.445428,2009-06-07 07:22:19
26,37.864323,112.559213,2009-02-01 08:08:02
85,40.06742,116.404707,2009-09-11 21:37:44
22,46.634271,124.900775,2009-01-18 02:56:52
50,39.994634,116.199129,2009-07-21 14:51:06
65,39.9632883333333,116.321406666667,2011-10-14 10:17:43
68,39.960935,116.418798,2009-08-20 04:13:20
128,22.53771,114.0497016,2008-11-23 09:26:00
103,39.9842416,116.2986266,2008-08-29 09:47:20
35,39.981436,116.321242,2009-03-10 00:28:51
57,39.9792166666667,116.34285,2007-08-03 12:36:40
4,39.866335,116.382371,2009-01-20 10:26:21
41,39.9228016,116.2789383,2009-02-24 06:37:19
17,39.9927866,116.3467783,2009-02-17 00:21:16
25,38.9136283,121.623975,2009-06-09 09:11:04
153,39.971994,116.460089,2009-09-26 10:23:44
62,39.98472,116.3066683,2008-08-10 09:22:11
62,30.6593766,104.0880516,2008-09-28 10:01:09
0,31.111256,121.049972,2009-06-28 05:53:27
115,39.8804399,116.4539866,2008-09-02 05:07:43
25,40.0163816,116.3103716,2009-04-07 01:43:07
140,42.3384149,117.468145,2009-07-03 18:19:26
144,40.031175,116.4261533,2008-12-05 10:34:34
37,39.9782799,116.3107299,2009-01-21 08:35:33
35,39.981812,116.321482,2009-04-14 02:04:46
8,40.016944,116.309638,2008-10-29 09:10:57
153,39.9115933,116.367705,2008-06-07 12:48:27
128,39.8981583,116.3649916,2010-12-25 11:10:50
85,39.8763566,116.3426833,2008-09-03 23:34:30
25,18.3000866,109.3388199,2009-02-11 08:29:49
11,39.9847566,116.3342566,2008-11-18 08:55:56
153,39.997607361,116.456644889,2011-10-27 17:49:43
163,25.161566,110.427807,2010-12-24 06:52:38
42,39.6923416,116.3229083,2009-02-26 05:37:46
10,31.443279,91.995829,2008-10-01 06:10:22
41,39.9867266,116.3936616,2009-06-05 05:41:06
143,39.983824,116.477354,2009-09-12 13:09:00
126,39.970998,116.422621,2008-10-02 03:19:01
28,39.948697,116.124919,2009-01-31 09:59:13
25,30.5829466,114.3272066,2009-05-13 06:00:19
140,43.1418733,117.5777699,2009-07-03 14:22:25
36,22.982605,114.238806,2009-02-04 07:42:50
24,40.018045,116.277967,2009-05-16 00:20:35
85,39.991551,116.30974,2008-10-19 06:53:05
114,39.945572,116.26736,2010-06-07 02:07:08
4,39.848425,116.27769,2008-12-04 08:29:05
167,39.978867,116.33492,2008-06-01 05:23:19
126,41.9479633,117.7584166,2008-05-01 17:12:31
62,39.9845749,116.3146449,2008-12-13 10:34:12
41,39.86463,116.2772533,2009-04-17 10:42:23
89,39.987538,116.458669,2008-05-10 11:11:11
52,39.920869,116.258742,2008-06-04 13:12:45
67,39.8243733333333,119.502778333333,2011-06-04 10:10:00
165,39.9754166666667,116.332815,2011-11-03 00:55:40
37,39.9270716,116.3042016,2009-02-20 03:52:44
128,40.2113566,116.263775,2009-09-19 11:39:26
41,39.9252533,116.2454316,2009-05-10 01:59:57
144,36.663028,101.469792,2009-07-05 01:02:23
25,39.9972433,116.2909649,2009-03-20 01:53:24
78,39.974122,116.32721,2008-08-26 02:23:07
67,39.8649001121521,116.490563750267,2010-12-24 19:24:09
26,40.014219,116.311738,2009-03-22 06:00:15
163,41.574353,117.760053,2010-08-08 07:47:21
153,39.990319,116.465861,2010-05-29 06:15:57
26,39.988605,116.309928,2009-04-11 05:23:27
134,39.9844333333333,116.310833333333,2007-04-30 15:05:32
128,39.9843283,116.2958016,2008-05-16 05:56:54
153,43.91395,11.198117,2009-05-03 13:11:12
144,40.027252,116.432967,2009-07-20 20:09:07
128,40.0727466,116.3284083,2009-03-23 15:02:37
85,40.014757,116.322782,2009-09-23 14:23:11
12,39.906159,116.489229,2008-11-09 08:55:57
160,13.507902,103.941447,2010-12-28 15:52:59
22,39.973364,116.332346,2009-04-30 05:24:29
10,34.428413,92.722741,2008-10-01 00:45:02
12,42.018038,126.933568,2008-10-01 10:57:38
153,40.223088,116.19599,2009-07-09 06:12:50
128,39.987255,116.4062016,2009-08-24 10:11:18
141,39.994375,116.304938333333,2011-10-08 10:19:46
10,39.886987,116.429375,2007-09-07 08:49:59
142,39.9104133,116.2679066,2008-05-23 00:22:14
135,29.50599,113.30035,2009-01-24 21:58:39
2,39.932396,116.338043,2008-11-02 07:21:17
30,39.284937,116.250059,2009-01-24 04:57:59
25,31.2498383,121.467985,2009-05-16 04:52:15
152,40.035649,116.304413,2008-08-22 03:28:18
153,24.455452276,118.070438307,2011-12-19 18:31:36
163,39.953812,116.452602,2010-10-18 14:53:31
75,39.9744833333333,116.33117,2011-08-28 21:46:03
17,39.9429916,116.3514933,2009-02-18 01:59:08
